method,fewer_top1_purchases_vs_random_percent,nll_difference_vs_reference
transfer,31.93875866385081,0.10616579513057667
anp,32.61640681382102,0.08227735999110053
finetune,33.60423381982477,0.061780110318203074
adkf_ift,33.866602423888615,0.1201960076247951
cnp,33.960154315750415,0.0888172820300338
anil,34.75750269569996,0.061425006878959354
tnp_d,34.96353781393866,0.08648871590483853
dkt,35.51495274060997,0.11142605674869055
reference,43.32714970548055,0.0
alpaca,43.69354274794984,0.11718410303122584
alpaca_no_offset,44.26753838331802,0.10658844558787328
neural_mean_gp,45.111140143688985,0.08693806147557182
