endpoint,cutoff,dimension,top_k,purchases,pools,groups,endpoints
all,3,-2,1,2.7148056639684977,4625,1724,6
all,3,-2,2,1.8534846101616156,4625,1724,6
all,3,-2,3,1.1788200414692938,4625,1724,6
all,3,-2,4,0.825214751071957,4625,1724,6
all,3,-1,1,3.5361496538669073,4625,1724,6
all,3,-1,2,2.3670782420535104,4625,1724,6
all,3,-1,3,1.518004252343525,4625,1724,6
all,3,-1,4,1.078399693610294,4625,1724,6
all,3,0,1,2.6453548352971707,4625,1724,6
all,3,0,2,1.8314478860943908,4625,1724,6
all,3,0,3,1.1517589636272092,4625,1724,6
all,3,0,4,0.8069441059619287,4625,1724,6
all,3,2,1,2.7501553202871865,4625,1724,6
all,3,2,2,1.8914914541009944,4625,1724,6
all,3,2,3,1.1980440935803025,4625,1724,6
all,3,2,4,0.8490869113954936,4625,1724,6
all,3,4,1,2.767448524556789,4625,1724,6
all,3,4,2,1.9115747758812385,4625,1724,6
all,3,4,3,1.2160069315384985,4625,1724,6
all,3,4,4,0.8602102307757487,4625,1724,6
all,3,8,1,2.768262736217863,4625,1724,6
all,3,8,2,1.8963232564387609,4625,1724,6
all,3,8,3,1.2077227324243331,4625,1724,6
all,3,8,4,0.8476993346530027,4625,1724,6
all,3,16,1,2.78107230559277,4625,1724,6
all,3,16,2,1.908269222866748,4625,1724,6
all,3,16,3,1.2164225595807865,4625,1724,6
all,3,16,4,0.8575797043436933,4625,1724,6
microsomal_clearance,3,-2,1,2.5595238095238093,1827,877,1
microsomal_clearance,3,-2,2,1.829273855135924,1827,877,1
microsomal_clearance,3,-2,3,1.161284437146506,1827,877,1
microsomal_clearance,3,-2,4,0.8794015690567415,1827,877,1
microsomal_clearance,3,-1,1,3.5247141015039207,1827,877,1
microsomal_clearance,3,-1,2,2.477894487643051,1827,877,1
microsomal_clearance,3,-1,3,1.6425287890589615,1827,877,1
microsomal_clearance,3,-1,4,1.2288743430974547,1827,877,1
microsomal_clearance,3,0,1,2.519202700237183,1827,877,1
microsomal_clearance,3,0,2,1.830140485312899,1827,877,1
microsomal_clearance,3,0,3,1.1796661193212918,1827,877,1
microsomal_clearance,3,0,4,0.8894362342638205,1827,877,1
microsomal_clearance,3,2,1,2.571109286626528,1827,877,1
microsomal_clearance,3,2,2,1.8391716839992704,1827,877,1
microsomal_clearance,3,2,3,1.166621054552089,1827,877,1
microsomal_clearance,3,2,4,0.8821382959313995,1827,877,1
microsomal_clearance,3,4,1,2.5841087392811533,1827,877,1
microsomal_clearance,3,4,2,1.8355683269476373,1827,877,1
microsomal_clearance,3,4,3,1.172687465790914,1827,877,1
microsomal_clearance,3,4,4,0.8780788177339901,1827,877,1
microsomal_clearance,3,8,1,2.62634555738004,1827,877,1
microsomal_clearance,3,8,2,1.838441890166028,1827,877,1
microsomal_clearance,3,8,3,1.1703156358328772,1827,877,1
microsomal_clearance,3,8,4,0.8772577996715928,1827,877,1
microsomal_clearance,3,16,1,2.6299489144316732,1827,877,1
microsomal_clearance,3,16,2,1.8562306148513048,1827,877,1
microsomal_clearance,3,16,3,1.173690932311622,1827,877,1
microsomal_clearance,3,16,4,0.8805874840357598,1827,877,1
in_vivo_clearance,3,-2,1,2.599937926753569,537,391,1
in_vivo_clearance,3,-2,2,1.7119801365611422,537,391,1
in_vivo_clearance,3,-2,3,0.9216325263811298,537,391,1
in_vivo_clearance,3,-2,4,0.5626939788950962,537,391,1
in_vivo_clearance,3,-1,1,2.7454996896337676,537,391,1
in_vivo_clearance,3,-1,2,1.8067970204841712,537,391,1
in_vivo_clearance,3,-1,3,0.979608938547486,537,391,1
in_vivo_clearance,3,-1,4,0.6059590316573557,537,391,1
in_vivo_clearance,3,0,1,2.5225015518311604,537,391,1
in_vivo_clearance,3,0,2,1.7122905027932962,537,391,1
in_vivo_clearance,3,0,3,0.9027001862197392,537,391,1
in_vivo_clearance,3,0,4,0.5611421477343265,537,391,1
in_vivo_clearance,3,2,1,2.61731843575419,537,391,1
in_vivo_clearance,3,2,2,1.7094972067039107,537,391,1
in_vivo_clearance,3,2,3,0.9062693978895096,537,391,1
in_vivo_clearance,3,2,4,0.5589695841092489,537,391,1
in_vivo_clearance,3,4,1,2.591247672253259,537,391,1
in_vivo_clearance,3,4,2,1.727808814400993,537,391,1
in_vivo_clearance,3,4,3,0.9059590316573556,537,391,1
in_vivo_clearance,3,4,4,0.5572625698324022,537,391,1
in_vivo_clearance,3,8,1,2.6021104903786467,537,391,1
in_vivo_clearance,3,8,2,1.7138423339540658,537,391,1
in_vivo_clearance,3,8,3,0.9013035381750466,537,391,1
in_vivo_clearance,3,8,4,0.5495034140285536,537,391,1
in_vivo_clearance,3,16,1,2.5870577281191807,537,391,1
in_vivo_clearance,3,16,2,1.7102731222842953,537,391,1
in_vivo_clearance,3,16,3,0.9135630043451272,537,391,1
in_vivo_clearance,3,16,4,0.5567970204841713,537,391,1
protein_binding,3,-2,1,2.0576704545454545,880,344,1
protein_binding,3,-2,2,1.4176136363636365,880,344,1
protein_binding,3,-2,3,0.771969696969697,880,344,1
protein_binding,3,-2,4,0.4813446969696969,880,344,1
protein_binding,3,-1,1,2.980804924242424,880,344,1
protein_binding,3,-1,2,1.921467803030303,880,344,1
protein_binding,3,-1,3,1.097348484848485,880,344,1
protein_binding,3,-1,4,0.7131635551948052,880,344,1
protein_binding,3,0,1,2.0543560606060605,880,344,1
protein_binding,3,0,2,1.4247159090909092,880,344,1
protein_binding,3,0,3,0.7711174242424242,880,344,1
protein_binding,3,0,4,0.4870265151515151,880,344,1
protein_binding,3,2,1,2.121117424242424,880,344,1
protein_binding,3,2,2,1.481155303030303,880,344,1
protein_binding,3,2,3,0.8024621212121211,880,344,1
protein_binding,3,2,4,0.5,880,344,1
protein_binding,3,4,1,2.1196969696969696,880,344,1
protein_binding,3,4,2,1.4673295454545454,880,344,1
protein_binding,3,4,3,0.8019886363636364,880,344,1
protein_binding,3,4,4,0.5,880,344,1
protein_binding,3,8,1,2.1608901515151513,880,344,1
protein_binding,3,8,2,1.4872159090909092,880,344,1
protein_binding,3,8,3,0.803030303030303,880,344,1
protein_binding,3,8,4,0.4988636363636363,880,344,1
protein_binding,3,16,1,2.1724431818181817,880,344,1
protein_binding,3,16,2,1.4885416666666669,880,344,1
protein_binding,3,16,3,0.8033143939393939,880,344,1
protein_binding,3,16,4,0.5005681818181819,880,344,1
cellular_clearance,3,-2,1,2.6841603053435112,524,220,1
cellular_clearance,3,-2,2,1.838740458015267,524,220,1
cellular_clearance,3,-2,3,1.2131043256997456,524,220,1
cellular_clearance,3,-2,4,0.853530534351145,524,220,1
cellular_clearance,3,-1,1,3.57525314221402,524,220,1
cellular_clearance,3,-1,2,2.4837137020104576,524,220,1
cellular_clearance,3,-1,3,1.6551831676593125,524,220,1
cellular_clearance,3,-1,4,1.2183863210580768,524,220,1
cellular_clearance,3,0,1,2.6841603053435112,524,220,1
cellular_clearance,3,0,2,1.838740458015267,524,220,1
cellular_clearance,3,0,3,1.2131043256997456,524,220,1
cellular_clearance,3,0,4,0.853530534351145,524,220,1
cellular_clearance,3,2,1,2.796437659033079,524,220,1
cellular_clearance,3,2,2,1.9502226463104324,524,220,1
cellular_clearance,3,2,3,1.2994592875318065,524,220,1
cellular_clearance,3,2,4,0.9402035623409668,524,220,1
cellular_clearance,3,4,1,2.8730916030534353,524,220,1
cellular_clearance,3,4,2,2.000477099236641,524,220,1
cellular_clearance,3,4,3,1.3463740458015268,524,220,1
cellular_clearance,3,4,4,0.9909351145038168,524,220,1
cellular_clearance,3,8,1,2.814090330788804,524,220,1
cellular_clearance,3,8,2,1.975826972010178,524,220,1
cellular_clearance,3,8,3,1.3198155216284988,524,220,1
cellular_clearance,3,8,4,0.9556297709923663,524,220,1
cellular_clearance,3,16,1,2.8067748091603053,524,220,1
cellular_clearance,3,16,2,1.9904580152671756,524,220,1
cellular_clearance,3,16,3,1.3241094147582697,524,220,1
cellular_clearance,3,16,4,0.9696246819338422,524,220,1
permeability,3,-2,1,3.310562015503876,516,369,1
permeability,3,-2,2,2.2238372093023258,516,369,1
permeability,3,-2,3,1.5322997416020672,516,369,1
permeability,3,-2,4,1.130329457364341,516,369,1
permeability,3,-1,1,4.265503875968992,516,369,1
permeability,3,-1,2,2.802067183462532,516,369,1
permeability,3,-1,3,1.8588501291989663,516,369,1
permeability,3,-1,4,1.351112033960871,516,369,1
permeability,3,0,1,3.2290051679586567,516,369,1
permeability,3,0,2,2.1661821705426356,516,369,1
permeability,3,0,3,1.467377260981912,516,369,1
permeability,3,0,4,1.0805878552971575,516,369,1
permeability,3,2,1,3.3204134366925064,516,369,1
permeability,3,2,2,2.262596899224806,516,369,1
permeability,3,2,3,1.535691214470284,516,369,1
permeability,3,2,4,1.1354974160206717,516,369,1
permeability,3,4,1,3.3422157622739017,516,369,1
permeability,3,4,2,2.2764857881136953,516,369,1
permeability,3,4,3,1.5607235142118865,516,369,1
permeability,3,4,4,1.1511627906976745,516,369,1
permeability,3,8,1,3.30765503875969,516,369,1
permeability,3,8,2,2.236757105943153,516,369,1
permeability,3,8,3,1.529877260981912,516,369,1
permeability,3,8,4,1.1401808785529717,516,369,1
permeability,3,16,1,3.362887596899225,516,369,1
permeability,3,16,2,2.251130490956072,516,369,1
permeability,3,16,3,1.5237403100775193,516,369,1
permeability,3,16,4,1.1345284237726097,516,369,1
efflux,3,-2,1,3.0769794721407626,341,247,1
efflux,3,-2,2,2.0994623655913975,341,247,1
efflux,3,-2,3,1.4726295210166178,341,247,1
efflux,3,-2,4,1.0439882697947214,341,247,1
efflux,3,-1,1,4.125122189638319,341,247,1
efflux,3,-1,2,2.710529255690546,341,247,1
efflux,3,-1,3,1.87450600474794,341,247,1
efflux,3,-1,4,1.3529028766931992,341,247,1
efflux,3,0,1,2.8629032258064515,341,247,1
efflux,3,0,2,2.016617790811339,341,247,1
efflux,3,0,3,1.3765884652981428,341,247,1
efflux,3,0,4,0.9699413489736072,341,247,1
efflux,3,2,1,3.074535679374389,341,247,1
efflux,3,2,2,2.1063049853372435,341,247,1
efflux,3,2,3,1.477761485826002,341,247,1
efflux,3,2,4,1.0777126099706744,341,247,1
efflux,3,4,1,3.094330400782014,341,247,1
efflux,3,4,2,2.1617790811339197,341,247,1
efflux,3,4,3,1.5083088954056698,341,247,1
efflux,3,4,4,1.083822091886608,341,247,1
efflux,3,8,1,3.098484848484848,341,247,1
efflux,3,8,2,2.125855327468231,341,247,1
efflux,3,8,3,1.521994134897361,341,247,1
efflux,3,8,4,1.0647605083088951,341,247,1
efflux,3,16,1,3.127321603128055,341,247,1
efflux,3,16,2,2.152981427174975,341,247,1
efflux,3,16,3,1.560117302052786,341,247,1
efflux,3,16,4,1.1033724340175952,341,247,1
all,5,-2,1,3.635588544866632,2501,1033,6
all,5,-2,2,2.4736764438711645,2501,1033,6
all,5,-2,3,1.9599071874916745,2501,1033,6
all,5,-2,4,1.4694619089823,2501,1033,6
all,5,-1,1,4.992557568470846,2501,1033,6
all,5,-1,2,3.3565763675940676,2501,1033,6
all,5,-1,3,2.56010996953136,2501,1033,6
all,5,-1,4,1.916837658063958,2501,1033,6
all,5,0,1,3.51955024471823,2501,1033,6
all,5,0,2,2.4405213579408853,2501,1033,6
all,5,0,3,1.916287924650191,2501,1033,6
all,5,0,4,1.4420219426094512,2501,1033,6
all,5,2,1,3.698602600410892,2501,1033,6
all,5,2,2,2.5412898870558904,2501,1033,6
all,5,2,3,1.9937521127914697,2501,1033,6
all,5,2,4,1.5105694535315966,2501,1033,6
all,5,4,1,3.725662139440836,2501,1033,6
all,5,4,2,2.574825405398808,2501,1033,6
all,5,4,3,2.023352309056831,2501,1033,6
all,5,4,4,1.5292461369697856,2501,1033,6
all,5,8,1,3.729631698498845,2501,1033,6
all,5,8,2,2.5512761225786353,2501,1033,6
all,5,8,3,2.0085278210849093,2501,1033,6
all,5,8,4,1.5075390310234755,2501,1033,6
all,5,16,1,3.7416721464992704,2501,1033,6
all,5,16,2,2.567329848937551,2501,1033,6
all,5,16,3,2.0235372892317476,2501,1033,6
all,5,16,4,1.5241843901558552,2501,1033,6
microsomal_clearance,5,-2,1,3.505018098058572,1013,517,1
microsomal_clearance,5,-2,2,2.4656136887133924,1013,517,1
microsomal_clearance,5,-2,3,1.9636393550510036,1013,517,1
microsomal_clearance,5,-2,4,1.586048042119118,1013,517,1
microsomal_clearance,5,-1,1,5.087926288365578,1013,517,1
microsomal_clearance,5,-1,2,3.600638264814598,1013,517,1
microsomal_clearance,5,-1,3,2.831589434956291,1013,517,1
microsomal_clearance,5,-1,4,2.2163409919437806,1013,517,1
microsomal_clearance,5,0,1,3.431391905231984,1013,517,1
microsomal_clearance,5,0,2,2.4675880223757813,1013,517,1
microsomal_clearance,5,0,3,1.996791707798618,1013,517,1
microsomal_clearance,5,0,4,1.6041461006910167,1013,517,1
microsomal_clearance,5,2,1,3.522128989799276,1013,517,1
microsomal_clearance,5,2,2,2.4809970384995066,1013,517,1
microsomal_clearance,5,2,3,1.97326423165515,1013,517,1
microsomal_clearance,5,2,4,1.5909838762750903,1013,517,1
microsomal_clearance,5,4,1,3.5469726883843373,1013,517,1
microsomal_clearance,5,4,2,2.4731819677525504,1013,517,1
microsomal_clearance,5,4,3,1.9842053307008884,1013,517,1
microsomal_clearance,5,4,4,1.5836623889437316,1013,517,1
microsomal_clearance,5,8,1,3.6071898650872,1013,517,1
microsomal_clearance,5,8,2,2.4771306350773283,1013,517,1
microsomal_clearance,5,8,3,1.9799276077657124,1013,517,1
microsomal_clearance,5,8,4,1.5821816386969398,1013,517,1
microsomal_clearance,5,16,1,3.62849621586048,1013,517,1
microsomal_clearance,5,16,2,2.509789404409345,1013,517,1
microsomal_clearance,5,16,3,1.9860151365580785,1013,517,1
microsomal_clearance,5,16,4,1.588186903586706,1013,517,1
in_vivo_clearance,5,-2,1,3.827147016011645,229,174,1
in_vivo_clearance,5,-2,2,2.51783114992722,229,174,1
in_vivo_clearance,5,-2,3,1.9243085880640467,229,174,1
in_vivo_clearance,5,-2,4,1.319505094614265,229,174,1
in_vivo_clearance,5,-1,1,4.164483260553129,229,174,1
in_vivo_clearance,5,-1,2,2.749636098981077,229,174,1
in_vivo_clearance,5,-1,3,2.0602620087336243,229,174,1
in_vivo_clearance,5,-1,4,1.4209606986899563,229,174,1
in_vivo_clearance,5,0,1,3.672125181950509,229,174,1
in_vivo_clearance,5,0,2,2.514556040756914,229,174,1
in_vivo_clearance,5,0,3,1.8799126637554584,229,174,1
in_vivo_clearance,5,0,4,1.3158660844250365,229,174,1
in_vivo_clearance,5,2,1,3.8595342066957783,229,174,1
in_vivo_clearance,5,2,2,2.51783114992722,229,174,1
in_vivo_clearance,5,2,3,1.888282387190684,229,174,1
in_vivo_clearance,5,2,4,1.3107714701601163,229,174,1
in_vivo_clearance,5,4,1,3.824235807860262,229,174,1
in_vivo_clearance,5,4,2,2.563682678311499,229,174,1
in_vivo_clearance,5,4,3,1.8875545851528384,229,174,1
in_vivo_clearance,5,4,4,1.306768558951965,229,174,1
in_vivo_clearance,5,8,1,3.8267831149927223,229,174,1
in_vivo_clearance,5,8,2,2.532023289665211,229,174,1
in_vivo_clearance,5,8,3,1.8766375545851528,229,174,1
in_vivo_clearance,5,8,4,1.2885735080058225,229,174,1
in_vivo_clearance,5,16,1,3.812227074235808,229,174,1
in_vivo_clearance,5,16,2,2.5160116448326053,229,174,1
in_vivo_clearance,5,16,3,1.905385735080058,229,174,1
in_vivo_clearance,5,16,4,1.3056768558951966,229,174,1
protein_binding,5,-2,1,2.776634382566586,413,178,1
protein_binding,5,-2,2,1.8985068603712671,413,178,1
protein_binding,5,-2,3,1.460855528652139,413,178,1
protein_binding,5,-2,4,1.0256255044390636,413,178,1
protein_binding,5,-1,1,4.467978208232446,413,178,1
protein_binding,5,-1,2,2.903692493946731,413,178,1
protein_binding,5,-1,3,2.1541565778853915,413,178,1
protein_binding,5,-1,4,1.5195736769283985,413,178,1
protein_binding,5,0,1,2.752219531880549,413,178,1
protein_binding,5,0,2,1.911622276029056,413,178,1
protein_binding,5,0,3,1.459039548022599,413,178,1
protein_binding,5,0,4,1.03773204196933,413,178,1
protein_binding,5,2,1,2.8934624697336564,413,178,1
protein_binding,5,2,2,2.0223970944309926,413,178,1
protein_binding,5,2,3,1.525827280064568,413,178,1
protein_binding,5,2,4,1.0653753026634385,413,178,1
protein_binding,5,4,1,2.888014527845036,413,178,1
protein_binding,5,4,2,1.996771589991929,413,178,1
protein_binding,5,4,3,1.524818401937046,413,178,1
protein_binding,5,4,4,1.0653753026634385,413,178,1
protein_binding,5,8,1,2.9838579499596447,413,178,1
protein_binding,5,8,2,2.0393462469733654,413,178,1
protein_binding,5,8,3,1.5270379338175948,413,178,1
protein_binding,5,8,4,1.062953995157385,413,178,1
protein_binding,5,16,1,2.991928974979823,413,178,1
protein_binding,5,16,2,2.0359160613397904,413,178,1
protein_binding,5,16,3,1.5276432606941082,413,178,1
protein_binding,5,16,4,1.0665859564164648,413,178,1
cellular_clearance,5,-2,1,3.5384615384615383,299,153,1
cellular_clearance,5,-2,2,2.4155518394648827,299,153,1
cellular_clearance,5,-2,3,1.9896878483835003,299,153,1
cellular_clearance,5,-2,4,1.495819397993311,299,153,1
cellular_clearance,5,-1,1,5.04520394599826,299,153,1
cellular_clearance,5,-1,2,3.5308226750952505,299,153,1
cellular_clearance,5,-1,3,2.7644347152290294,299,153,1
cellular_clearance,5,-1,4,2.1352322148308773,299,153,1
cellular_clearance,5,0,1,3.5384615384615383,299,153,1
cellular_clearance,5,0,2,2.4155518394648827,299,153,1
cellular_clearance,5,0,3,1.9896878483835003,299,153,1
cellular_clearance,5,0,4,1.495819397993311,299,153,1
cellular_clearance,5,2,1,3.750836120401338,299,153,1
cellular_clearance,5,2,2,2.609810479375697,299,153,1
cellular_clearance,5,2,3,2.141025641025641,299,153,1
cellular_clearance,5,2,4,1.6477146042363435,299,153,1
cellular_clearance,5,4,1,3.873467112597547,299,153,1
cellular_clearance,5,4,2,2.693701226309922,299,153,1
cellular_clearance,5,4,3,2.2232441471571907,299,153,1
cellular_clearance,5,4,4,1.736622073578595,299,153,1
cellular_clearance,5,8,1,3.7778706800445927,299,153,1
cellular_clearance,5,8,2,2.6507803790412487,299,153,1
cellular_clearance,5,8,3,2.17670011148272,299,153,1
cellular_clearance,5,8,4,1.6747491638795986,299,153,1
cellular_clearance,5,16,1,3.7572463768115942,299,153,1
cellular_clearance,5,16,2,2.677536231884058,299,153,1
cellular_clearance,5,16,3,2.1842251950947604,299,153,1
cellular_clearance,5,16,4,1.6992753623188406,299,153,1
permeability,5,-2,1,4.367293625914316,319,249,1
permeability,5,-2,2,2.943312434691745,319,249,1
permeability,5,-2,3,2.339080459770115,319,249,1
permeability,5,-2,4,1.828369905956113,319,249,1
permeability,5,-1,1,5.846917450365726,319,249,1
permeability,5,-1,2,3.851201671891327,319,249,1
permeability,5,-1,3,2.8672936259143156,319,249,1
permeability,5,-1,4,2.1854978354978356,319,249,1
permeability,5,0,1,4.239550679205852,319,249,1
permeability,5,0,2,2.8440438871473352,319,249,1
permeability,5,0,3,2.234064785788924,319,249,1
permeability,5,0,4,1.7479101358411704,319,249,1
permeability,5,2,1,4.3834900731452455,319,249,1
permeability,5,2,2,3.0088819226750263,319,249,1
permeability,5,2,3,2.3445663531870427,319,249,1
permeability,5,2,4,1.8367293625914312,319,249,1
permeability,5,4,1,4.4171891327063735,319,249,1
permeability,5,4,2,3.0308254963427377,319,249,1
permeability,5,4,3,2.3850574712643677,319,249,1
permeability,5,4,4,1.862068965517241,319,249,1
permeability,5,8,1,4.36337513061651,319,249,1
permeability,5,8,2,2.968390804597701,319,249,1
permeability,5,8,3,2.3351619644723094,319,249,1
permeability,5,8,4,1.8443051201671892,319,249,1
permeability,5,16,1,4.424242424242424,319,249,1
permeability,5,16,2,2.985632183908046,319,249,1
permeability,5,16,3,2.3252351097178683,319,249,1
permeability,5,16,4,1.8351619644723092,319,249,1
efflux,5,-2,1,3.798976608187134,228,183,1
efflux,5,-2,2,2.6012426900584797,228,183,1
efflux,5,-2,3,2.08187134502924,228,183,1
efflux,5,-2,4,1.5614035087719298,228,183,1
efflux,5,-1,1,5.3428362573099415,228,183,1
efflux,5,-1,2,3.5034670008354216,228,183,1
efflux,5,-1,3,2.682923454469507,228,183,1
efflux,5,-1,4,2.0234205304928987,228,183,1
efflux,5,0,1,3.4835526315789473,228,183,1
efflux,5,0,2,2.4897660818713447,228,183,1
efflux,5,0,3,1.9382309941520468,228,183,1
efflux,5,0,4,1.450657894736842,228,183,1
efflux,5,2,1,3.7821637426900585,228,183,1
efflux,5,2,2,2.6078216374269005,228,183,1
efflux,5,2,3,2.089546783625731,228,183,1
efflux,5,2,4,1.611842105263158,228,183,1
efflux,5,4,1,3.804093567251462,228,183,1
efflux,5,4,2,2.6907894736842106,228,183,1
efflux,5,4,3,2.135233918128655,228,183,1
efflux,5,4,4,1.6209795321637426,228,183,1
efflux,5,8,1,3.8187134502923974,228,183,1
efflux,5,8,2,2.639985380116959,228,183,1
efflux,5,8,3,2.155701754385965,228,183,1
efflux,5,8,4,1.592470760233918,228,183,1
efflux,5,16,1,3.8358918128654977,228,183,1
efflux,5,16,2,2.679093567251462,228,183,1
efflux,5,16,3,2.212719298245614,228,183,1
efflux,5,16,4,1.650219298245614,228,183,1
all,10,-2,1,5.196267429637703,1132,536,6
all,10,-2,2,3.52790213070001,1132,536,6
all,10,-2,3,2.7922293896998824,1132,536,6
all,10,-2,4,2.2712336898041072,1132,536,6
all,10,-1,1,7.692803828596304,1132,536,6
all,10,-1,2,5.159700784737798,1132,536,6
all,10,-1,3,3.963507184460525,1132,536,6
all,10,-1,4,3.2179817667040536,1132,536,6
all,10,0,1,4.975519666349617,1132,536,6
all,10,0,2,3.424539465139764,1132,536,6
all,10,0,3,2.690730791225477,1132,536,6
all,10,0,4,2.2166380949867386,1132,536,6
all,10,2,1,5.367205348296461,1132,536,6
all,10,2,2,3.68407232634895,1132,536,6
all,10,2,3,2.864046610463642,1132,536,6
all,10,2,4,2.354586735922855,1132,536,6
all,10,4,1,5.361776480816217,1132,536,6
all,10,4,2,3.730784142555799,1132,536,6
all,10,4,3,2.9037239081366937,1132,536,6
all,10,4,4,2.372278199030629,1132,536,6
all,10,8,1,5.448909245766221,1132,536,6
all,10,8,2,3.713631399957105,1132,536,6
all,10,8,3,2.880504582392533,1132,536,6
all,10,8,4,2.3344873545378246,1132,536,6
all,10,16,1,5.443529785582098,1132,536,6
all,10,16,2,3.733978115073901,1132,536,6
all,10,16,3,2.929845984920355,1132,536,6
all,10,16,4,2.3742338809765644,1132,536,6
microsomal_clearance,10,-2,1,4.5254884004884,546,309,1
microsomal_clearance,10,-2,2,3.196733821733822,546,309,1
microsomal_clearance,10,-2,3,2.538919413919414,546,309,1
microsomal_clearance,10,-2,4,2.213522588522588,546,309,1
microsomal_clearance,10,-1,1,6.9885345527996625,546,309,1
microsomal_clearance,10,-1,2,4.96691165684641,546,309,1
microsomal_clearance,10,-1,3,3.956448046382799,546,309,1
microsomal_clearance,10,-1,4,3.2920005382539723,546,309,1
microsomal_clearance,10,0,1,4.425976800976802,546,309,1
microsomal_clearance,10,0,2,3.2092490842490844,546,309,1
microsomal_clearance,10,0,3,2.614163614163614,546,309,1
microsomal_clearance,10,0,4,2.2504578754578755,546,309,1
microsomal_clearance,10,2,1,4.559065934065934,546,309,1
microsomal_clearance,10,2,2,3.2141330891330893,546,309,1
microsomal_clearance,10,2,3,2.552197802197802,546,309,1
microsomal_clearance,10,2,4,2.221306471306471,546,309,1
microsomal_clearance,10,4,1,4.606837606837607,546,309,1
microsomal_clearance,10,4,2,3.1982600732600734,546,309,1
microsomal_clearance,10,4,3,2.577075702075702,546,309,1
microsomal_clearance,10,4,4,2.211080586080586,546,309,1
microsomal_clearance,10,8,1,4.706959706959707,546,309,1
microsomal_clearance,10,8,2,3.201923076923077,546,309,1
microsomal_clearance,10,8,3,2.558302808302808,546,309,1
microsomal_clearance,10,8,4,2.202838827838828,546,309,1
microsomal_clearance,10,16,1,4.728937728937729,546,309,1
microsomal_clearance,10,16,2,3.240842490842491,546,309,1
microsomal_clearance,10,16,3,2.556776556776557,546,309,1
microsomal_clearance,10,16,4,2.206807081807082,546,309,1
in_vivo_clearance,10,-2,1,6.6469696969696965,55,44,1
in_vivo_clearance,10,-2,2,4.362121212121212,55,44,1
in_vivo_clearance,10,-2,3,3.377272727272727,55,44,1
in_vivo_clearance,10,-2,4,2.6151515151515152,55,44,1
in_vivo_clearance,10,-1,1,7.472727272727273,55,44,1
in_vivo_clearance,10,-1,2,4.924242424242424,55,44,1
in_vivo_clearance,10,-1,3,3.71,55,44,1
in_vivo_clearance,10,-1,4,2.952121212121212,55,44,1
in_vivo_clearance,10,0,1,6.169696969696969,55,44,1
in_vivo_clearance,10,0,2,4.090909090909091,55,44,1
in_vivo_clearance,10,0,3,3.0106060606060607,55,44,1
in_vivo_clearance,10,0,4,2.4727272727272727,55,44,1
in_vivo_clearance,10,2,1,6.795454545454546,55,44,1
in_vivo_clearance,10,2,2,4.356060606060606,55,44,1
in_vivo_clearance,10,2,3,3.237878787878788,55,44,1
in_vivo_clearance,10,2,4,2.5636363636363635,55,44,1
in_vivo_clearance,10,4,1,6.5590909090909095,55,44,1
in_vivo_clearance,10,4,2,4.4787878787878785,55,44,1
in_vivo_clearance,10,4,3,3.212121212121212,55,44,1
in_vivo_clearance,10,4,4,2.5136363636363637,55,44,1
in_vivo_clearance,10,8,1,6.692424242424242,55,44,1
in_vivo_clearance,10,8,2,4.363636363636363,55,44,1
in_vivo_clearance,10,8,3,3.127272727272727,55,44,1
in_vivo_clearance,10,8,4,2.463636363636364,55,44,1
in_vivo_clearance,10,16,1,6.745454545454545,55,44,1
in_vivo_clearance,10,16,2,4.377272727272727,55,44,1
in_vivo_clearance,10,16,3,3.348484848484848,55,44,1
in_vivo_clearance,10,16,4,2.559090909090909,55,44,1
protein_binding,10,-2,1,4.3428571428571425,105,59,1
protein_binding,10,-2,2,2.817460317460317,105,59,1
protein_binding,10,-2,3,2.0714285714285716,105,59,1
protein_binding,10,-2,4,1.6357142857142857,105,59,1
protein_binding,10,-1,1,8.471428571428572,105,59,1
protein_binding,10,-1,2,5.395238095238096,105,59,1
protein_binding,10,-1,3,4.0876190476190475,105,59,1
protein_binding,10,-1,4,3.3050056689342404,105,59,1
protein_binding,10,0,1,4.314285714285714,105,59,1
protein_binding,10,0,2,2.8777777777777778,105,59,1
protein_binding,10,0,3,2.1634920634920634,105,59,1
protein_binding,10,0,4,1.7674603174603176,105,59,1
protein_binding,10,2,1,4.773809523809524,105,59,1
protein_binding,10,2,2,3.2547619047619047,105,59,1
protein_binding,10,2,3,2.316666666666667,105,59,1
protein_binding,10,2,4,1.7968253968253969,105,59,1
protein_binding,10,4,1,4.750793650793651,105,59,1
protein_binding,10,4,2,3.2182539682539684,105,59,1
protein_binding,10,4,3,2.3142857142857145,105,59,1
protein_binding,10,4,4,1.7753968253968253,105,59,1
protein_binding,10,8,1,4.993650793650794,105,59,1
protein_binding,10,8,2,3.2984126984126982,105,59,1
protein_binding,10,8,3,2.3206349206349204,105,59,1
protein_binding,10,8,4,1.773015873015873,105,59,1
protein_binding,10,16,1,4.957936507936508,105,59,1
protein_binding,10,16,2,3.282539682539683,105,59,1
protein_binding,10,16,3,2.338888888888889,105,59,1
protein_binding,10,16,4,1.7984126984126985,105,59,1
cellular_clearance,10,-2,1,4.620309050772627,151,90,1
cellular_clearance,10,-2,2,3.126379690949227,151,90,1
cellular_clearance,10,-2,3,2.6131346578366443,151,90,1
cellular_clearance,10,-2,4,2.1440397350993377,151,90,1
cellular_clearance,10,-1,1,7.173801033403683,151,90,1
cellular_clearance,10,-1,2,5.062322004706111,151,90,1
cellular_clearance,10,-1,3,4.0030504815273025,151,90,1
cellular_clearance,10,-1,4,3.2870105887489993,151,90,1
cellular_clearance,10,0,1,4.620309050772627,151,90,1
cellular_clearance,10,0,2,3.126379690949227,151,90,1
cellular_clearance,10,0,3,2.6131346578366443,151,90,1
cellular_clearance,10,0,4,2.1440397350993377,151,90,1
cellular_clearance,10,2,1,5.006622516556291,151,90,1
cellular_clearance,10,2,2,3.495584988962473,151,90,1
cellular_clearance,10,2,3,2.8769315673289184,151,90,1
cellular_clearance,10,2,4,2.403973509933775,151,90,1
cellular_clearance,10,4,1,5.1594922737306845,151,90,1
cellular_clearance,10,4,2,3.631898454746137,151,90,1
cellular_clearance,10,4,3,3.0485651214128033,151,90,1
cellular_clearance,10,4,4,2.578918322295806,151,90,1
cellular_clearance,10,8,1,5.116997792494481,151,90,1
cellular_clearance,10,8,2,3.625275938189845,151,90,1
cellular_clearance,10,8,3,2.980132450331126,151,90,1
cellular_clearance,10,8,4,2.4724061810154523,151,90,1
cellular_clearance,10,16,1,5.044150110375275,151,90,1
cellular_clearance,10,16,2,3.658388520971302,151,90,1
cellular_clearance,10,16,3,3.010485651214128,151,90,1
cellular_clearance,10,16,4,2.524282560706402,151,90,1
permeability,10,-2,1,6.115591397849462,155,127,1
permeability,10,-2,2,4.154301075268817,155,127,1
permeability,10,-2,3,3.3838709677419354,155,127,1
permeability,10,-2,4,2.78494623655914,155,127,1
permeability,10,-1,1,8.648387096774194,155,127,1
permeability,10,-1,2,5.752903225806452,155,127,1
permeability,10,-1,3,4.283870967741936,155,127,1
permeability,10,-1,4,3.453701996927803,155,127,1
permeability,10,0,1,5.964516129032258,155,127,1
permeability,10,0,2,4.012365591397849,155,127,1
permeability,10,0,3,3.214516129032258,155,127,1
permeability,10,0,4,2.629032258064516,155,127,1
permeability,10,2,1,6.184946236559139,155,127,1
permeability,10,2,2,4.262365591397849,155,127,1
permeability,10,2,3,3.4026881720430104,155,127,1
permeability,10,2,4,2.8091397849462365,155,127,1
permeability,10,4,1,6.2,155,127,1
permeability,10,4,2,4.262365591397849,155,127,1
permeability,10,4,3,3.4494623655913976,155,127,1
permeability,10,4,4,2.831720430107527,155,127,1
permeability,10,8,1,6.213978494623656,155,127,1
permeability,10,8,2,4.227956989247312,155,127,1
permeability,10,8,3,3.399462365591398,155,127,1
permeability,10,8,4,2.824193548387097,155,127,1
permeability,10,16,1,6.254838709677419,155,127,1
permeability,10,16,2,4.217741935483871,155,127,1
permeability,10,16,3,3.354301075268817,155,127,1
permeability,10,16,4,2.7956989247311825,155,127,1
efflux,10,-2,1,4.926388888888889,120,99,1
efflux,10,-2,2,3.5104166666666665,120,99,1
efflux,10,-2,3,2.76875,120,99,1
efflux,10,-2,4,2.2340277777777775,120,99,1
efflux,10,-1,1,7.401944444444444,120,99,1
efflux,10,-1,2,4.856587301587301,120,99,1
efflux,10,-1,3,3.740054563492063,120,99,1
efflux,10,-1,4,3.0180505952380954,120,99,1
efflux,10,0,1,4.358333333333333,120,99,1
efflux,10,0,2,3.2305555555555556,120,99,1
efflux,10,0,3,2.5284722222222222,120,99,1
efflux,10,0,4,2.036111111111111,120,99,1
efflux,10,2,1,4.883333333333334,120,99,1
efflux,10,2,2,3.5215277777777776,120,99,1
efflux,10,2,3,2.7979166666666666,120,99,1
efflux,10,2,4,2.332638888888889,120,99,1
efflux,10,4,1,4.894444444444445,120,99,1
efflux,10,4,2,3.595138888888889,120,99,1
efflux,10,4,3,2.8208333333333333,120,99,1
efflux,10,4,4,2.3229166666666665,120,99,1
efflux,10,8,1,4.969444444444445,120,99,1
efflux,10,8,2,3.564583333333333,120,99,1
efflux,10,8,3,2.8972222222222226,120,99,1
efflux,10,8,4,2.2708333333333335,120,99,1
efflux,10,16,1,4.929861111111111,120,99,1
efflux,10,16,2,3.627083333333333,120,99,1
efflux,10,16,3,2.970138888888889,120,99,1
efflux,10,16,4,2.361111111111111,120,99,1
all,15,-2,1,6.3495667855923665,580,283,6
all,15,-2,2,4.208919634392171,580,283,6
all,15,-2,3,3.3884561971946674,580,283,6
all,15,-2,4,2.7431565433109832,580,283,6
all,15,-1,1,10.423286114411145,580,283,6
all,15,-1,2,6.9401704475656745,580,283,6
all,15,-1,3,5.356836070804058,580,283,6
all,15,-1,4,4.351156694447459,580,283,6
all,15,0,1,6.324788538370837,580,283,6
all,15,0,2,4.255439999108765,580,283,6
all,15,0,3,3.406810177331874,580,283,6
all,15,0,4,2.7678111405216277,580,283,6
all,15,2,1,6.551460328323675,580,283,6
all,15,2,2,4.38626302685572,580,283,6
all,15,2,3,3.433063935786441,580,283,6
all,15,2,4,2.846270068312157,580,283,6
all,15,4,1,6.522783732152104,580,283,6
all,15,4,2,4.492240823643992,580,283,6
all,15,4,3,3.4817535163399955,580,283,6
all,15,4,4,2.8917799235551165,580,283,6
all,15,8,1,6.732824686312568,580,283,6
all,15,8,2,4.461638134660781,580,283,6
all,15,8,3,3.502408493385563,580,283,6
all,15,8,4,2.8904163305693182,580,283,6
all,15,16,1,6.748201573884232,580,283,6
all,15,16,2,4.527979832801981,580,283,6
all,15,16,3,3.6023467788470462,580,283,6
all,15,16,4,2.941015555901665,580,283,6
microsomal_clearance,15,-2,1,5.262593783494105,311,176,1
microsomal_clearance,15,-2,2,3.7068595927116825,311,176,1
microsomal_clearance,15,-2,3,2.9054126473740625,311,176,1
microsomal_clearance,15,-2,4,2.5533226152197215,311,176,1
microsomal_clearance,15,-1,1,8.616191746802679,311,176,1
microsomal_clearance,15,-1,2,6.129983183795483,311,176,1
microsomal_clearance,15,-1,3,4.907915237451009,311,176,1
microsomal_clearance,15,-1,4,4.12599744106376,311,176,1
microsomal_clearance,15,0,1,5.146570203644158,311,176,1
microsomal_clearance,15,0,2,3.765541264737406,311,176,1
microsomal_clearance,15,0,3,3.046891747052519,311,176,1
microsomal_clearance,15,0,4,2.654876741693462,311,176,1
microsomal_clearance,15,2,1,5.280546623794212,311,176,1
microsomal_clearance,15,2,2,3.6768488745980705,311,176,1
microsomal_clearance,15,2,3,2.872990353697749,311,176,1
microsomal_clearance,15,2,4,2.5217041800643085,311,176,1
microsomal_clearance,15,4,1,5.364147909967846,311,176,1
microsomal_clearance,15,4,2,3.662647374062165,311,176,1
microsomal_clearance,15,4,3,2.8896034297963555,311,176,1
microsomal_clearance,15,4,4,2.5308145766345125,311,176,1
microsomal_clearance,15,8,1,5.509646302250804,311,176,1
microsomal_clearance,15,8,2,3.651929260450161,311,176,1
microsomal_clearance,15,8,3,2.8555734190782425,311,176,1
microsomal_clearance,15,8,4,2.5037513397642015,311,176,1
microsomal_clearance,15,16,1,5.613076098606646,311,176,1
microsomal_clearance,15,16,2,3.732315112540193,311,176,1
microsomal_clearance,15,16,3,2.860128617363344,311,176,1
microsomal_clearance,15,16,4,2.514737406216506,311,176,1
in_vivo_clearance,15,-2,1,8.691666666666666,20,15,1
in_vivo_clearance,15,-2,2,5.358333333333333,20,15,1
in_vivo_clearance,15,-2,3,4.05,20,15,1
in_vivo_clearance,15,-2,4,3.2166666666666663,20,15,1
in_vivo_clearance,15,-1,1,10.65,20,15,1
in_vivo_clearance,15,-1,2,6.904166666666667,20,15,1
in_vivo_clearance,15,-1,3,5.275,20,15,1
in_vivo_clearance,15,-1,4,4.145952380952381,20,15,1
in_vivo_clearance,15,0,1,9.458333333333334,20,15,1
in_vivo_clearance,15,0,2,5.916666666666666,20,15,1
in_vivo_clearance,15,0,3,4.383333333333334,20,15,1
in_vivo_clearance,15,0,4,3.6083333333333334,20,15,1
in_vivo_clearance,15,2,1,9.054166666666667,20,15,1
in_vivo_clearance,15,2,2,5.570833333333333,20,15,1
in_vivo_clearance,15,2,3,4.054166666666666,20,15,1
in_vivo_clearance,15,2,4,3.3625,20,15,1
in_vivo_clearance,15,4,1,8.4125,20,15,1
in_vivo_clearance,15,4,2,5.654166666666667,20,15,1
in_vivo_clearance,15,4,3,3.8958333333333335,20,15,1
in_vivo_clearance,15,4,4,3.191666666666667,20,15,1
in_vivo_clearance,15,8,1,9.025,20,15,1
in_vivo_clearance,15,8,2,5.658333333333333,20,15,1
in_vivo_clearance,15,8,3,4.05,20,15,1
in_vivo_clearance,15,8,4,3.4,20,15,1
in_vivo_clearance,15,16,1,8.870833333333334,20,15,1
in_vivo_clearance,15,16,2,5.520833333333334,20,15,1
in_vivo_clearance,15,16,3,4.266666666666667,20,15,1
in_vivo_clearance,15,16,4,3.3625,20,15,1
protein_binding,15,-2,1,4.848484848484849,44,27,1
protein_binding,15,-2,2,2.8030303030303028,44,27,1
protein_binding,15,-2,3,2.172348484848485,44,27,1
protein_binding,15,-2,4,1.6988636363636365,44,27,1
protein_binding,15,-1,1,12.204545454545457,44,27,1
protein_binding,15,-1,2,7.598484848484848,44,27,1
protein_binding,15,-1,3,5.828409090909091,44,27,1
protein_binding,15,-1,4,4.726515151515152,44,27,1
protein_binding,15,0,1,4.84469696969697,44,27,1
protein_binding,15,0,2,3.028409090909091,44,27,1
protein_binding,15,0,3,2.303030303030303,44,27,1
protein_binding,15,0,4,1.8863636363636365,44,27,1
protein_binding,15,2,1,5.208333333333334,44,27,1
protein_binding,15,2,2,3.1931818181818183,44,27,1
protein_binding,15,2,3,2.2632575757575757,44,27,1
protein_binding,15,2,4,1.7973484848484846,44,27,1
protein_binding,15,4,1,5.232954545454546,44,27,1
protein_binding,15,4,2,3.2537878787878785,44,27,1
protein_binding,15,4,3,2.261363636363636,44,27,1
protein_binding,15,4,4,1.7821969696969695,44,27,1
protein_binding,15,8,1,5.6268939393939394,44,27,1
protein_binding,15,8,2,3.2765151515151514,44,27,1
protein_binding,15,8,3,2.316287878787879,44,27,1
protein_binding,15,8,4,1.8200757575757576,44,27,1
protein_binding,15,16,1,5.674242424242424,44,27,1
protein_binding,15,16,2,3.2859848484848486,44,27,1
protein_binding,15,16,3,2.359848484848485,44,27,1
protein_binding,15,16,4,1.9053030303030305,44,27,1
cellular_clearance,15,-2,1,5.2668776371308015,79,52,1
cellular_clearance,15,-2,2,3.4377637130801686,79,52,1
cellular_clearance,15,-2,3,3.142405063291139,79,52,1
cellular_clearance,15,-2,4,2.5464135021097047,79,52,1
cellular_clearance,15,-1,1,9.453238744377984,79,52,1
cellular_clearance,15,-1,2,6.636783048175453,79,52,1
cellular_clearance,15,-1,3,5.262099503871656,79,52,1
cellular_clearance,15,-1,4,4.366951824546761,79,52,1
cellular_clearance,15,0,1,5.2668776371308015,79,52,1
cellular_clearance,15,0,2,3.4377637130801686,79,52,1
cellular_clearance,15,0,3,3.142405063291139,79,52,1
cellular_clearance,15,0,4,2.5464135021097047,79,52,1
cellular_clearance,15,2,1,5.834388185654008,79,52,1
cellular_clearance,15,2,2,3.8871308016877633,79,52,1
cellular_clearance,15,2,3,3.40295358649789,79,52,1
cellular_clearance,15,2,4,2.8428270042194095,79,52,1
cellular_clearance,15,4,1,6.137130801687763,79,52,1
cellular_clearance,15,4,2,4.244725738396625,79,52,1
cellular_clearance,15,4,3,3.7383966244725735,79,52,1
cellular_clearance,15,4,4,3.210970464135021,79,52,1
cellular_clearance,15,8,1,6.138185654008439,79,52,1
cellular_clearance,15,8,2,4.168776371308017,79,52,1
cellular_clearance,15,8,3,3.657172995780591,79,52,1
cellular_clearance,15,8,4,3.077004219409283,79,52,1
cellular_clearance,15,16,1,6.1265822784810124,79,52,1
cellular_clearance,15,16,2,4.302742616033756,79,52,1
cellular_clearance,15,16,3,3.7289029535864975,79,52,1
cellular_clearance,15,16,4,3.161392405063291,79,52,1
permeability,15,-2,1,7.842592592592592,72,61,1
permeability,15,-2,2,5.37962962962963,72,61,1
permeability,15,-2,3,4.304398148148149,72,61,1
permeability,15,-2,4,3.608796296296296,72,61,1
permeability,15,-1,1,11.921296296296298,72,61,1
permeability,15,-1,2,8.00462962962963,72,61,1
permeability,15,-1,3,5.921527777777778,72,61,1
permeability,15,-1,4,4.809259259259259,72,61,1
permeability,15,0,1,7.93287037037037,72,61,1
permeability,15,0,2,5.3842592592592595,72,61,1
permeability,15,0,3,4.262731481481482,72,61,1
permeability,15,0,4,3.517361111111111,72,61,1
permeability,15,2,1,7.909722222222222,72,61,1
permeability,15,2,2,5.563657407407407,72,61,1
permeability,15,2,3,4.336805555555555,72,61,1
permeability,15,2,4,3.650462962962963,72,61,1
permeability,15,4,1,7.946759259259259,72,61,1
permeability,15,4,2,5.622685185185185,72,61,1
permeability,15,4,3,4.424768518518518,72,61,1
permeability,15,4,4,3.6921296296296298,72,61,1
permeability,15,8,1,8.018518518518519,72,61,1
permeability,15,8,2,5.498842592592593,72,61,1
permeability,15,8,3,4.260416666666667,72,61,1
permeability,15,8,4,3.6944444444444446,72,61,1
permeability,15,16,1,8.081018518518519,72,61,1
permeability,15,16,2,5.572916666666667,72,61,1
permeability,15,16,3,4.341435185185185,72,61,1
permeability,15,16,4,3.6944444444444446,72,61,1
efflux,15,-2,1,6.185185185185185,54,49,1
efflux,15,-2,2,4.567901234567902,54,49,1
efflux,15,-2,3,3.756172839506173,54,49,1
efflux,15,-2,4,2.8348765432098766,54,49,1
efflux,15,-1,1,9.694444444444445,54,49,1
efflux,15,-1,2,6.366975308641975,54,49,1
efflux,15,-1,3,4.9460648148148145,54,49,1
efflux,15,-1,4,3.932264109347442,54,49,1
efflux,15,0,1,5.299382716049383,54,49,1
efflux,15,0,2,4.0,54,49,1
efflux,15,0,3,3.302469135802469,54,49,1
efflux,15,0,4,2.3935185185185186,54,49,1
efflux,15,2,1,6.021604938271605,54,49,1
efflux,15,2,2,4.425925925925926,54,49,1
efflux,15,2,3,3.66820987654321,54,49,1
efflux,15,2,4,2.9027777777777777,54,49,1
efflux,15,4,1,6.04320987654321,54,49,1
efflux,15,4,2,4.515432098765432,54,49,1
efflux,15,4,3,3.6805555555555554,54,49,1
efflux,15,4,4,2.942901234567901,54,49,1
efflux,15,8,1,6.078703703703703,54,49,1
efflux,15,8,2,4.515432098765432,54,49,1
efflux,15,8,3,3.875,54,49,1
efflux,15,8,4,2.8472222222222223,54,49,1
efflux,15,16,1,6.123456790123457,54,49,1
efflux,15,16,2,4.753086419753087,54,49,1
efflux,15,16,3,4.057098765432099,54,49,1
efflux,15,16,4,3.007716049382716,54,49,1
all,20,-2,1,8.025560650682372,329,167,6
all,20,-2,2,5.162617714768932,329,167,6
all,20,-2,3,4.131086349061536,329,167,6
all,20,-2,4,3.34118817823874,329,167,6
all,20,-1,1,12.807371266270144,329,167,6
all,20,-1,2,8.567994714057098,329,167,6
all,20,-1,3,6.5798025781828455,329,167,6
all,20,-1,4,5.380913698821119,329,167,6
all,20,0,1,7.64825760667755,329,167,6
all,20,0,2,5.0836600883511,329,167,6
all,20,0,3,3.849378421204264,329,167,6
all,20,0,4,3.190523244181952,329,167,6
all,20,2,1,8.135398733687593,329,167,6
all,20,2,2,5.283863646670294,329,167,6
all,20,2,3,4.011673195631529,329,167,6
all,20,2,4,3.3901228832549055,329,167,6
all,20,4,1,8.089530841522881,329,167,6
all,20,4,2,5.433643775942465,329,167,6
all,20,4,3,4.090403528708773,329,167,6
all,20,4,4,3.456574007383933,329,167,6
all,20,8,1,8.205716105402436,329,167,6
all,20,8,2,5.293234665268842,329,167,6
all,20,8,3,4.04857711914594,329,167,6
all,20,8,4,3.4592956253934717,329,167,6
all,20,16,1,8.400789871368056,329,167,6
all,20,16,2,5.469952036450164,329,167,6
all,20,16,3,4.318000522850711,329,167,6
all,20,16,4,3.536016391103002,329,167,6
microsomal_clearance,20,-2,1,6.0585205992509366,178,102,1
microsomal_clearance,20,-2,2,4.156835205992509,178,102,1
microsomal_clearance,20,-2,3,3.181179775280899,178,102,1
microsomal_clearance,20,-2,4,2.8768726591760303,178,102,1
microsomal_clearance,20,-1,1,10.31891563180889,178,102,1
microsomal_clearance,20,-1,2,7.267236090610388,178,102,1
microsomal_clearance,20,-1,3,5.820283417815019,178,102,1
microsomal_clearance,20,-1,4,4.922761089955612,178,102,1
microsomal_clearance,20,0,1,6.024812734082397,178,102,1
microsomal_clearance,20,0,2,4.303370786516854,178,102,1
microsomal_clearance,20,0,3,3.377808988764045,178,102,1
microsomal_clearance,20,0,4,2.9873595505617976,178,102,1
microsomal_clearance,20,2,1,6.073970037453184,178,102,1
microsomal_clearance,20,2,2,4.11938202247191,178,102,1
microsomal_clearance,20,2,3,3.125,178,102,1
microsomal_clearance,20,2,4,2.815074906367041,178,102,1
microsomal_clearance,20,4,1,6.195692883895131,178,102,1
microsomal_clearance,20,4,2,4.148408239700374,178,102,1
microsomal_clearance,20,4,3,3.156367041198502,178,102,1
microsomal_clearance,20,4,4,2.810861423220974,178,102,1
microsomal_clearance,20,8,1,6.315543071161049,178,102,1
microsomal_clearance,20,8,2,4.086142322097379,178,102,1
microsomal_clearance,20,8,3,3.1044007490636707,178,102,1
microsomal_clearance,20,8,4,2.7705992509363297,178,102,1
microsomal_clearance,20,16,1,6.496722846441948,178,102,1
microsomal_clearance,20,16,2,4.146535580524345,178,102,1
microsomal_clearance,20,16,3,3.0978464419475653,178,102,1
microsomal_clearance,20,16,4,2.774812734082397,178,102,1
in_vivo_clearance,20,-2,1,13.99074074074074,9,6,1
in_vivo_clearance,20,-2,2,7.685185185185186,9,6,1
in_vivo_clearance,20,-2,3,5.62037037037037,9,6,1
in_vivo_clearance,20,-2,4,4.416666666666667,9,6,1
in_vivo_clearance,20,-1,1,13.38888888888889,9,6,1
in_vivo_clearance,20,-1,2,8.62962962962963,9,6,1
in_vivo_clearance,20,-1,3,6.583333333333333,9,6,1
in_vivo_clearance,20,-1,4,5.203703703703703,9,6,1
in_vivo_clearance,20,0,1,13.52777777777778,9,6,1
in_vivo_clearance,20,0,2,7.916666666666667,9,6,1
in_vivo_clearance,20,0,3,4.666666666666667,9,6,1
in_vivo_clearance,20,0,4,4.055555555555555,9,6,1
in_vivo_clearance,20,2,1,14.185185185185183,9,6,1
in_vivo_clearance,20,2,2,7.87037037037037,9,6,1
in_vivo_clearance,20,2,3,4.898148148148149,9,6,1
in_vivo_clearance,20,2,4,4.111111111111111,9,6,1
in_vivo_clearance,20,4,1,13.370370370370372,9,6,1
in_vivo_clearance,20,4,2,7.935185185185186,9,6,1
in_vivo_clearance,20,4,3,4.9259259259259265,9,6,1
in_vivo_clearance,20,4,4,4.018518518518518,9,6,1
in_vivo_clearance,20,8,1,13.49074074074074,9,6,1
in_vivo_clearance,20,8,2,7.5925925925925934,9,6,1
in_vivo_clearance,20,8,3,4.638888888888889,9,6,1
in_vivo_clearance,20,8,4,4.212962962962963,9,6,1
in_vivo_clearance,20,16,1,14.24074074074074,9,6,1
in_vivo_clearance,20,16,2,7.824074074074074,9,6,1
in_vivo_clearance,20,16,3,5.7592592592592595,9,6,1
in_vivo_clearance,20,16,4,4.407407407407407,9,6,1
protein_binding,20,-2,1,4.592948717948718,26,15,1
protein_binding,20,-2,2,3.455128205128205,26,15,1
protein_binding,20,-2,3,2.5865384615384617,26,15,1
protein_binding,20,-2,4,1.8685897435897436,26,15,1
protein_binding,20,-1,1,15.0,26,15,1
protein_binding,20,-1,2,9.666666666666668,26,15,1
protein_binding,20,-1,3,7.3961538461538465,26,15,1
protein_binding,20,-1,4,6.0,26,15,1
protein_binding,20,0,1,4.846153846153846,26,15,1
protein_binding,20,0,2,3.858974358974359,26,15,1
protein_binding,20,0,3,2.8301282051282053,26,15,1
protein_binding,20,0,4,2.2403846153846154,26,15,1
protein_binding,20,2,1,4.907051282051282,26,15,1
protein_binding,20,2,2,3.8365384615384617,26,15,1
protein_binding,20,2,3,2.769230769230769,26,15,1
protein_binding,20,2,4,2.0512820512820515,26,15,1
protein_binding,20,4,1,4.878205128205128,26,15,1
protein_binding,20,4,2,3.826923076923077,26,15,1
protein_binding,20,4,3,2.5865384615384617,26,15,1
protein_binding,20,4,4,1.871794871794872,26,15,1
protein_binding,20,8,1,5.314102564102564,26,15,1
protein_binding,20,8,2,3.939102564102564,26,15,1
protein_binding,20,8,3,2.6923076923076925,26,15,1
protein_binding,20,8,4,1.983974358974359,26,15,1
protein_binding,20,16,1,5.314102564102564,26,15,1
protein_binding,20,16,2,4.0,26,15,1
protein_binding,20,16,3,2.772435897435898,26,15,1
protein_binding,20,16,4,2.092948717948718,26,15,1
cellular_clearance,20,-2,1,5.456666666666666,50,32,1
cellular_clearance,20,-2,2,3.38,50,32,1
cellular_clearance,20,-2,3,3.1133333333333333,50,32,1
cellular_clearance,20,-2,4,2.5266666666666664,50,32,1
cellular_clearance,20,-1,1,11.313666666666666,50,32,1
cellular_clearance,20,-1,2,7.922000000000001,50,32,1
cellular_clearance,20,-1,3,6.2410000000000005,50,32,1
cellular_clearance,20,-1,4,5.217666666666666,50,32,1
cellular_clearance,20,0,1,5.456666666666666,50,32,1
cellular_clearance,20,0,2,3.38,50,32,1
cellular_clearance,20,0,3,3.1133333333333333,50,32,1
cellular_clearance,20,0,4,2.5266666666666664,50,32,1
cellular_clearance,20,2,1,5.98,50,32,1
cellular_clearance,20,2,2,3.67,50,32,1
cellular_clearance,20,2,3,3.2983333333333333,50,32,1
cellular_clearance,20,2,4,2.92,50,32,1
cellular_clearance,20,4,1,6.286666666666666,50,32,1
cellular_clearance,20,4,2,4.116666666666667,50,32,1
cellular_clearance,20,4,3,3.638333333333333,50,32,1
cellular_clearance,20,4,4,3.32,50,32,1
cellular_clearance,20,8,1,6.095,50,32,1
cellular_clearance,20,8,2,3.96,50,32,1
cellular_clearance,20,8,3,3.498333333333333,50,32,1
cellular_clearance,20,8,4,3.081666666666667,50,32,1
cellular_clearance,20,16,1,6.245,50,32,1
cellular_clearance,20,16,2,4.093333333333333,50,32,1
cellular_clearance,20,16,3,3.565,50,32,1
cellular_clearance,20,16,4,3.2016666666666667,50,32,1
permeability,20,-2,1,9.5,40,34,1
permeability,20,-2,2,6.23125,40,34,1
permeability,20,-2,3,5.25625,40,34,1
permeability,20,-2,4,4.483333333333333,40,34,1
permeability,20,-1,1,14.9125,40,34,1
permeability,20,-1,2,10.066666666666666,40,34,1
permeability,20,-1,3,7.3725,40,34,1
permeability,20,-1,4,6.04,40,34,1
permeability,20,0,1,9.377083333333331,40,34,1
permeability,20,0,2,6.158333333333333,40,34,1
permeability,20,0,3,5.15,40,34,1
permeability,20,0,4,4.297916666666667,40,34,1
permeability,20,2,1,9.602083333333333,40,34,1
permeability,20,2,2,6.55625,40,34,1
permeability,20,2,3,5.347916666666666,40,34,1
permeability,20,2,4,4.545833333333333,40,34,1
permeability,20,4,1,9.43125,40,34,1
permeability,20,4,2,6.4625,40,34,1
permeability,20,4,3,5.325,40,34,1
permeability,20,4,4,4.6125,40,34,1
permeability,20,8,1,9.679166666666667,40,34,1
permeability,20,8,2,6.377083333333333,40,34,1
permeability,20,8,3,5.30625,40,34,1
permeability,20,8,4,4.735416666666667,40,34,1
permeability,20,16,1,9.697916666666668,40,34,1
permeability,20,16,2,6.358333333333333,40,34,1
permeability,20,16,3,5.175,40,34,1
permeability,20,16,4,4.502083333333333,40,34,1
efflux,20,-2,1,8.554487179487179,26,25,1
efflux,20,-2,2,6.0673076923076925,26,25,1
efflux,20,-2,3,5.028846153846154,26,25,1
efflux,20,-2,4,3.875,26,25,1
efflux,20,-1,1,11.91025641025641,26,25,1
efflux,20,-1,2,7.855769230769231,26,25,1
efflux,20,-1,3,6.065544871794871,26,25,1
efflux,20,-1,4,4.901350732600733,26,25,1
efflux,20,0,1,6.657051282051283,26,25,1
efflux,20,0,2,4.884615384615385,26,25,1
efflux,20,0,3,3.9583333333333335,26,25,1
efflux,20,0,4,3.0352564102564106,26,25,1
efflux,20,2,1,8.064102564102564,26,25,1
efflux,20,2,2,5.6506410256410255,26,25,1
efflux,20,2,3,4.631410256410256,26,25,1
efflux,20,2,4,3.897435897435898,26,25,1
efflux,20,4,1,8.375,26,25,1
efflux,20,4,2,6.112179487179487,26,25,1
efflux,20,4,3,4.910256410256411,26,25,1
efflux,20,4,4,4.105769230769231,26,25,1
efflux,20,8,1,8.33974358974359,26,25,1
efflux,20,8,2,5.804487179487181,26,25,1
efflux,20,8,3,5.051282051282052,26,25,1
efflux,20,8,4,3.9711538461538463,26,25,1
efflux,20,16,1,8.41025641025641,26,25,1
efflux,20,16,2,6.397435897435898,26,25,1
efflux,20,16,3,5.538461538461538,26,25,1
efflux,20,16,4,4.237179487179487,26,25,1
all,25,-2,1,9.287768550520566,205,109,6
all,25,-2,2,5.56957005248336,205,109,6
all,25,-2,3,4.261401529697901,205,109,6
all,25,-2,4,3.353924873414121,205,109,6
all,25,-1,1,14.852417856636484,205,109,6
all,25,-1,2,10.012931418393327,205,109,6
all,25,-1,3,7.65417426965298,205,109,6
all,25,-1,4,6.21855993426714,205,109,6
all,25,0,1,8.71451844029129,205,109,6
all,25,0,2,5.910853672412812,205,109,6
all,25,0,3,4.176412001479206,205,109,6
all,25,0,4,3.503517025089606,205,109,6
all,25,2,1,9.336364994026283,205,109,6
all,25,2,2,5.803676235279057,205,109,6
all,25,2,3,4.187246561557718,205,109,6
all,25,2,4,3.4898903752062354,205,109,6
all,25,4,1,9.274409117739092,205,109,6
all,25,4,2,5.898725696222336,205,109,6
all,25,4,3,4.267993684929169,205,109,6
all,25,4,4,3.5373635468225526,205,109,6
all,25,8,1,9.421874822210844,205,109,6
all,25,8,2,5.894357416652444,205,109,6
all,25,8,3,4.338558201058201,205,109,6
all,25,8,4,3.78150166055072,205,109,6
all,25,16,1,9.61042377823292,205,109,6
all,25,16,2,5.860720419440177,205,109,6
all,25,16,3,4.498061387039881,205,109,6
all,25,16,4,3.6329327743642263,205,109,6
microsomal_clearance,25,-2,1,5.767113095238095,112,68,1
microsomal_clearance,25,-2,2,4.179315476190476,112,68,1
microsomal_clearance,25,-2,3,3.197172619047619,112,68,1
microsomal_clearance,25,-2,4,2.956845238095238,112,68,1
microsomal_clearance,25,-1,1,11.353366160129552,112,68,1
microsomal_clearance,25,-1,2,8.161997112510505,112,68,1
microsomal_clearance,25,-1,3,6.61669137657977,112,68,1
microsomal_clearance,25,-1,4,5.616164819803212,112,68,1
microsomal_clearance,25,0,1,6.0252976190476195,112,68,1
microsomal_clearance,25,0,2,4.641369047619048,112,68,1
microsomal_clearance,25,0,3,3.5029761904761902,112,68,1
microsomal_clearance,25,0,4,3.09375,112,68,1
microsomal_clearance,25,2,1,5.885416666666666,112,68,1
microsomal_clearance,25,2,2,4.189732142857143,112,68,1
microsomal_clearance,25,2,3,3.197172619047619,112,68,1
microsomal_clearance,25,2,4,2.9360119047619047,112,68,1
microsomal_clearance,25,4,1,5.972470238095238,112,68,1
microsomal_clearance,25,4,2,4.216517857142857,112,68,1
microsomal_clearance,25,4,3,3.199404761904762,112,68,1
microsomal_clearance,25,4,4,2.8950892857142856,112,68,1
microsomal_clearance,25,8,1,6.129464285714286,112,68,1
microsomal_clearance,25,8,2,4.060267857142857,112,68,1
microsomal_clearance,25,8,3,3.105654761904762,112,68,1
microsomal_clearance,25,8,4,2.847470238095238,112,68,1
microsomal_clearance,25,16,1,6.290178571428571,112,68,1
microsomal_clearance,25,16,2,4.112351190476191,112,68,1
microsomal_clearance,25,16,3,3.0848214285714284,112,68,1
microsomal_clearance,25,16,4,2.828869047619047,112,68,1
in_vivo_clearance,25,-2,1,18.2,5,2,1
in_vivo_clearance,25,-2,2,8.816666666666666,5,2,1
in_vivo_clearance,25,-2,3,5.383333333333334,5,2,1
in_vivo_clearance,25,-2,4,3.2166666666666663,5,2,1
in_vivo_clearance,25,-1,1,15.4,5,2,1
in_vivo_clearance,25,-1,2,10.266666666666666,5,2,1
in_vivo_clearance,25,-1,3,7.7,5,2,1
in_vivo_clearance,25,-1,4,5.886666666666666,5,2,1
in_vivo_clearance,25,0,1,16.983333333333334,5,2,1
in_vivo_clearance,25,0,2,11.233333333333334,5,2,1
in_vivo_clearance,25,0,3,5.533333333333333,5,2,1
in_vivo_clearance,25,0,4,4.783333333333333,5,2,1
in_vivo_clearance,25,2,1,17.9,5,2,1
in_vivo_clearance,25,2,2,9.4,5,2,1
in_vivo_clearance,25,2,3,4.45,5,2,1
in_vivo_clearance,25,2,4,3.0333333333333337,5,2,1
in_vivo_clearance,25,4,1,17.45,5,2,1
in_vivo_clearance,25,4,2,9.25,5,2,1
in_vivo_clearance,25,4,3,4.15,5,2,1
in_vivo_clearance,25,4,4,2.65,5,2,1
in_vivo_clearance,25,8,1,17.066666666666666,5,2,1
in_vivo_clearance,25,8,2,9.65,5,2,1
in_vivo_clearance,25,8,3,4.5166666666666675,5,2,1
in_vivo_clearance,25,8,4,3.85,5,2,1
in_vivo_clearance,25,16,1,18.2,5,2,1
in_vivo_clearance,25,16,2,8.816666666666666,5,2,1
in_vivo_clearance,25,16,3,5.383333333333334,5,2,1
in_vivo_clearance,25,16,4,3.2166666666666663,5,2,1
protein_binding,25,-2,1,4.377777777777778,15,9,1
protein_binding,25,-2,2,2.95,15,9,1
protein_binding,25,-2,3,2.25,15,9,1
protein_binding,25,-2,4,2.033333333333333,15,9,1
protein_binding,25,-1,1,18.266666666666666,15,9,1
protein_binding,25,-1,2,11.822222222222225,15,9,1
protein_binding,25,-1,3,9.023333333333332,15,9,1
protein_binding,25,-1,4,7.306666666666667,15,9,1
protein_binding,25,0,1,4.061111111111111,15,9,1
protein_binding,25,0,2,3.033333333333333,15,9,1
protein_binding,25,0,3,2.316666666666667,15,9,1
protein_binding,25,0,4,2.1,15,9,1
protein_binding,25,2,1,4.761111111111111,15,9,1
protein_binding,25,2,2,3.261111111111111,15,9,1
protein_binding,25,2,3,2.738888888888889,15,9,1
protein_binding,25,2,4,2.433333333333333,15,9,1
protein_binding,25,4,1,4.438888888888889,15,9,1
protein_binding,25,4,2,3.0111111111111115,15,9,1
protein_binding,25,4,3,2.466666666666667,15,9,1
protein_binding,25,4,4,2.2,15,9,1
protein_binding,25,8,1,5.088888888888889,15,9,1
protein_binding,25,8,2,3.25,15,9,1
protein_binding,25,8,3,2.655555555555556,15,9,1
protein_binding,25,8,4,2.461111111111111,15,9,1
protein_binding,25,16,1,5.094444444444445,15,9,1
protein_binding,25,16,2,3.3777777777777778,15,9,1
protein_binding,25,16,3,2.905555555555556,15,9,1
protein_binding,25,16,4,2.688888888888889,15,9,1
cellular_clearance,25,-2,1,5.96505376344086,31,23,1
cellular_clearance,25,-2,2,4.002688172043011,31,23,1
cellular_clearance,25,-2,3,3.7795698924731185,31,23,1
cellular_clearance,25,-2,4,2.9086021505376345,31,23,1
cellular_clearance,25,-1,1,13.376881720430108,31,23,1
cellular_clearance,25,-1,2,9.465591397849462,31,23,1
cellular_clearance,25,-1,3,7.318817204301075,31,23,1
cellular_clearance,25,-1,4,6.169354838709677,31,23,1
cellular_clearance,25,0,1,5.96505376344086,31,23,1
cellular_clearance,25,0,2,4.002688172043011,31,23,1
cellular_clearance,25,0,3,3.7795698924731185,31,23,1
cellular_clearance,25,0,4,2.9086021505376345,31,23,1
cellular_clearance,25,2,1,6.370967741935484,31,23,1
cellular_clearance,25,2,2,4.384408602150537,31,23,1
cellular_clearance,25,2,3,3.967741935483871,31,23,1
cellular_clearance,25,2,4,3.4973118279569895,31,23,1
cellular_clearance,25,4,1,6.919354838709677,31,23,1
cellular_clearance,25,4,2,5.169354838709677,31,23,1
cellular_clearance,25,4,3,4.53494623655914,31,23,1
cellular_clearance,25,4,4,4.099462365591398,31,23,1
cellular_clearance,25,8,1,6.897849462365592,31,23,1
cellular_clearance,25,8,2,5.080645161290323,31,23,1
cellular_clearance,25,8,3,4.5,31,23,1
cellular_clearance,25,8,4,3.9274193548387095,31,23,1
cellular_clearance,25,16,1,7.086021505376344,31,23,1
cellular_clearance,25,16,2,5.274193548387097,31,23,1
cellular_clearance,25,16,3,4.567204301075269,31,23,1
cellular_clearance,25,16,4,4.021505376344086,31,23,1
permeability,25,-2,1,12.444444444444445,24,21,1
permeability,25,-2,2,7.649305555555556,24,21,1
permeability,25,-2,3,6.236111111111111,24,21,1
permeability,25,-2,4,5.545138888888889,24,21,1
permeability,25,-1,1,17.84722222222222,24,21,1
permeability,25,-1,2,12.013888888888888,24,21,1
permeability,25,-1,3,8.893749999999999,24,21,1
permeability,25,-1,4,7.208333333333333,24,21,1
permeability,25,0,1,11.618055555555555,24,21,1
permeability,25,0,2,7.114583333333333,24,21,1
permeability,25,0,3,5.75,24,21,1
permeability,25,0,4,5.010416666666667,24,21,1
permeability,25,2,1,12.225694444444445,24,21,1
permeability,25,2,2,7.850694444444444,24,21,1
permeability,25,2,3,6.21875,24,21,1
permeability,25,2,4,5.479166666666667,24,21,1
permeability,25,4,1,11.916666666666666,24,21,1
permeability,25,4,2,7.819444444444444,24,21,1
permeability,25,4,3,6.451388888888888,24,21,1
permeability,25,4,4,5.680555555555556,24,21,1
permeability,25,8,1,12.37152777777778,24,21,1
permeability,25,8,2,7.59375,24,21,1
permeability,25,8,3,6.295138888888889,24,21,1
permeability,25,8,4,5.871527777777778,24,21,1
permeability,25,16,1,12.357638888888888,24,21,1
permeability,25,16,2,7.625,24,21,1
permeability,25,16,3,6.052083333333333,24,21,1
permeability,25,16,4,5.402777777777778,24,21,1
efflux,25,-2,1,8.972222222222221,18,18,1
efflux,25,-2,2,5.819444444444445,18,18,1
efflux,25,-2,3,4.722222222222222,18,18,1
efflux,25,-2,4,3.4629629629629632,18,18,1
efflux,25,-1,1,12.87037037037037,18,18,1
efflux,25,-1,2,8.347222222222221,18,18,1
efflux,25,-1,3,6.3724537037037035,18,18,1
efflux,25,-1,4,5.124173280423281,18,18,1
efflux,25,0,1,7.63425925925926,18,18,1
efflux,25,0,2,5.439814814814815,18,18,1
efflux,25,0,3,4.1759259259259265,18,18,1
efflux,25,0,4,3.125,18,18,1
efflux,25,2,1,8.875,18,18,1
efflux,25,2,2,5.736111111111111,18,18,1
efflux,25,2,3,4.5509259259259265,18,18,1
efflux,25,2,4,3.560185185185185,18,18,1
efflux,25,4,1,8.949074074074074,18,18,1
efflux,25,4,2,5.925925925925926,18,18,1
efflux,25,4,3,4.805555555555555,18,18,1
efflux,25,4,4,3.699074074074074,18,18,1
efflux,25,8,1,8.976851851851853,18,18,1
efflux,25,8,2,5.731481481481482,18,18,1
efflux,25,8,3,4.958333333333333,18,18,1
efflux,25,8,4,3.731481481481482,18,18,1
efflux,25,16,1,8.63425925925926,18,18,1
efflux,25,16,2,5.958333333333333,18,18,1
efflux,25,16,3,4.99537037037037,18,18,1
efflux,25,16,4,3.638888888888889,18,18,1
all,30,-2,1,8.68740754116341,120,65,6
all,30,-2,2,4.168599273704908,120,65,6
all,30,-2,3,3.7582222322539223,120,65,6
all,30,-2,4,3.3706347056699175,120,65,6
all,30,-1,1,17.10266729618842,120,65,6
all,30,-1,2,11.505377777977545,120,65,6
all,30,-1,3,9.0005138139117,120,65,6
all,30,-1,4,7.137625522625522,120,65,6
all,30,0,1,8.555864197530864,120,65,6
all,30,0,2,4.915792236801627,120,65,6
all,30,0,3,4.336752220349638,120,65,6
all,30,0,4,3.656527460107272,120,65,6
all,30,2,1,8.990669014084506,120,65,6
all,30,2,2,4.424070813771518,120,65,6
all,30,2,3,3.8884110455706704,120,65,6
all,30,2,4,3.64045584045584,120,65,6
all,30,4,1,8.354860525928602,120,65,6
all,30,4,2,4.260772875620293,120,65,6
all,30,4,3,3.7517445126600055,120,65,6
all,30,4,4,3.484143894707275,120,65,6
all,30,8,1,8.523038886213769,120,65,6
all,30,8,2,4.771570078113505,120,65,6
all,30,8,3,4.267559487982024,120,65,6
all,30,8,4,3.9268541089843905,120,65,6
all,30,16,1,8.661527761058279,120,65,6
all,30,16,2,4.320889845244305,120,65,6
all,30,16,3,3.7895491419552454,120,65,6
all,30,16,4,3.52168368711796,120,65,6
microsomal_clearance,30,-2,1,5.488262910798121,71,43,1
microsomal_clearance,30,-2,2,4.288732394366197,71,43,1
microsomal_clearance,30,-2,3,3.103286384976526,71,43,1
microsomal_clearance,30,-2,4,2.9295774647887325,71,43,1
microsomal_clearance,30,-1,1,12.784401213027971,71,43,1
microsomal_clearance,30,-1,2,9.293790884389477,71,43,1
microsomal_clearance,30,-1,3,7.512698268085592,71,43,1
microsomal_clearance,30,-1,4,6.409754967254967,71,43,1
microsomal_clearance,30,0,1,5.75,71,43,1
microsomal_clearance,30,0,2,4.731220657276996,71,43,1
microsomal_clearance,30,0,3,3.305164319248826,71,43,1
microsomal_clearance,30,0,4,3.007042253521127,71,43,1
microsomal_clearance,30,2,1,5.669014084507042,71,43,1
microsomal_clearance,30,2,2,4.348591549295775,71,43,1
microsomal_clearance,30,2,3,3.0974178403755865,71,43,1
microsomal_clearance,30,2,4,2.916666666666667,71,43,1
microsomal_clearance,30,4,1,5.863849765258216,71,43,1
microsomal_clearance,30,4,2,4.305164319248827,71,43,1
microsomal_clearance,30,4,3,3.085680751173709,71,43,1
microsomal_clearance,30,4,4,2.8732394366197185,71,43,1
microsomal_clearance,30,8,1,5.983568075117371,71,43,1
microsomal_clearance,30,8,2,4.246478873239437,71,43,1
microsomal_clearance,30,8,3,3.0715962441314555,71,43,1
microsomal_clearance,30,8,4,2.9061032863849765,71,43,1
microsomal_clearance,30,16,1,6.022300469483568,71,43,1
microsomal_clearance,30,16,2,4.207746478873239,71,43,1
microsomal_clearance,30,16,3,2.937793427230047,71,43,1
microsomal_clearance,30,16,4,2.7981220657276995,71,43,1
in_vivo_clearance,30,-2,1,18.041666666666668,2,1,1
in_vivo_clearance,30,-2,2,3.625,2,1,1
in_vivo_clearance,30,-2,3,3.625,2,1,1
in_vivo_clearance,30,-2,4,3.125,2,1,1
in_vivo_clearance,30,-1,1,18.5,2,1,1
in_vivo_clearance,30,-1,2,12.333333333333332,2,1,1
in_vivo_clearance,30,-1,3,9.25,2,1,1
in_vivo_clearance,30,-1,4,6.716666666666666,2,1,1
in_vivo_clearance,30,0,1,18.541666666666668,2,1,1
in_vivo_clearance,30,0,2,6.75,2,1,1
in_vivo_clearance,30,0,3,6.75,2,1,1
in_vivo_clearance,30,0,4,5.208333333333334,2,1,1
in_vivo_clearance,30,2,1,19.041666666666668,2,1,1
in_vivo_clearance,30,2,2,3.7083333333333335,2,1,1
in_vivo_clearance,30,2,3,3.2083333333333335,2,1,1
in_vivo_clearance,30,2,4,3.1666666666666665,2,1,1
in_vivo_clearance,30,4,1,16.541666666666668,2,1,1
in_vivo_clearance,30,4,2,2.875,2,1,1
in_vivo_clearance,30,4,3,2.875,2,1,1
in_vivo_clearance,30,4,4,2.458333333333333,2,1,1
in_vivo_clearance,30,8,1,15.75,2,1,1
in_vivo_clearance,30,8,2,4.416666666666667,2,1,1
in_vivo_clearance,30,8,3,4.125,2,1,1
in_vivo_clearance,30,8,4,3.625,2,1,1
in_vivo_clearance,30,16,1,18.041666666666668,2,1,1
in_vivo_clearance,30,16,2,3.625,2,1,1
in_vivo_clearance,30,16,3,3.625,2,1,1
in_vivo_clearance,30,16,4,3.125,2,1,1
protein_binding,30,-2,1,4.342592592592593,9,6,1
protein_binding,30,-2,2,2.888888888888889,9,6,1
protein_binding,30,-2,3,2.4444444444444446,9,6,1
protein_binding,30,-2,4,2.4166666666666665,9,6,1
protein_binding,30,-1,1,21.333333333333332,9,6,1
protein_binding,30,-1,2,13.87962962962963,9,6,1
protein_binding,30,-1,3,10.483333333333333,9,6,1
protein_binding,30,-1,4,8.533333333333333,9,6,1
protein_binding,30,0,1,4.101851851851851,9,6,1
protein_binding,30,0,2,2.648148148148148,9,6,1
protein_binding,30,0,3,2.259259259259259,9,6,1
protein_binding,30,0,4,2.2314814814814814,9,6,1
protein_binding,30,2,1,4.583333333333333,9,6,1
protein_binding,30,2,2,3.25,9,6,1
protein_binding,30,2,3,2.8240740740740744,9,6,1
protein_binding,30,2,4,2.7222222222222223,9,6,1
protein_binding,30,4,1,4.185185185185186,9,6,1
protein_binding,30,4,2,3.1203703703703707,9,6,1
protein_binding,30,4,3,2.7222222222222223,9,6,1
protein_binding,30,4,4,2.611111111111111,9,6,1
protein_binding,30,8,1,4.537037037037036,9,6,1
protein_binding,30,8,2,3.351851851851852,9,6,1
protein_binding,30,8,3,2.888888888888889,9,6,1
protein_binding,30,8,4,2.7777777777777777,9,6,1
protein_binding,30,16,1,4.148148148148149,9,6,1
protein_binding,30,16,2,3.092592592592593,9,6,1
protein_binding,30,16,3,2.6296296296296298,9,6,1
protein_binding,30,16,4,2.5185185185185186,9,6,1
cellular_clearance,30,-2,1,6.675,20,14,1
cellular_clearance,30,-2,2,4.483333333333333,20,14,1
cellular_clearance,30,-2,3,4.445833333333334,20,14,1
cellular_clearance,30,-2,4,3.4333333333333336,20,14,1
cellular_clearance,30,-1,1,13.5675,20,14,1
cellular_clearance,30,-1,2,9.755,20,14,1
cellular_clearance,30,-1,3,7.791666666666667,20,14,1
cellular_clearance,30,-1,4,6.657500000000001,20,14,1
cellular_clearance,30,0,1,6.675,20,14,1
cellular_clearance,30,0,2,4.483333333333333,20,14,1
cellular_clearance,30,0,3,4.445833333333334,20,14,1
cellular_clearance,30,0,4,3.4333333333333336,20,14,1
cellular_clearance,30,2,1,6.883333333333333,20,14,1
cellular_clearance,30,2,2,4.8375,20,14,1
cellular_clearance,30,2,3,4.691666666666666,20,14,1
cellular_clearance,30,2,4,4.116666666666666,20,14,1
cellular_clearance,30,4,1,8.0,20,14,1
cellular_clearance,30,4,2,5.933333333333334,20,14,1
cellular_clearance,30,4,3,5.541666666666666,20,14,1
cellular_clearance,30,4,4,5.108333333333333,20,14,1
cellular_clearance,30,8,1,7.6125,20,14,1
cellular_clearance,30,8,2,5.8375,20,14,1
cellular_clearance,30,8,3,5.608333333333333,20,14,1
cellular_clearance,30,8,4,4.929166666666666,20,14,1
cellular_clearance,30,16,1,7.708333333333333,20,14,1
cellular_clearance,30,16,2,6.083333333333333,20,14,1
cellular_clearance,30,16,3,5.616666666666666,20,14,1
cellular_clearance,30,16,4,5.066666666666666,20,14,1
permeability,30,-2,1,12.576923076923077,13,12,1
permeability,30,-2,2,7.1089743589743595,13,12,1
permeability,30,-2,3,6.314102564102565,13,12,1
permeability,30,-2,4,6.019230769230769,13,12,1
permeability,30,-1,1,21.73076923076923,13,12,1
permeability,30,-1,2,14.487179487179487,13,12,1
permeability,30,-1,3,10.865384615384617,13,12,1
permeability,30,-1,4,8.692307692307692,13,12,1
permeability,30,0,1,11.666666666666666,13,12,1
permeability,30,0,2,6.282051282051283,13,12,1
permeability,30,0,3,5.66025641025641,13,12,1
permeability,30,0,4,5.3589743589743595,13,12,1
permeability,30,2,1,12.333333333333332,13,12,1
permeability,30,2,2,7.666666666666666,13,12,1
permeability,30,2,3,6.775641025641026,13,12,1
permeability,30,2,4,6.403846153846154,13,12,1
permeability,30,4,1,11.121794871794872,13,12,1
permeability,30,4,2,7.314102564102564,13,12,1
permeability,30,4,3,6.269230769230769,13,12,1
permeability,30,4,4,5.903846153846154,13,12,1
permeability,30,8,1,11.788461538461538,13,12,1
permeability,30,8,2,7.160256410256411,13,12,1
permeability,30,8,3,6.294871794871795,13,12,1
permeability,30,8,4,6.08974358974359,13,12,1
permeability,30,16,1,10.948717948717947,13,12,1
permeability,30,16,2,6.333333333333334,13,12,1
permeability,30,16,3,5.461538461538462,13,12,1
permeability,30,16,4,5.205128205128205,13,12,1
efflux,30,-2,1,5.0,5,5,1
efflux,30,-2,2,2.6166666666666667,5,5,1
efflux,30,-2,3,2.6166666666666667,5,5,1
efflux,30,-2,4,2.3,5,5,1
efflux,30,-1,1,14.7,5,5,1
efflux,30,-1,2,9.283333333333337,5,5,1
efflux,30,-1,3,8.1,5,5,1
efflux,30,-1,4,5.816190476190476,5,5,1
efflux,30,0,1,4.6,5,5,1
efflux,30,0,2,4.6,5,5,1
efflux,30,0,3,3.6,5,5,1
efflux,30,0,4,2.7,5,5,1
efflux,30,2,1,5.433333333333334,5,5,1
efflux,30,2,2,2.7333333333333334,5,5,1
efflux,30,2,3,2.7333333333333334,5,5,1
efflux,30,2,4,2.5166666666666666,5,5,1
efflux,30,4,1,4.416666666666666,5,5,1
efflux,30,4,2,2.0166666666666666,5,5,1
efflux,30,4,3,2.0166666666666666,5,5,1
efflux,30,4,4,1.95,5,5,1
efflux,30,8,1,5.466666666666667,5,5,1
efflux,30,8,2,3.616666666666667,5,5,1
efflux,30,8,3,3.616666666666667,5,5,1
efflux,30,8,4,3.2333333333333334,5,5,1
efflux,30,16,1,5.1,5,5,1
efflux,30,16,2,2.5833333333333335,5,5,1
efflux,30,16,3,2.4666666666666663,5,5,1
efflux,30,16,4,2.4166666666666665,5,5,1
all,35,-2,1,9.938129025764894,75,45,6
all,35,-2,2,5.089315852223461,75,45,6
all,35,-2,3,4.647635250216772,75,45,6
all,35,-2,4,4.090976480242785,75,45,6
all,35,-1,1,19.937136276565624,75,45,6
all,35,-1,2,13.47879133044894,75,45,6
all,35,-1,3,10.33689863678994,75,45,6
all,35,-1,4,7.83285888125562,75,45,6
all,35,0,1,9.279186795491142,75,45,6
all,35,0,2,6.794353090548743,75,45,6
all,35,0,3,5.555420073083116,75,45,6
all,35,0,4,4.375044515669516,75,45,6
all,35,2,1,8.943538647342995,75,45,6
all,35,2,2,5.417375046451133,75,45,6
all,35,2,3,4.8196244425864,75,45,6
all,35,2,4,4.416147962343614,75,45,6
all,35,4,1,7.976987334324291,75,45,6
all,35,4,2,4.942824461166853,75,45,6
all,35,4,3,4.486320141211446,75,45,6
all,35,4,4,4.121382617985878,75,45,6
all,35,8,1,8.983699523101697,75,45,6
all,35,8,2,5.401541016350799,75,45,6
all,35,8,3,4.888112767868203,75,45,6
all,35,8,4,4.305429750402577,75,45,6
all,35,16,1,9.889781137743094,75,45,6
all,35,16,2,5.19015158553202,75,45,6
all,35,16,3,4.686667750526446,75,45,6
all,35,16,4,4.322287640901771,75,45,6
microsomal_clearance,35,-2,1,6.715579710144927,46,30,1
microsomal_clearance,35,-2,2,5.105072463768116,46,30,1
microsomal_clearance,35,-2,3,3.596014492753623,46,30,1
microsomal_clearance,35,-2,4,3.510869565217391,46,30,1
microsomal_clearance,35,-1,1,15.078632677708764,46,30,1
microsomal_clearance,35,-1,2,10.730806590752245,46,30,1
microsomal_clearance,35,-1,3,8.724482480080306,46,30,1
microsomal_clearance,35,-1,4,7.56977233515277,46,30,1
microsomal_clearance,35,0,1,6.869565217391305,46,30,1
microsomal_clearance,35,0,2,5.547101449275362,46,30,1
microsomal_clearance,35,0,3,3.775362318840579,46,30,1
microsomal_clearance,35,0,4,3.625,46,30,1
microsomal_clearance,35,2,1,6.827898550724638,46,30,1
microsomal_clearance,35,2,2,5.175724637681159,46,30,1
microsomal_clearance,35,2,3,3.516304347826087,46,30,1
microsomal_clearance,35,2,4,3.4221014492753623,46,30,1
microsomal_clearance,35,4,1,7.057971014492754,46,30,1
microsomal_clearance,35,4,2,5.186594202898551,46,30,1
microsomal_clearance,35,4,3,3.594202898550725,46,30,1
microsomal_clearance,35,4,4,3.443840579710145,46,30,1
microsomal_clearance,35,8,1,7.268115942028985,46,30,1
microsomal_clearance,35,8,2,5.1648550724637685,46,30,1
microsomal_clearance,35,8,3,3.545289855072464,46,30,1
microsomal_clearance,35,8,4,3.398550724637681,46,30,1
microsomal_clearance,35,16,1,7.266304347826087,46,30,1
microsomal_clearance,35,16,2,5.045289855072464,46,30,1
microsomal_clearance,35,16,3,3.364130434782609,46,30,1
microsomal_clearance,35,16,4,3.284420289855072,46,30,1
in_vivo_clearance,35,-2,1,23.416666666666668,1,1,1
in_vivo_clearance,35,-2,2,5.25,1,1,1
in_vivo_clearance,35,-2,3,5.25,1,1,1
in_vivo_clearance,35,-2,4,4.25,1,1,1
in_vivo_clearance,35,-1,1,20.5,1,1,1
in_vivo_clearance,35,-1,2,13.666666666666666,1,1,1
in_vivo_clearance,35,-1,3,10.25,1,1,1
in_vivo_clearance,35,-1,4,6.833333333333333,1,1,1
in_vivo_clearance,35,0,1,13.583333333333334,1,1,1
in_vivo_clearance,35,0,2,10.0,1,1,1
in_vivo_clearance,35,0,3,10.0,1,1,1
in_vivo_clearance,35,0,4,6.916666666666667,1,1,1
in_vivo_clearance,35,2,1,15.333333333333334,1,1,1
in_vivo_clearance,35,2,2,5.416666666666667,1,1,1
in_vivo_clearance,35,2,3,4.416666666666667,1,1,1
in_vivo_clearance,35,2,4,4.333333333333333,1,1,1
in_vivo_clearance,35,4,1,11.666666666666666,1,1,1
in_vivo_clearance,35,4,2,2.8333333333333335,1,1,1
in_vivo_clearance,35,4,3,2.8333333333333335,1,1,1
in_vivo_clearance,35,4,4,2.0,1,1,1
in_vivo_clearance,35,8,1,16.333333333333332,1,1,1
in_vivo_clearance,35,8,2,4.916666666666667,1,1,1
in_vivo_clearance,35,8,3,4.333333333333333,1,1,1
in_vivo_clearance,35,8,4,3.3333333333333335,1,1,1
in_vivo_clearance,35,16,1,23.416666666666668,1,1,1
in_vivo_clearance,35,16,2,5.25,1,1,1
in_vivo_clearance,35,16,3,5.25,1,1,1
in_vivo_clearance,35,16,4,4.25,1,1,1
protein_binding,35,-2,1,4.569444444444445,6,5,1
protein_binding,35,-2,2,3.152777777777778,6,5,1
protein_binding,35,-2,3,2.6527777777777777,6,5,1
protein_binding,35,-2,4,2.611111111111111,6,5,1
protein_binding,35,-1,1,23.583333333333332,6,5,1
protein_binding,35,-1,2,15.208333333333334,6,5,1
protein_binding,35,-1,3,11.791666666666666,6,5,1
protein_binding,35,-1,4,9.433333333333334,6,5,1
protein_binding,35,0,1,4.513888888888888,6,5,1
protein_binding,35,0,2,3.097222222222222,6,5,1
protein_binding,35,0,3,2.597222222222222,6,5,1
protein_binding,35,0,4,2.5555555555555554,6,5,1
protein_binding,35,2,1,5.125,6,5,1
protein_binding,35,2,2,3.375,6,5,1
protein_binding,35,2,3,3.1666666666666665,6,5,1
protein_binding,35,2,4,3.013888888888889,6,5,1
protein_binding,35,4,1,4.847222222222222,6,5,1
protein_binding,35,4,2,3.25,6,5,1
protein_binding,35,4,3,3.125,6,5,1
protein_binding,35,4,4,2.9583333333333335,6,5,1
protein_binding,35,8,1,5.138888888888888,6,5,1
protein_binding,35,8,2,3.4166666666666665,6,5,1
protein_binding,35,8,3,3.3194444444444446,6,5,1
protein_binding,35,8,4,3.152777777777778,6,5,1
protein_binding,35,16,1,4.722222222222222,6,5,1
protein_binding,35,16,2,3.1388888888888893,6,5,1
protein_binding,35,16,3,3.1388888888888893,6,5,1
protein_binding,35,16,4,2.9722222222222228,6,5,1
cellular_clearance,35,-2,1,5.916666666666667,13,8,1
cellular_clearance,35,-2,2,4.705128205128205,13,8,1
cellular_clearance,35,-2,3,4.647435897435897,13,8,1
cellular_clearance,35,-2,4,3.705128205128205,13,8,1
cellular_clearance,35,-1,1,14.898351648351648,13,8,1
cellular_clearance,35,-1,2,10.891941391941392,13,8,1
cellular_clearance,35,-1,3,8.473992673992674,13,8,1
cellular_clearance,35,-1,4,7.2214285714285715,13,8,1
cellular_clearance,35,0,1,5.916666666666667,13,8,1
cellular_clearance,35,0,2,4.705128205128205,13,8,1
cellular_clearance,35,0,3,4.647435897435897,13,8,1
cellular_clearance,35,0,4,3.705128205128205,13,8,1
cellular_clearance,35,2,1,7.083333333333333,13,8,1
cellular_clearance,35,2,2,5.4743589743589745,13,8,1
cellular_clearance,35,2,3,5.3076923076923075,13,8,1
cellular_clearance,35,2,4,4.769230769230769,13,8,1
cellular_clearance,35,4,1,8.51923076923077,13,8,1
cellular_clearance,35,4,2,6.897435897435898,13,8,1
cellular_clearance,35,4,3,6.532051282051283,13,8,1
cellular_clearance,35,4,4,6.128205128205129,13,8,1
cellular_clearance,35,8,1,8.557692307692308,13,8,1
cellular_clearance,35,8,2,7.1089743589743595,13,8,1
cellular_clearance,35,8,3,6.8076923076923075,13,8,1
cellular_clearance,35,8,4,6.0,13,8,1
cellular_clearance,35,16,1,8.756410256410255,13,8,1
cellular_clearance,35,16,2,7.435897435897435,13,8,1
cellular_clearance,35,16,3,6.846153846153846,13,8,1
cellular_clearance,35,16,4,6.166666666666667,13,8,1
permeability,35,-2,1,16.427083333333332,8,7,1
permeability,35,-2,2,9.739583333333334,8,7,1
permeability,35,-2,3,9.15625,8,7,1
permeability,35,-2,4,8.96875,8,7,1
permeability,35,-1,1,25.5625,8,7,1
permeability,35,-1,2,17.041666666666668,8,7,1
permeability,35,-1,3,12.78125,8,7,1
permeability,35,-1,4,10.225,8,7,1
permeability,35,0,1,16.291666666666664,8,7,1
permeability,35,0,2,8.916666666666666,8,7,1
permeability,35,0,3,8.3125,8,7,1
permeability,35,0,4,7.947916666666667,8,7,1
permeability,35,2,1,16.708333333333332,8,7,1
permeability,35,2,2,10.479166666666666,8,7,1
permeability,35,2,3,9.927083333333334,8,7,1
permeability,35,2,4,9.458333333333334,8,7,1
permeability,35,4,1,13.9375,8,7,1
permeability,35,4,2,9.65625,8,7,1
permeability,35,4,3,9.0,8,7,1
permeability,35,4,4,8.697916666666666,8,7,1
permeability,35,8,1,14.270833333333334,8,7,1
permeability,35,8,2,9.46875,8,7,1
permeability,35,8,3,8.989583333333334,8,7,1
permeability,35,8,4,8.864583333333334,8,7,1
permeability,35,16,1,13.260416666666666,8,7,1
permeability,35,16,2,8.354166666666668,8,7,1
permeability,35,16,3,7.604166666666667,8,7,1
permeability,35,16,4,7.59375,8,7,1
efflux,35,-2,1,2.5833333333333335,1,1,1
efflux,35,-2,2,2.5833333333333335,1,1,1
efflux,35,-2,3,2.5833333333333335,1,1,1
efflux,35,-2,4,1.5,1,1,1
efflux,35,-1,1,20.0,1,1,1
efflux,35,-1,2,13.333333333333334,1,1,1
efflux,35,-1,3,10.0,1,1,1
efflux,35,-1,4,5.714285714285714,1,1,1
efflux,35,0,1,8.5,1,1,1
efflux,35,0,2,8.5,1,1,1
efflux,35,0,3,4.0,1,1,1
efflux,35,0,4,1.5,1,1,1
efflux,35,2,1,2.5833333333333335,1,1,1
efflux,35,2,2,2.5833333333333335,1,1,1
efflux,35,2,3,2.5833333333333335,1,1,1
efflux,35,2,4,1.5,1,1,1
efflux,35,4,1,1.8333333333333333,1,1,1
efflux,35,4,2,1.8333333333333333,1,1,1
efflux,35,4,3,1.8333333333333333,1,1,1
efflux,35,4,4,1.5,1,1,1
efflux,35,8,1,2.3333333333333335,1,1,1
efflux,35,8,2,2.3333333333333335,1,1,1
efflux,35,8,3,2.3333333333333335,1,1,1
efflux,35,8,4,1.0833333333333333,1,1,1
efflux,35,16,1,1.9166666666666667,1,1,1
efflux,35,16,2,1.9166666666666667,1,1,1
efflux,35,16,3,1.9166666666666667,1,1,1
efflux,35,16,4,1.6666666666666667,1,1,1
all,40,-2,1,10.03306878306878,52,32,6
all,40,-2,2,5.319878472222222,52,32,6
all,40,-2,3,4.672474371693121,52,32,6
all,40,-2,4,4.045758928571428,52,32,6
all,40,-1,1,21.67407083608906,52,32,6
all,40,-1,2,14.733167507164902,52,32,6
all,40,-1,3,11.27447229612594,52,32,6
all,40,-1,4,8.577645521434585,52,32,6
all,40,0,1,9.522466104497353,52,32,6
all,40,0,2,7.155133928571428,52,32,6
all,40,0,3,5.717799272486772,52,32,6
all,40,0,4,4.440600198412699,52,32,6
all,40,2,1,9.030450837742505,52,32,6
all,40,2,2,5.705315806878307,52,32,6
all,40,2,3,4.9967482363315705,52,32,6
all,40,2,4,4.524395116843034,52,32,6
all,40,4,1,8.045827821869489,52,32,6
all,40,4,2,5.2046337632275135,52,32,6
all,40,4,3,4.692053847001763,52,32,6
all,40,4,4,4.262490354938271,52,32,6
all,40,8,1,8.88339809303351,52,32,6
all,40,8,2,5.550698578042328,52,32,6
all,40,8,3,4.98399608686067,52,32,6
all,40,8,4,4.339575066137566,52,32,6
all,40,16,1,9.780450837742505,52,32,6
all,40,16,2,5.201023754409172,52,32,6
all,40,16,3,4.822661761463845,52,32,6
all,40,16,4,4.370108575837743,52,32,6
microsomal_clearance,40,-2,1,7.291666666666666,32,21,1
microsomal_clearance,40,-2,2,5.377604166666667,32,21,1
microsomal_clearance,40,-2,3,3.5130208333333335,32,21,1
microsomal_clearance,40,-2,4,3.453125,32,21,1
microsomal_clearance,40,-1,1,16.057652529761906,32,21,1
microsomal_clearance,40,-1,2,11.135777529761905,32,21,1
microsomal_clearance,40,-1,3,9.115749120670996,32,21,1
microsomal_clearance,40,-1,4,7.974603287337662,32,21,1
microsomal_clearance,40,0,1,7.299479166666666,32,21,1
microsomal_clearance,40,0,2,5.817708333333334,32,21,1
microsomal_clearance,40,0,3,3.6302083333333335,32,21,1
microsomal_clearance,40,0,4,3.453125,32,21,1
microsomal_clearance,40,2,1,7.072916666666666,32,21,1
microsomal_clearance,40,2,2,5.140625,32,21,1
microsomal_clearance,40,2,3,3.2708333333333335,32,21,1
microsomal_clearance,40,2,4,3.1953125,32,21,1
microsomal_clearance,40,4,1,7.302083333333333,32,21,1
microsomal_clearance,40,4,2,4.940104166666667,32,21,1
microsomal_clearance,40,4,3,3.0703125,32,21,1
microsomal_clearance,40,4,4,3.0286458333333335,32,21,1
microsomal_clearance,40,8,1,7.658854166666667,32,21,1
microsomal_clearance,40,8,2,4.919270833333334,32,21,1
microsomal_clearance,40,8,3,3.1744791666666665,32,21,1
microsomal_clearance,40,8,4,3.0989583333333335,32,21,1
microsomal_clearance,40,16,1,7.572916666666666,32,21,1
microsomal_clearance,40,16,2,4.763020833333333,32,21,1
microsomal_clearance,40,16,3,3.1171875,32,21,1
microsomal_clearance,40,16,4,3.098958333333333,32,21,1
in_vivo_clearance,40,-2,1,23.416666666666668,1,1,1
in_vivo_clearance,40,-2,2,5.25,1,1,1
in_vivo_clearance,40,-2,3,5.25,1,1,1
in_vivo_clearance,40,-2,4,4.25,1,1,1
in_vivo_clearance,40,-1,1,20.5,1,1,1
in_vivo_clearance,40,-1,2,13.666666666666666,1,1,1
in_vivo_clearance,40,-1,3,10.25,1,1,1
in_vivo_clearance,40,-1,4,6.833333333333333,1,1,1
in_vivo_clearance,40,0,1,13.583333333333334,1,1,1
in_vivo_clearance,40,0,2,10.0,1,1,1
in_vivo_clearance,40,0,3,10.0,1,1,1
in_vivo_clearance,40,0,4,6.916666666666667,1,1,1
in_vivo_clearance,40,2,1,15.333333333333334,1,1,1
in_vivo_clearance,40,2,2,5.416666666666667,1,1,1
in_vivo_clearance,40,2,3,4.416666666666667,1,1,1
in_vivo_clearance,40,2,4,4.333333333333333,1,1,1
in_vivo_clearance,40,4,1,11.666666666666666,1,1,1
in_vivo_clearance,40,4,2,2.8333333333333335,1,1,1
in_vivo_clearance,40,4,3,2.8333333333333335,1,1,1
in_vivo_clearance,40,4,4,2.0,1,1,1
in_vivo_clearance,40,8,1,16.333333333333332,1,1,1
in_vivo_clearance,40,8,2,4.916666666666667,1,1,1
in_vivo_clearance,40,8,3,4.333333333333333,1,1,1
in_vivo_clearance,40,8,4,3.3333333333333335,1,1,1
in_vivo_clearance,40,16,1,23.416666666666668,1,1,1
in_vivo_clearance,40,16,2,5.25,1,1,1
in_vivo_clearance,40,16,3,5.25,1,1,1
in_vivo_clearance,40,16,4,4.25,1,1,1
protein_binding,40,-2,1,6.291666666666666,2,2,1
protein_binding,40,-2,2,6.291666666666666,2,2,1
protein_binding,40,-2,3,4.791666666666666,2,2,1
protein_binding,40,-2,4,4.666666666666666,2,2,1
protein_binding,40,-1,1,32.75,2,2,1
protein_binding,40,-1,2,21.833333333333332,2,2,1
protein_binding,40,-1,3,16.375,2,2,1
protein_binding,40,-1,4,13.1,2,2,1
protein_binding,40,0,1,6.291666666666666,2,2,1
protein_binding,40,0,2,6.291666666666666,2,2,1
protein_binding,40,0,3,4.791666666666666,2,2,1
protein_binding,40,0,4,4.666666666666666,2,2,1
protein_binding,40,2,1,6.5,2,2,1
protein_binding,40,2,2,6.5,2,2,1
protein_binding,40,2,3,5.875,2,2,1
protein_binding,40,2,4,5.416666666666667,2,2,1
protein_binding,40,4,1,6.791666666666667,2,2,1
protein_binding,40,4,2,6.791666666666667,2,2,1
protein_binding,40,4,3,6.416666666666667,2,2,1
protein_binding,40,4,4,5.916666666666667,2,2,1
protein_binding,40,8,1,7.0,2,2,1
protein_binding,40,8,2,7.0,2,2,1
protein_binding,40,8,3,6.708333333333333,2,2,1
protein_binding,40,8,4,6.208333333333333,2,2,1
protein_binding,40,16,1,6.75,2,2,1
protein_binding,40,16,2,6.75,2,2,1
protein_binding,40,16,3,6.75,2,2,1
protein_binding,40,16,4,6.25,2,2,1
cellular_clearance,40,-2,1,5.222222222222222,9,6,1
cellular_clearance,40,-2,2,3.9166666666666665,9,6,1
cellular_clearance,40,-2,3,3.861111111111111,9,6,1
cellular_clearance,40,-2,4,2.5,9,6,1
cellular_clearance,40,-1,1,14.093915343915343,9,6,1
cellular_clearance,40,-1,2,10.667989417989418,9,6,1
cellular_clearance,40,-1,3,8.584656084656084,9,6,1
cellular_clearance,40,-1,4,7.186507936507937,9,6,1
cellular_clearance,40,0,1,5.222222222222222,9,6,1
cellular_clearance,40,0,2,3.9166666666666665,9,6,1
cellular_clearance,40,0,3,3.861111111111111,9,6,1
cellular_clearance,40,0,4,2.5,9,6,1
cellular_clearance,40,2,1,6.324074074074074,9,6,1
cellular_clearance,40,2,2,4.722222222222222,9,6,1
cellular_clearance,40,2,3,4.537037037037037,9,6,1
cellular_clearance,40,2,4,3.796296296296296,9,6,1
cellular_clearance,40,4,1,7.074074074074074,9,6,1
cellular_clearance,40,4,2,6.055555555555555,9,6,1
cellular_clearance,40,4,3,5.62962962962963,9,6,1
cellular_clearance,40,4,4,5.046296296296297,9,6,1
cellular_clearance,40,8,1,7.046296296296296,9,6,1
cellular_clearance,40,8,2,5.944444444444445,9,6,1
cellular_clearance,40,8,3,5.5092592592592595,9,6,1
cellular_clearance,40,8,4,4.527777777777778,9,6,1
cellular_clearance,40,16,1,6.7407407407407405,9,6,1
cellular_clearance,40,16,2,5.657407407407407,9,6,1
cellular_clearance,40,16,3,5.1759259259259265,9,6,1
cellular_clearance,40,16,4,4.2407407407407405,9,6,1
permeability,40,-2,1,15.392857142857142,7,6,1
permeability,40,-2,2,8.5,7,6,1
permeability,40,-2,3,8.035714285714286,7,6,1
permeability,40,-2,4,7.904761904761904,7,6,1
permeability,40,-1,1,26.642857142857142,7,6,1
permeability,40,-1,2,17.761904761904763,7,6,1
permeability,40,-1,3,13.321428571428571,7,6,1
permeability,40,-1,4,10.657142857142857,7,6,1
permeability,40,0,1,16.238095238095237,7,6,1
permeability,40,0,2,8.404761904761905,7,6,1
permeability,40,0,3,8.023809523809524,7,6,1
permeability,40,0,4,7.607142857142857,7,6,1
permeability,40,2,1,16.369047619047617,7,6,1
permeability,40,2,2,9.86904761904762,7,6,1
permeability,40,2,3,9.29761904761905,7,6,1
permeability,40,2,4,8.904761904761905,7,6,1
permeability,40,4,1,13.607142857142858,7,6,1
permeability,40,4,2,8.773809523809524,7,6,1
permeability,40,4,3,8.369047619047619,7,6,1
permeability,40,4,4,8.083333333333332,7,6,1
permeability,40,8,1,12.928571428571429,7,6,1
permeability,40,8,2,8.190476190476192,7,6,1
permeability,40,8,3,7.845238095238095,7,6,1
permeability,40,8,4,7.785714285714286,7,6,1
permeability,40,16,1,12.285714285714286,7,6,1
permeability,40,16,2,6.8690476190476195,7,6,1
permeability,40,16,3,6.726190476190476,7,6,1
permeability,40,16,4,6.714285714285714,7,6,1
efflux,40,-2,1,2.5833333333333335,1,1,1
efflux,40,-2,2,2.5833333333333335,1,1,1
efflux,40,-2,3,2.5833333333333335,1,1,1
efflux,40,-2,4,1.5,1,1,1
efflux,40,-1,1,20.0,1,1,1
efflux,40,-1,2,13.333333333333334,1,1,1
efflux,40,-1,3,10.0,1,1,1
efflux,40,-1,4,5.714285714285714,1,1,1
efflux,40,0,1,8.5,1,1,1
efflux,40,0,2,8.5,1,1,1
efflux,40,0,3,4.0,1,1,1
efflux,40,0,4,1.5,1,1,1
efflux,40,2,1,2.5833333333333335,1,1,1
efflux,40,2,2,2.5833333333333335,1,1,1
efflux,40,2,3,2.5833333333333335,1,1,1
efflux,40,2,4,1.5,1,1,1
efflux,40,4,1,1.8333333333333333,1,1,1
efflux,40,4,2,1.8333333333333333,1,1,1
efflux,40,4,3,1.8333333333333333,1,1,1
efflux,40,4,4,1.5,1,1,1
efflux,40,8,1,2.3333333333333335,1,1,1
efflux,40,8,2,2.3333333333333335,1,1,1
efflux,40,8,3,2.3333333333333335,1,1,1
efflux,40,8,4,1.0833333333333333,1,1,1
efflux,40,16,1,1.9166666666666667,1,1,1
efflux,40,16,2,1.9166666666666667,1,1,1
efflux,40,16,3,1.9166666666666667,1,1,1
efflux,40,16,4,1.6666666666666667,1,1,1
all,45,-2,1,9.723710317460316,30,18,4
all,45,-2,2,6.380787037037037,30,18,4
all,45,-2,3,5.510499338624339,30,18,4
all,45,-2,4,4.952628968253968,30,18,4
all,45,-1,1,27.156769416099777,30,18,4
all,45,-1,2,18.43487788170824,30,18,4
all,45,-1,3,14.330182114512471,30,18,4
all,45,-1,4,11.811994283824642,30,18,4
all,45,0,1,9.330770502645503,30,18,4
all,45,0,2,6.125578703703704,30,18,4
all,45,0,3,5.163277116402117,30,18,4
all,45,0,4,4.553323412698413,30,18,4
all,45,2,1,10.324074074074073,30,18,4
all,45,2,2,6.957423941798941,30,18,4
all,45,2,3,6.381696428571429,30,18,4
all,45,2,4,5.729828042328042,30,18,4
all,45,4,1,9.295717592592592,30,18,4
all,45,4,2,6.813657407407407,30,18,4
all,45,4,3,6.412863756613756,30,18,4
all,45,4,4,5.878720238095238,30,18,4
all,45,8,1,9.058779761904765,30,18,4
all,45,8,2,6.517195767195767,30,18,4
all,45,8,3,6.140046296296297,30,18,4
all,45,8,4,5.541005291005291,30,18,4
all,45,16,1,8.733713624338623,30,18,4
all,45,16,2,5.924685846560847,30,18,4
all,45,16,3,5.743303571428572,30,18,4
all,45,16,4,5.184606481481482,30,18,4
microsomal_clearance,45,-2,1,5.722222222222222,18,11,1
microsomal_clearance,45,-2,2,4.648148148148149,18,11,1
microsomal_clearance,45,-2,3,4.592592592592593,18,11,1
microsomal_clearance,45,-2,4,4.486111111111111,18,11,1
microsomal_clearance,45,-1,1,18.26823412698413,18,11,1
microsomal_clearance,45,-1,2,12.499715608465609,18,11,1
microsomal_clearance,45,-1,3,10.64045634920635,18,11,1
microsomal_clearance,45,-1,4,9.303419312169313,18,11,1
microsomal_clearance,45,0,1,5.671296296296296,18,11,1
microsomal_clearance,45,0,2,4.689814814814815,18,11,1
microsomal_clearance,45,0,3,4.578703703703704,18,11,1
microsomal_clearance,45,0,4,4.263888888888889,18,11,1
microsomal_clearance,45,2,1,5.337962962962963,18,11,1
microsomal_clearance,45,2,2,4.231481481481482,18,11,1
microsomal_clearance,45,2,3,4.166666666666667,18,11,1
microsomal_clearance,45,2,4,4.032407407407408,18,11,1
microsomal_clearance,45,4,1,5.787037037037037,18,11,1
microsomal_clearance,45,4,2,3.9212962962962967,18,11,1
microsomal_clearance,45,4,3,3.865740740740742,18,11,1
microsomal_clearance,45,4,4,3.7916666666666665,18,11,1
microsomal_clearance,45,8,1,6.333333333333333,18,11,1
microsomal_clearance,45,8,2,4.217592592592593,18,11,1
microsomal_clearance,45,8,3,4.143518518518518,18,11,1
microsomal_clearance,45,8,4,4.0092592592592595,18,11,1
microsomal_clearance,45,16,1,6.300925925925926,18,11,1
microsomal_clearance,45,16,2,4.231481481481482,18,11,1
microsomal_clearance,45,16,3,4.125,18,11,1
microsomal_clearance,45,16,4,4.092592592592593,18,11,1
protein_binding,45,-2,1,4.75,1,1,1
protein_binding,45,-2,2,4.75,1,1,1
protein_binding,45,-2,3,1.75,1,1,1
protein_binding,45,-2,4,1.5,1,1,1
protein_binding,45,-1,1,45.5,1,1,1
protein_binding,45,-1,2,30.333333333333332,1,1,1
protein_binding,45,-1,3,22.75,1,1,1
protein_binding,45,-1,4,18.2,1,1,1
protein_binding,45,0,1,4.75,1,1,1
protein_binding,45,0,2,4.75,1,1,1
protein_binding,45,0,3,1.75,1,1,1
protein_binding,45,0,4,1.5,1,1,1
protein_binding,45,2,1,4.0,1,1,1
protein_binding,45,2,2,4.0,1,1,1
protein_binding,45,2,3,2.75,1,1,1
protein_binding,45,2,4,1.8333333333333333,1,1,1
protein_binding,45,4,1,4.0,1,1,1
protein_binding,45,4,2,4.0,1,1,1
protein_binding,45,4,3,3.3333333333333335,1,1,1
protein_binding,45,4,4,2.3333333333333335,1,1,1
protein_binding,45,8,1,3.5,1,1,1
protein_binding,45,8,2,3.5,1,1,1
protein_binding,45,8,3,2.9166666666666665,1,1,1
protein_binding,45,8,4,1.9166666666666667,1,1,1
protein_binding,45,16,1,3.6666666666666665,1,1,1
protein_binding,45,16,2,3.6666666666666665,1,1,1
protein_binding,45,16,3,3.6666666666666665,1,1,1
protein_binding,45,16,4,2.6666666666666665,1,1,1
cellular_clearance,45,-2,1,5.964285714285714,7,5,1
cellular_clearance,45,-2,2,4.75,7,5,1
cellular_clearance,45,-2,3,4.678571428571429,7,5,1
cellular_clearance,45,-2,4,2.9285714285714284,7,5,1
cellular_clearance,45,-1,1,13.358843537414966,7,5,1
cellular_clearance,45,-1,2,9.906462585034015,7,5,1
cellular_clearance,45,-1,3,8.180272108843537,7,5,1
cellular_clearance,45,-1,4,7.144557823129252,7,5,1
cellular_clearance,45,0,1,5.964285714285714,7,5,1
cellular_clearance,45,0,2,4.75,7,5,1
cellular_clearance,45,0,3,4.678571428571429,7,5,1
cellular_clearance,45,0,4,2.9285714285714284,7,5,1
cellular_clearance,45,2,1,7.5,7,5,1
cellular_clearance,45,2,2,5.785714285714286,7,5,1
cellular_clearance,45,2,3,5.547619047619048,7,5,1
cellular_clearance,45,2,4,4.595238095238095,7,5,1
cellular_clearance,45,4,1,8.25,7,5,1
cellular_clearance,45,4,2,7.5,7,5,1
cellular_clearance,45,4,3,6.952380952380952,7,5,1
cellular_clearance,45,4,4,6.202380952380953,7,5,1
cellular_clearance,45,8,1,8.214285714285714,7,5,1
cellular_clearance,45,8,2,7.30952380952381,7,5,1
cellular_clearance,45,8,3,6.75,7,5,1
cellular_clearance,45,8,4,5.488095238095238,7,5,1
cellular_clearance,45,16,1,7.238095238095238,7,5,1
cellular_clearance,45,16,2,6.988095238095238,7,5,1
cellular_clearance,45,16,3,6.3690476190476195,7,5,1
cellular_clearance,45,16,4,5.166666666666666,7,5,1
permeability,45,-2,1,22.458333333333332,4,4,1
permeability,45,-2,2,11.375,4,4,1
permeability,45,-2,3,11.020833333333332,4,4,1
permeability,45,-2,4,10.895833333333332,4,4,1
permeability,45,-1,1,31.5,4,4,1
permeability,45,-1,2,21.0,4,4,1
permeability,45,-1,3,15.75,4,4,1
permeability,45,-1,4,12.6,4,4,1
permeability,45,0,1,20.9375,4,4,1
permeability,45,0,2,10.3125,4,4,1
permeability,45,0,3,9.645833333333334,4,4,1
permeability,45,0,4,9.520833333333334,4,4,1
permeability,45,2,1,24.458333333333332,4,4,1
permeability,45,2,2,13.8125,4,4,1
permeability,45,2,3,13.0625,4,4,1
permeability,45,2,4,12.458333333333334,4,4,1
permeability,45,4,1,19.145833333333336,4,4,1
permeability,45,4,2,11.833333333333332,4,4,1
permeability,45,4,3,11.5,4,4,1
permeability,45,4,4,11.1875,4,4,1
permeability,45,8,1,18.1875,4,4,1
permeability,45,8,2,11.041666666666668,4,4,1
permeability,45,8,3,10.75,4,4,1
permeability,45,8,4,10.75,4,4,1
permeability,45,16,1,17.729166666666664,4,4,1
permeability,45,16,2,8.8125,4,4,1
permeability,45,16,3,8.8125,4,4,1
permeability,45,16,4,8.8125,4,4,1
all,50,-2,1,11.360119047619047,20,13,4
all,50,-2,2,8.135416666666668,20,13,4
all,50,-2,3,7.216517857142857,20,13,4
all,50,-2,4,5.2299107142857135,20,13,4
all,50,-1,1,30.63596301020408,20,13,4
all,50,-1,2,20.37703443877551,20,13,4
all,50,-1,3,15.61810586734694,20,13,4
all,50,-1,4,12.66691539115646,20,13,4
all,50,0,1,10.979910714285715,20,13,4
all,50,0,2,7.883184523809524,20,13,4
all,50,0,3,6.868303571428571,20,13,4
all,50,0,4,4.814732142857142,20,13,4
all,50,2,1,10.28125,20,13,4
all,50,2,2,7.384672619047619,20,13,4
all,50,2,3,6.863839285714286,20,13,4
all,50,2,4,6.385416666666667,20,13,4
all,50,4,1,9.326636904761903,20,13,4
all,50,4,2,7.03422619047619,20,13,4
all,50,4,3,6.7663690476190474,20,13,4
all,50,4,4,6.424851190476191,20,13,4
all,50,8,1,8.786458333333332,20,13,4
all,50,8,2,6.456845238095238,20,13,4
all,50,8,3,6.220238095238096,20,13,4
all,50,8,4,5.927083333333334,20,13,4
all,50,16,1,9.168898809523808,20,13,4
all,50,16,2,6.392113095238096,20,13,4
all,50,16,3,6.3742559523809526,20,13,4
all,50,16,4,5.9471726190476195,20,13,4
microsomal_clearance,50,-2,1,5.232142857142857,14,8,1
microsomal_clearance,50,-2,2,4.416666666666667,14,8,1
microsomal_clearance,50,-2,3,4.345238095238096,14,8,1
microsomal_clearance,50,-2,4,4.273809523809524,14,8,1
microsomal_clearance,50,-1,1,20.04385204081633,14,8,1
microsomal_clearance,50,-1,2,13.174804421768709,14,8,1
microsomal_clearance,50,-1,3,11.222423469387754,14,8,1
microsomal_clearance,50,-1,4,9.66766156462585,14,8,1
microsomal_clearance,50,0,1,5.232142857142857,14,8,1
microsomal_clearance,50,0,2,4.470238095238096,14,8,1
microsomal_clearance,50,0,3,4.3273809523809526,14,8,1
microsomal_clearance,50,0,4,3.988095238095238,14,8,1
microsomal_clearance,50,2,1,5.25,14,8,1
microsomal_clearance,50,2,2,4.392857142857143,14,8,1
microsomal_clearance,50,2,3,4.309523809523809,14,8,1
microsomal_clearance,50,2,4,4.166666666666667,14,8,1
microsomal_clearance,50,4,1,5.827380952380952,14,8,1
microsomal_clearance,50,4,2,3.9702380952380953,14,8,1
microsomal_clearance,50,4,3,3.898809523809524,14,8,1
microsomal_clearance,50,4,4,3.8452380952380953,14,8,1
microsomal_clearance,50,8,1,6.541666666666666,14,8,1
microsomal_clearance,50,8,2,4.369047619047619,14,8,1
microsomal_clearance,50,8,3,4.2976190476190474,14,8,1
microsomal_clearance,50,8,4,4.125,14,8,1
microsomal_clearance,50,16,1,6.613095238095238,14,8,1
microsomal_clearance,50,16,2,4.4226190476190474,14,8,1
microsomal_clearance,50,16,3,4.351190476190476,14,8,1
microsomal_clearance,50,16,4,4.309523809523809,14,8,1
protein_binding,50,-2,1,4.75,1,1,1
protein_binding,50,-2,2,4.75,1,1,1
protein_binding,50,-2,3,1.75,1,1,1
protein_binding,50,-2,4,1.5,1,1,1
protein_binding,50,-1,1,45.5,1,1,1
protein_binding,50,-1,2,30.333333333333332,1,1,1
protein_binding,50,-1,3,22.75,1,1,1
protein_binding,50,-1,4,18.2,1,1,1
protein_binding,50,0,1,4.75,1,1,1
protein_binding,50,0,2,4.75,1,1,1
protein_binding,50,0,3,1.75,1,1,1
protein_binding,50,0,4,1.5,1,1,1
protein_binding,50,2,1,4.0,1,1,1
protein_binding,50,2,2,4.0,1,1,1
protein_binding,50,2,3,2.75,1,1,1
protein_binding,50,2,4,1.8333333333333333,1,1,1
protein_binding,50,4,1,4.0,1,1,1
protein_binding,50,4,2,4.0,1,1,1
protein_binding,50,4,3,3.3333333333333335,1,1,1
protein_binding,50,4,4,2.3333333333333335,1,1,1
protein_binding,50,8,1,3.5,1,1,1
protein_binding,50,8,2,3.5,1,1,1
protein_binding,50,8,3,2.9166666666666665,1,1,1
protein_binding,50,8,4,1.9166666666666667,1,1,1
protein_binding,50,16,1,3.6666666666666665,1,1,1
protein_binding,50,16,2,3.6666666666666665,1,1,1
protein_binding,50,16,3,3.6666666666666665,1,1,1
protein_binding,50,16,4,2.6666666666666665,1,1,1
cellular_clearance,50,-2,1,13.0,1,1,1
cellular_clearance,50,-2,2,12.0,1,1,1
cellular_clearance,50,-2,3,11.75,1,1,1
cellular_clearance,50,-2,4,4.25,1,1,1
cellular_clearance,50,-1,1,25.5,1,1,1
cellular_clearance,50,-1,2,17.0,1,1,1
cellular_clearance,50,-1,3,12.75,1,1,1
cellular_clearance,50,-1,4,10.2,1,1,1
cellular_clearance,50,0,1,13.0,1,1,1
cellular_clearance,50,0,2,12.0,1,1,1
cellular_clearance,50,0,3,11.75,1,1,1
cellular_clearance,50,0,4,4.25,1,1,1
cellular_clearance,50,2,1,7.416666666666667,1,1,1
cellular_clearance,50,2,2,7.333333333333333,1,1,1
cellular_clearance,50,2,3,7.333333333333333,1,1,1
cellular_clearance,50,2,4,7.083333333333333,1,1,1
cellular_clearance,50,4,1,8.333333333333334,1,1,1
cellular_clearance,50,4,2,8.333333333333334,1,1,1
cellular_clearance,50,4,3,8.333333333333334,1,1,1
cellular_clearance,50,4,4,8.333333333333334,1,1,1
cellular_clearance,50,8,1,6.916666666666667,1,1,1
cellular_clearance,50,8,2,6.916666666666667,1,1,1
cellular_clearance,50,8,3,6.916666666666667,1,1,1
cellular_clearance,50,8,4,6.916666666666667,1,1,1
cellular_clearance,50,16,1,8.666666666666666,1,1,1
cellular_clearance,50,16,2,8.666666666666666,1,1,1
cellular_clearance,50,16,3,8.666666666666666,1,1,1
cellular_clearance,50,16,4,8.0,1,1,1
permeability,50,-2,1,22.458333333333332,4,4,1
permeability,50,-2,2,11.375,4,4,1
permeability,50,-2,3,11.020833333333332,4,4,1
permeability,50,-2,4,10.895833333333332,4,4,1
permeability,50,-1,1,31.5,4,4,1
permeability,50,-1,2,21.0,4,4,1
permeability,50,-1,3,15.75,4,4,1
permeability,50,-1,4,12.6,4,4,1
permeability,50,0,1,20.9375,4,4,1
permeability,50,0,2,10.3125,4,4,1
permeability,50,0,3,9.645833333333334,4,4,1
permeability,50,0,4,9.520833333333334,4,4,1
permeability,50,2,1,24.458333333333332,4,4,1
permeability,50,2,2,13.8125,4,4,1
permeability,50,2,3,13.0625,4,4,1
permeability,50,2,4,12.458333333333334,4,4,1
permeability,50,4,1,19.145833333333336,4,4,1
permeability,50,4,2,11.833333333333332,4,4,1
permeability,50,4,3,11.5,4,4,1
permeability,50,4,4,11.1875,4,4,1
permeability,50,8,1,18.1875,4,4,1
permeability,50,8,2,11.041666666666668,4,4,1
permeability,50,8,3,10.75,4,4,1
permeability,50,8,4,10.75,4,4,1
permeability,50,16,1,17.729166666666664,4,4,1
permeability,50,16,2,8.8125,4,4,1
permeability,50,16,3,8.8125,4,4,1
permeability,50,16,4,8.8125,4,4,1
