endpoint,method,completed_folds,included
microsomal_clearance,reference,5,True
microsomal_clearance,transfer,5,True
microsomal_clearance,finetune,5,True
microsomal_clearance,neural_mean_gp,5,True
microsomal_clearance,alpaca,5,True
microsomal_clearance,maml,5,True
microsomal_clearance,anil,5,True
microsomal_clearance,cnp,5,True
microsomal_clearance,anp,5,True
microsomal_clearance,tnp_d,5,True
microsomal_clearance,dkt,5,True
microsomal_clearance,adkf_ift,5,True
in_vivo_clearance,reference,5,True
in_vivo_clearance,transfer,5,True
in_vivo_clearance,finetune,5,True
in_vivo_clearance,neural_mean_gp,5,True
in_vivo_clearance,alpaca,5,True
in_vivo_clearance,maml,4,False
in_vivo_clearance,anil,5,True
in_vivo_clearance,cnp,5,True
in_vivo_clearance,anp,5,True
in_vivo_clearance,tnp_d,5,True
in_vivo_clearance,dkt,5,True
in_vivo_clearance,adkf_ift,5,True
protein_binding,reference,5,True
protein_binding,transfer,5,True
protein_binding,finetune,5,True
protein_binding,neural_mean_gp,5,True
protein_binding,alpaca,5,True
protein_binding,maml,1,False
protein_binding,anil,5,True
protein_binding,cnp,5,True
protein_binding,anp,5,True
protein_binding,tnp_d,5,True
protein_binding,dkt,5,True
protein_binding,adkf_ift,5,True
cellular_clearance,reference,5,True
cellular_clearance,transfer,5,True
cellular_clearance,finetune,5,True
cellular_clearance,neural_mean_gp,5,True
cellular_clearance,alpaca,5,True
cellular_clearance,maml,3,False
cellular_clearance,anil,5,True
cellular_clearance,cnp,5,True
cellular_clearance,anp,5,True
cellular_clearance,tnp_d,5,True
cellular_clearance,dkt,5,True
cellular_clearance,adkf_ift,5,True
permeability,reference,5,True
permeability,transfer,5,True
permeability,finetune,5,True
permeability,neural_mean_gp,5,True
permeability,alpaca,5,True
permeability,maml,5,True
permeability,anil,5,True
permeability,cnp,5,True
permeability,anp,5,True
permeability,tnp_d,5,True
permeability,dkt,5,True
permeability,adkf_ift,5,True
efflux,reference,5,True
efflux,transfer,5,True
efflux,finetune,5,True
efflux,neural_mean_gp,5,True
efflux,alpaca,5,True
efflux,maml,5,True
efflux,anil,5,True
efflux,cnp,5,True
efflux,anp,5,True
efflux,tnp_d,5,True
efflux,dkt,5,True
efflux,adkf_ift,5,True
