method,r2,spearman,nll,coverage90,width90,top1,top2,top3,top4
neural_mean_gp,0.3224636595318073,0.37109343229630243,1.0194686264257624,0.869224271178857,1.881905069680947,5.721222907761457,3.81152789095225,3.0444511772406346,2.4676198112816246
alpaca,0.2675272062922861,0.3454165952454644,1.0497146679814164,0.843937659587236,1.8082384841782544,5.86898314026979,3.725234326403356,3.045204441290634,2.5065956279582107
reference,0.3435814494820481,0.37622876418272716,0.9325305649501906,0.8737205616371321,1.947572697755853,5.90717333538966,3.9225332852861445,3.0544095119900763,2.4376816050574988
dkt,0.24008691568080828,0.28146013433866984,1.0439566216988811,0.861348671257081,1.9408300347616125,6.721460976859464,4.285016286988581,3.5902201176110027,2.999814609850249
tnp_d,0.26378319179230014,0.2810719383432276,1.0190192808550294,0.9035138910796695,2.314837747914219,6.778936532343985,4.551552402019115,3.585218809338084,2.760148323111771
anil,0.28577829290181794,0.2909631762262552,0.9939555718291498,0.9003399487067253,2.2052475615746086,6.80041216221417,4.731921028691773,3.6558311910696184,2.950511948038048
cnp,0.263687303826428,0.29532460258718446,1.0213478469802244,0.9083263519187516,2.3250440568810578,6.883522065184933,4.493959588045377,3.3506598828334724,2.6869061280904796
adkf_ift,0.2247755661362303,0.24585846844663028,1.0527265725749857,0.8695457348740167,2.1140587627208234,6.893273246539134,4.4052338331351,3.6049565382617197,2.975440642410282
finetune,0.29088539479401276,0.29357006204655056,0.9943106752683936,0.9021415944516078,2.2282142262798437,6.920620676815094,4.703523227964131,3.6273960055075656,2.935877062076575
anp,0.2694473844006658,0.27713998236741316,1.0148079249412911,0.9077485244416584,2.329610348579402,7.0235847119662855,4.367459276118944,3.3958317790401242,2.7134413792092165
transfer,0.27069579931675153,0.27902302355513675,1.0386963600807675,0.8962133985267021,2.2247733779399996,7.094217917486696,4.7965224416756325,3.717546185634274,2.995356734188316
random,,,,,,10.423286114411143,6.940170447565676,5.356836070804058,4.351156694447458
