endpoint,method,reference,cutoff,top,difference,lower,upper,linked_groups
cellular_clearance,adkf_ift,reference,3,1,0.23759541984732824,0.0581570996978852,0.5077977455521897,1724
cellular_clearance,adkf_ift,reference,3,2,0.17032442748091603,0.043070092919674396,0.31224305250573364,1724
cellular_clearance,adkf_ift,reference,3,3,0.15124045801526717,0.035327276501739106,0.2606746260791006,1724
cellular_clearance,adkf_ift,reference,3,4,0.16889312977099236,0.07550916250107731,0.2953995686528991,1724
efflux,adkf_ift,reference,3,1,0.29472140762463345,0.04780413551965276,0.5660336642469109,1724
efflux,adkf_ift,reference,3,2,0.16788856304985336,-0.011543197318453071,0.34311908983451517,1724
efflux,adkf_ift,reference,3,3,0.14516129032258066,0.002636005889631756,0.2755442347611841,1724
efflux,adkf_ift,reference,3,4,0.1590909090909091,0.05753231260406117,0.2756056091605547,1724
in_vivo_clearance,adkf_ift,reference,3,1,0.09497206703910614,-0.026615782570679102,0.2565494561183119,1724
in_vivo_clearance,adkf_ift,reference,3,2,0.01303538175046555,-0.07260945231076955,0.1261415214233841,1724
in_vivo_clearance,adkf_ift,reference,3,3,0.040502793296089384,-0.02654668299389877,0.10914146272269076,1724
in_vivo_clearance,adkf_ift,reference,3,4,0.03584729981378026,-0.021625805851723284,0.08627202857427556,1724
microsomal_clearance,adkf_ift,reference,3,1,0.4501915708812261,0.32598580847804226,0.5983082227439609,1724
microsomal_clearance,adkf_ift,reference,3,2,0.29652435686918444,0.2044363147524834,0.4145739832124137,1724
microsomal_clearance,adkf_ift,reference,3,3,0.2501368363437329,0.18114694381629246,0.3326554307914071,1724
microsomal_clearance,adkf_ift,reference,3,4,0.1960864805692392,0.14178793532338307,0.2602625071942729,1724
permeability,adkf_ift,reference,3,1,0.3817829457364341,0.14078788589459323,0.6599870049578641,1724
permeability,adkf_ift,reference,3,2,0.24709302325581395,0.09157442866928202,0.41011142721669025,1724
permeability,adkf_ift,reference,3,3,0.1923449612403101,0.06224957773749691,0.3404441177901412,1724
permeability,adkf_ift,reference,3,4,0.2131782945736434,0.110916105225705,0.32729995725772687,1724
protein_binding,adkf_ift,reference,3,1,0.3880681818181818,0.2662811686042818,0.46459399351508224,1724
protein_binding,adkf_ift,reference,3,2,0.2,0.11026332317061052,0.26440793708787863,1724
protein_binding,adkf_ift,reference,3,3,0.13863636363636364,0.0773856045149401,0.186000904803685,1724
protein_binding,adkf_ift,reference,3,4,0.061931818181818185,0.008275933432290479,0.09264224002963654,1724
macro,adkf_ift,reference,3,1,0.307888598824485,0.23000414629853952,0.4096070229216433,1724
macro,adkf_ift,reference,3,2,0.18247762540103887,0.12959051132787802,0.2494030060047748,1724
macro,adkf_ift,reference,3,3,0.15300378380905733,0.11272906336337575,0.1991595675206926,1724
macro,adkf_ift,reference,3,4,0.13917132200006374,0.10597364590870505,0.1808357272968907,1724
cellular_clearance,alpaca,reference,3,1,0.03959923664122137,-0.09066275764036957,0.21996935864646852,1724
cellular_clearance,alpaca,reference,3,2,-0.033396946564885496,-0.15438314100341738,0.0990974055009051,1724
cellular_clearance,alpaca,reference,3,3,0.021469465648854963,-0.08783625730994152,0.1344219075123771,1724
cellular_clearance,alpaca,reference,3,4,0.06536259541984733,-0.009722357328145265,0.17686292613636356,1724
efflux,alpaca,reference,3,1,0.12609970674486803,-0.09277764577239299,0.331846888712823,1724
efflux,alpaca,reference,3,2,0.047653958944281524,-0.09562623797396719,0.16881128999881037,1724
efflux,alpaca,reference,3,3,0.02932551319648094,-0.07374113983149763,0.12289536062325004,1724
efflux,alpaca,reference,3,4,0.030058651026392963,-0.05100778842862034,0.10174568448813233,1724
in_vivo_clearance,alpaca,reference,3,1,0.027932960893854747,-0.09562484287438687,0.18795926686266556,1724
in_vivo_clearance,alpaca,reference,3,2,0.0074487895716946,-0.06952952132613151,0.11221078273040481,1724
in_vivo_clearance,alpaca,reference,3,3,0.04003724394785847,-0.017524954980129157,0.10730603138691369,1724
in_vivo_clearance,alpaca,reference,3,4,0.019087523277467412,-0.03067878657487091,0.061191264810827865,1724
microsomal_clearance,alpaca,reference,3,1,0.03804050355774494,-0.02657474900475353,0.09452654395263685,1724
microsomal_clearance,alpaca,reference,3,2,-0.022988505747126436,-0.07591434118731077,0.02222478501239431,1724
microsomal_clearance,alpaca,reference,3,3,-0.019157088122605363,-0.054888113725138354,0.01624387904914441,1724
microsomal_clearance,alpaca,reference,3,4,-0.0006841817186644773,-0.029866665346848273,0.028298397133407975,1724
permeability,alpaca,reference,3,1,0.0809108527131783,-0.08483312563011089,0.24718874842304456,1724
permeability,alpaca,reference,3,2,0.0009689922480620155,-0.1216629153569825,0.13988469344904772,1724
permeability,alpaca,reference,3,3,-0.003875968992248062,-0.09263708488202974,0.10586167436733251,1724
permeability,alpaca,reference,3,4,0.007267441860465116,-0.07103074498208727,0.09219072534403669,1724
protein_binding,alpaca,reference,3,1,0.07357954545454545,-0.043333333333333335,0.1385905279345336,1724
protein_binding,alpaca,reference,3,2,0.022727272727272728,-0.05141278714128686,0.06407408304796362,1724
protein_binding,alpaca,reference,3,3,0.015056818181818182,-0.04016899626461019,0.047580587094544394,1724
protein_binding,alpaca,reference,3,4,-0.0002840909090909091,-0.04554363743661479,0.023317793138465433,1724
macro,alpaca,reference,3,1,0.06436046766756881,0.012667611762428014,0.11961199838907063,1724
macro,alpaca,reference,3,2,0.0037355935298831557,-0.03724649983502675,0.04683839467787408,1724
macro,alpaca,reference,3,3,0.013809330643359858,-0.020124252315131097,0.04692980633844563,1724
macro,alpaca,reference,3,4,0.020134656492736238,-0.006522821447298815,0.047477210151122766,1724
cellular_clearance,anil,reference,3,1,0.1674618320610687,-0.015048978079000316,0.30908369766456234,1724
cellular_clearance,anil,reference,3,2,0.11116412213740458,-0.014411328802776171,0.2164955367641624,1724
cellular_clearance,anil,reference,3,3,0.053912213740458015,-0.05464709922430511,0.15764013461658444,1724
cellular_clearance,anil,reference,3,4,0.04341603053435115,-0.04475047831632653,0.12441123188405788,1724
efflux,anil,reference,3,1,0.09970674486803519,-0.07991303372378612,0.29307448971491074,1724
efflux,anil,reference,3,2,0.04472140762463343,-0.10165517883755588,0.19353251887079184,1724
efflux,anil,reference,3,3,0.005865102639296188,-0.12460844325508871,0.129421992688191,1724
efflux,anil,reference,3,4,-0.028592375366568914,-0.12253295265011119,0.059225798872180366,1724
in_vivo_clearance,anil,reference,3,1,0.21787709497206703,0.05740621267842017,0.3644248838321715,1724
in_vivo_clearance,anil,reference,3,2,0.12197392923649907,0.02213702559576346,0.2270985311209474,1724
in_vivo_clearance,anil,reference,3,3,0.0782122905027933,-0.021952331728252904,0.16851523968157822,1724
in_vivo_clearance,anil,reference,3,4,0.06052141527001862,-0.018368768650166754,0.13711601813812882,1724
microsomal_clearance,anil,reference,3,1,0.17090859332238642,0.06926909618938522,0.2606141327298764,1724
microsomal_clearance,anil,reference,3,2,0.09140667761357417,0.01791837308164237,0.1616569468425113,1724
microsomal_clearance,anil,reference,3,3,0.04118773946360153,-0.0026465383697080558,0.08666801383034835,1724
microsomal_clearance,anil,reference,3,4,0.04707170224411604,0.015331474755863217,0.08040546114502557,1724
permeability,anil,reference,3,1,0.21124031007751937,0.05277720523383532,0.4073044487975557,1724
permeability,anil,reference,3,2,0.13226744186046513,0.01915298331315039,0.2667470467878154,1724
permeability,anil,reference,3,3,0.1002906976744186,0.006484085968191006,0.19922094559608614,1724
permeability,anil,reference,3,4,0.10852713178294573,0.020699425366934365,0.1901710296390015,1724
protein_binding,anil,reference,3,1,0.10085227272727272,0.04378442796610169,0.17584407363691743,1724
protein_binding,anil,reference,3,2,0.04403409090909091,0.00045895835468333677,0.09991638078902229,1724
protein_binding,anil,reference,3,3,0.020454545454545454,-0.026187345605227508,0.05172511866933427,1724
protein_binding,anil,reference,3,4,0.009659090909090909,-0.021516764199655765,0.03884054895302771,1724
macro,anil,reference,3,1,0.16134114133805824,0.10707380681315692,0.21632464630978318,1724
macro,anil,reference,3,2,0.09092794489694456,0.045339207380465096,0.1326241615657419,1724
macro,anil,reference,3,3,0.04998709824585218,0.007540006305846481,0.08466127209857567,1724
macro,anil,reference,3,4,0.040100499228992253,0.008369066053863887,0.06534130464825871,1724
cellular_clearance,anp,reference,3,1,0.14122137404580154,-0.06444288488700564,0.29913532266165477,1724
cellular_clearance,anp,reference,3,2,0.13024809160305342,-0.011987966698664048,0.2573893867485969,1724
cellular_clearance,anp,reference,3,3,0.09446564885496184,-0.044830227934243426,0.21030972144447327,1724
cellular_clearance,anp,reference,3,4,0.07061068702290077,-0.04093936487638534,0.15279520280175923,1724
efflux,anp,reference,3,1,0.22653958944281524,0.06335827464788732,0.4180012210012209,1724
efflux,anp,reference,3,2,0.10997067448680352,-0.0227831436773658,0.2551712875517178,1724
efflux,anp,reference,3,3,0.039589442815249266,-0.05991352921619825,0.15269322458892298,1724
efflux,anp,reference,3,4,0.05791788856304985,-0.02530397689659738,0.15967903687956372,1724
in_vivo_clearance,anp,reference,3,1,0.20065176908752327,0.11318098833318786,0.3202527769226821,1724
in_vivo_clearance,anp,reference,3,2,0.06005586592178771,-0.013266821254400755,0.16632870190439134,1724
in_vivo_clearance,anp,reference,3,3,0.04236499068901303,-0.007848554029343898,0.09215760603196273,1724
in_vivo_clearance,anp,reference,3,4,0.031191806331471134,-0.008493324396106844,0.07766919192621172,1724
microsomal_clearance,anp,reference,3,1,0.21264367816091953,0.12804066550921878,0.29443684998716024,1724
microsomal_clearance,anp,reference,3,2,0.08798576902025178,0.019809142290050468,0.153446245930028,1724
microsomal_clearance,anp,reference,3,3,0.04542966611932129,0.002232367671699461,0.0960854685095787,1724
microsomal_clearance,anp,reference,3,4,0.04433497536945813,0.009562538552291366,0.08658610328442609,1724
permeability,anp,reference,3,1,0.44040697674418605,0.2490558069728888,0.6384176215463696,1724
permeability,anp,reference,3,2,0.21996124031007752,0.08138162379363541,0.36489579980688763,1724
permeability,anp,reference,3,3,0.08478682170542635,-0.010004828326180257,0.17775881842340063,1724
permeability,anp,reference,3,4,0.05426356589147287,-0.016459660297239914,0.12726623365787137,1724
protein_binding,anp,reference,3,1,0.15994318181818182,0.08059972570532915,0.2491074184303351,1724
protein_binding,anp,reference,3,2,0.044886363636363634,-0.004860066004645209,0.10425772878862802,1724
protein_binding,anp,reference,3,3,0.00909090909090909,-0.04100051116703366,0.039793850790451085,1724
protein_binding,anp,reference,3,4,-0.008238636363636363,-0.04587295088483615,0.019336381634064273,1724
macro,anp,reference,3,1,0.23023442821657125,0.16954377065960666,0.2885297303550352,1724
macro,anp,reference,3,2,0.10885133416305626,0.06882832784391002,0.15540611373512858,1724
macro,anp,reference,3,3,0.05262124654581348,0.018518690693334748,0.08415775448384766,1724
macro,anp,reference,3,4,0.041680047802452734,0.015442180804206587,0.06838716948385129,1724
cellular_clearance,cnp,reference,3,1,0.1784351145038168,-0.02350330744546951,0.3420994180426427,1724
cellular_clearance,cnp,reference,3,2,0.15982824427480916,0.02506265760207249,0.28213612081480804,1724
cellular_clearance,cnp,reference,3,3,0.10830152671755726,-0.026133552741908435,0.21637612479995164,1724
cellular_clearance,cnp,reference,3,4,0.10019083969465649,-0.010091646889303271,0.17478136928324023,1724
efflux,cnp,reference,3,1,0.13709677419354838,-0.019472706506327785,0.32213998538011684,1724
efflux,cnp,reference,3,2,0.03592375366568915,-0.0933995982413584,0.19765671411598043,1724
efflux,cnp,reference,3,3,0.008064516129032258,-0.10268292846417847,0.145417095991491,1724
efflux,cnp,reference,3,4,0.013929618768328446,-0.05974608687037689,0.0956863492710213,1724
in_vivo_clearance,cnp,reference,3,1,0.14292364990689013,0.04579156223893066,0.2812185083987069,1724
in_vivo_clearance,cnp,reference,3,2,0.05493482309124767,-0.00863244514106583,0.12709430060458105,1724
in_vivo_clearance,cnp,reference,3,3,-0.0004655493482309125,-0.04509052579365079,0.04624560889929742,1724
in_vivo_clearance,cnp,reference,3,4,0.015363128491620111,-0.020622688983030095,0.05353046218487394,1724
microsomal_clearance,cnp,reference,3,1,0.21141215106732347,0.12231527845195378,0.2929963278843875,1724
microsomal_clearance,cnp,reference,3,2,0.09154351395730706,0.029938277504546206,0.15116087737292966,1724
microsomal_clearance,cnp,reference,3,3,0.04146141215106732,0.00024708565636087214,0.08582009583401794,1724
microsomal_clearance,cnp,reference,3,4,0.04720853858784893,0.01694545652402891,0.08280993533897715,1724
permeability,cnp,reference,3,1,0.42441860465116277,0.2201374635965329,0.6287878787878788,1724
permeability,cnp,reference,3,2,0.22286821705426357,0.07170836074511995,0.38355596157111693,1724
permeability,cnp,reference,3,3,0.14922480620155038,0.02604749895376754,0.2807293494793494,1724
permeability,cnp,reference,3,4,0.11724806201550388,0.018961682772480438,0.24264585643015504,1724
protein_binding,cnp,reference,3,1,0.078125,0.0017012029083723896,0.15906024866118926,1724
protein_binding,cnp,reference,3,2,0.02215909090909091,-0.033067583305355044,0.07195197145245075,1724
protein_binding,cnp,reference,3,3,-0.0005681818181818182,-0.04965395496824156,0.029623931168791647,1724
protein_binding,cnp,reference,3,4,-0.014204545454545454,-0.05962670347744361,0.008858225108225076,1724
macro,cnp,reference,3,1,0.1954018823871236,0.1347322012976449,0.25490611806169483,1724
macro,cnp,reference,3,2,0.09787627382540127,0.052903598722431076,0.14167836607223472,1724
macro,cnp,reference,3,3,0.05100308833879908,0.012797190889217235,0.08604316283461286,1724
macro,cnp,reference,3,4,0.0466226070172354,0.01807694211179773,0.07375417376463515,1724
cellular_clearance,dkt,reference,3,1,0.15219465648854963,-0.003140389140790908,0.4161678276484263,1724
cellular_clearance,dkt,reference,3,2,0.07490458015267176,-0.058247698809932975,0.24156886323552984,1724
cellular_clearance,dkt,reference,3,3,0.08540076335877862,-0.020238008010941774,0.21250664893617016,1724
cellular_clearance,dkt,reference,3,4,0.10973282442748092,0.01806144306334302,0.25966731873626203,1724
efflux,dkt,reference,3,1,0.28519061583577715,0.001646959459459462,0.5617135596419325,1724
efflux,dkt,reference,3,2,0.19794721407624633,-0.017388692500447465,0.4082443717718389,1724
efflux,dkt,reference,3,3,0.14516129032258066,-0.005239623708010334,0.3034416662186861,1724
efflux,dkt,reference,3,4,0.12023460410557185,0.0059995215311004785,0.2591111611161115,1724
in_vivo_clearance,dkt,reference,3,1,0.08472998137802606,-0.054387290450517885,0.2542499442891903,1724
in_vivo_clearance,dkt,reference,3,2,0.024674115456238363,-0.07259730800692336,0.1589223130841119,1724
in_vivo_clearance,dkt,reference,3,3,0.074487895716946,0.011112857893885475,0.15619461551620892,1724
in_vivo_clearance,dkt,reference,3,4,0.06378026070763501,-0.0011524094185384507,0.11339883057920502,1724
microsomal_clearance,dkt,reference,3,1,0.3111658456486043,0.19748221550981268,0.4166761363636363,1724
microsomal_clearance,dkt,reference,3,2,0.20634920634920634,0.11798532881247067,0.29230665587781335,1724
microsomal_clearance,dkt,reference,3,3,0.17350848385331144,0.11167111583794437,0.23943951487910717,1724
microsomal_clearance,dkt,reference,3,4,0.1451833607006021,0.09940688720387517,0.19374735059220075,1724
permeability,dkt,reference,3,1,0.35707364341085274,0.11683928028575771,0.630318920952039,1724
permeability,dkt,reference,3,2,0.17005813953488372,0.018645017399350945,0.35316658510708293,1724
permeability,dkt,reference,3,3,0.15503875968992248,0.032865947742450906,0.28580744851718,1724
permeability,dkt,reference,3,4,0.1564922480620155,0.06831638755980862,0.2549265908538337,1724
protein_binding,dkt,reference,3,1,0.3534090909090909,0.274366521152142,0.4731350019516003,1724
protein_binding,dkt,reference,3,2,0.18409090909090908,0.11285657664607014,0.2558353739336303,1724
protein_binding,dkt,reference,3,3,0.14005681818181817,0.07620030225528947,0.18685739656852413,1724
protein_binding,dkt,reference,3,4,0.07670454545454546,0.03856127250409165,0.10961723034734916,1724
macro,dkt,reference,3,1,0.25729397227848344,0.18426565519860577,0.35460212243880757,1724
macro,dkt,reference,3,2,0.14300402744335927,0.08825747194616015,0.2110847693746182,1724
macro,dkt,reference,3,3,0.12894233518722623,0.0896034818607338,0.17430049358231478,1724
macro,dkt,reference,3,4,0.11202130724297514,0.07938949091165497,0.1522888024719962,1724
cellular_clearance,finetune,reference,3,1,0.26049618320610685,0.07506364229765013,0.4439158044901015,1724
cellular_clearance,finetune,reference,3,2,0.16173664122137404,0.038111145110839115,0.2828831711896228,1724
cellular_clearance,finetune,reference,3,3,0.10925572519083969,-0.006784774151466443,0.22933429871298575,1724
cellular_clearance,finetune,reference,3,4,0.09494274809160305,-0.0013906098153547133,0.20473489820685548,1724
efflux,finetune,reference,3,1,0.2961876832844575,0.12257735352205398,0.45999651829235616,1724
efflux,finetune,reference,3,2,0.09530791788856305,-0.040078215359703906,0.23705573651827713,1724
efflux,finetune,reference,3,3,0.02346041055718475,-0.09418290166016512,0.12429569989204745,1724
efflux,finetune,reference,3,4,0.009530791788856305,-0.0801665431488801,0.09526539973787665,1724
in_vivo_clearance,finetune,reference,3,1,0.21508379888268156,0.048444437260226736,0.34800993460764584,1724
in_vivo_clearance,finetune,reference,3,2,0.11731843575418995,0.01444794863300321,0.2231603346777085,1724
in_vivo_clearance,finetune,reference,3,3,0.0782122905027933,-0.024744716272851155,0.1712595452917033,1724
in_vivo_clearance,finetune,reference,3,4,0.06098696461824953,-0.014275867358784701,0.1329692213423831,1724
microsomal_clearance,finetune,reference,3,1,0.16639299397920088,0.07441911625121102,0.2507600131955309,1724
microsomal_clearance,finetune,reference,3,2,0.08812260536398467,0.02444650688620451,0.1471657271324712,1724
microsomal_clearance,finetune,reference,3,3,0.043924466338259444,0.0013803536969387428,0.09201670097140785,1724
microsomal_clearance,finetune,reference,3,4,0.02859879584017515,-0.0026972177775325536,0.06090881978948617,1724
permeability,finetune,reference,3,1,0.1686046511627907,0.026638869914996963,0.31919187629257584,1724
permeability,finetune,reference,3,2,0.1065891472868217,0.0061002759172140795,0.2012072518604084,1724
permeability,finetune,reference,3,3,0.07994186046511628,-0.01003679716873647,0.15574146306728273,1724
permeability,finetune,reference,3,4,0.06395348837209303,-0.008912837913004783,0.12850396341463413,1724
protein_binding,finetune,reference,3,1,0.07357954545454545,0.01617196741585117,0.15231456348825476,1724
protein_binding,finetune,reference,3,2,0.019886363636363636,-0.024436100409798798,0.07550656465812201,1724
protein_binding,finetune,reference,3,3,0.003693181818181818,-0.04878428521829702,0.03255471602047673,1724
protein_binding,finetune,reference,3,4,0.0014204545454545455,-0.037008179907584676,0.024774316838716483,1724
macro,finetune,reference,3,1,0.1967241426616305,0.13409987079090263,0.25052143457502524,1724
macro,finetune,reference,3,2,0.09816018519188284,0.053758253428056714,0.14030397472089645,1724
macro,finetune,reference,3,3,0.05641465581206256,0.012844066328985151,0.08895300481360989,1724
macro,finetune,reference,3,4,0.04323887387607194,0.008723611233014314,0.0711064200908371,1724
efflux,maml,reference,3,1,-0.017595307917888565,-0.16739774299550328,0.1432755369732743,1202
efflux,maml,reference,3,2,-0.02346041055718475,-0.1347854280395065,0.1053425405742821,1202
efflux,maml,reference,3,3,-0.0344574780058651,-0.13153947368421054,0.07385188884216426,1202
efflux,maml,reference,3,4,-0.04032258064516129,-0.10682055685472083,0.02339039844891535,1202
microsomal_clearance,maml,reference,3,1,0.0963327859879584,0.016052605894983408,0.17049741143825778,1202
microsomal_clearance,maml,reference,3,2,0.06882868089764642,0.01183779739968749,0.12411690040813912,1202
microsomal_clearance,maml,reference,3,3,0.059113300492610835,0.017331662452509236,0.10422125955309428,1202
microsomal_clearance,maml,reference,3,4,0.0483032293377121,0.016385405204600814,0.0800460116689938,1202
permeability,maml,reference,3,1,0.07703488372093023,-0.06017573348403913,0.22793345489783207,1202
permeability,maml,reference,3,2,0.09641472868217055,0.0021356774558893665,0.1883327241598214,1202
permeability,maml,reference,3,3,0.07364341085271318,-0.01423507579799755,0.1466847014925372,1202
permeability,maml,reference,3,4,0.056686046511627904,-0.0073875391316183476,0.1146725780698086,1202
macro,maml,reference,3,1,0.05192412059700002,-0.020509326408464056,0.12822053064181624,1202
macro,maml,reference,3,2,0.04726099967421074,-0.0071094494302291825,0.10476066533695483,1202
macro,maml,reference,3,3,0.032766411113152975,-0.013353490963480695,0.07548758910213907,1202
macro,maml,reference,3,4,0.02155556506805957,-0.013482754973331804,0.05471787769683738,1202
cellular_clearance,neural_mean_gp,reference,3,1,-0.04007633587786259,-0.1537360670451699,0.1047201914080385,1724
cellular_clearance,neural_mean_gp,reference,3,2,-0.08730916030534351,-0.2229066605090312,1.1996161228341447e-05,1724
cellular_clearance,neural_mean_gp,reference,3,3,-0.061068702290076333,-0.18634263669270337,0.023377413784717152,1724
cellular_clearance,neural_mean_gp,reference,3,4,-0.05343511450381679,-0.1353809352229962,0.017745749093506204,1724
efflux,neural_mean_gp,reference,3,1,-0.08944281524926687,-0.2269119805456429,0.04262241668218208,1724
efflux,neural_mean_gp,reference,3,2,-0.13049853372434017,-0.23605534605146405,-0.017803039516142115,1724
efflux,neural_mean_gp,reference,3,3,-0.10850439882697947,-0.19801051051051052,-0.0234801566727694,1724
efflux,neural_mean_gp,reference,3,4,-0.0469208211143695,-0.1267297822559342,0.034415176621107095,1724
in_vivo_clearance,neural_mean_gp,reference,3,1,-0.074487895716946,-0.1821408874492118,0.05280168205219242,1724
in_vivo_clearance,neural_mean_gp,reference,3,2,-0.019087523277467412,-0.09788119256942177,0.0886234177215189,1724
in_vivo_clearance,neural_mean_gp,reference,3,3,0.048417132216014895,-0.013134444903771072,0.12239296031099706,1724
in_vivo_clearance,neural_mean_gp,reference,3,4,0.019553072625698324,-0.029597840981640946,0.06371729826703322,1724
microsomal_clearance,neural_mean_gp,reference,3,1,0.02681992337164751,-0.0247489503521719,0.07330243682805519,1724
microsomal_clearance,neural_mean_gp,reference,3,2,-0.00875752599890531,-0.046461112179898255,0.03447271184057988,1724
microsomal_clearance,neural_mean_gp,reference,3,3,-0.0017788724685276409,-0.0317651145973497,0.033854775152364805,1724
microsomal_clearance,neural_mean_gp,reference,3,4,-0.0009578544061302681,-0.02692682157643993,0.028365961635643866,1724
permeability,neural_mean_gp,reference,3,1,0.08817829457364341,-0.024421990507392473,0.19543205009276426,1724
permeability,neural_mean_gp,reference,3,2,0.028585271317829456,-0.05052503690944882,0.10079719905434467,1724
permeability,neural_mean_gp,reference,3,3,0.007267441860465116,-0.07036810228639025,0.07460893843519092,1724
permeability,neural_mean_gp,reference,3,4,0.020833333333333332,-0.037472734899328855,0.07527828088874361,1724
protein_binding,neural_mean_gp,reference,3,1,0.042045454545454546,-0.04849133171378092,0.09338886795296954,1724
protein_binding,neural_mean_gp,reference,3,2,0.004545454545454545,-0.056252709537572256,0.03740316520266061,1724
protein_binding,neural_mean_gp,reference,3,3,0.003409090909090909,-0.04529022813552038,0.028340327173214556,1724
protein_binding,neural_mean_gp,reference,3,4,-0.014772727272727272,-0.049643895824288235,0.003543233082706763,1724
macro,neural_mean_gp,reference,3,1,-0.007827229058888333,-0.055448113461267316,0.03594808548799859,1724
macro,neural_mean_gp,reference,3,2,-0.03542033624046207,-0.06995994133840738,-0.004095703837002727,1724
macro,neural_mean_gp,reference,3,3,-0.018709718100002087,-0.05340789371732125,0.008140981723402982,1724
macro,neural_mean_gp,reference,3,4,-0.012616685223002027,-0.03714779220621699,0.008881763291806722,1724
cellular_clearance,random,reference,3,1,0.9335546689315773,0.675043576523727,1.3750565868698048,1724
cellular_clearance,random,reference,3,2,0.6745533966669462,0.507235518980131,0.9600538126730933,1724
cellular_clearance,random,reference,3,3,0.4366717172776333,0.3131796376343213,0.6368513898203195,1724
cellular_clearance,random,reference,3,4,0.3305046416687638,0.22947026559712036,0.5061615249487704,1724
efflux,random,reference,3,1,1.319403714565005,1.0264277281122178,1.6878539195461577,1724
efflux,random,reference,3,2,0.7559838011450914,0.552181938340917,0.993591173003242,1724
efflux,random,reference,3,3,0.5182010194106969,0.37274241189146673,0.6816901641619947,1724
efflux,random,reference,3,4,0.4005568356374808,0.2793861976081002,0.5468496613388946,1724
in_vivo_clearance,random,reference,3,1,0.3213842333954066,0.19646904766582746,0.4703207218198522,1724
in_vivo_clearance,random,reference,3,2,0.14711359404096835,0.059317319876260044,0.27627065744461393,1724
in_vivo_clearance,random,reference,3,3,0.11927374301675978,0.05664422154731458,0.1860536894988113,1724
in_vivo_clearance,random,reference,3,4,0.08780260707635008,0.03290200897710681,0.13883102631651378,1724
microsomal_clearance,random,reference,3,1,1.1180364879297555,0.95812613555651,1.2815697338930971,1724
microsomal_clearance,random,reference,3,2,0.7548512473584313,0.641258016187234,0.8722958503354243,1724
microsomal_clearance,random,reference,3,3,0.5500274206955241,0.4575653622969722,0.6478212376897772,1724
microsomal_clearance,random,reference,3,4,0.4145612615429939,0.3410559288724639,0.49278150260108294,1724
permeability,random,reference,3,1,1.302325581395349,1.0077778684025187,1.6839063285896025,1724
permeability,random,reference,3,2,0.7909237726098192,0.5806443797255096,1.041984323364177,1724
permeability,random,reference,3,3,0.5395671834625323,0.38569314813557787,0.7333375167336011,1724
permeability,random,reference,3,4,0.401984126984127,0.29260652936983916,0.5515278504762947,1724
protein_binding,random,reference,3,1,1.0180208333333334,0.8711957515034566,1.2591138001216962,1724
protein_binding,random,reference,3,2,0.5456155303030303,0.45355170201665285,0.7160843667891168,1724
protein_binding,random,reference,3,3,0.3453598484848485,0.277204343286664,0.47366586573335256,1724
protein_binding,random,reference,3,4,0.23447037337662338,0.18184458454071187,0.32812314459354924,1724
macro,random,reference,3,1,1.0021209199250711,0.8794158357668692,1.1707586238865801,1724
macro,random,reference,3,2,0.6115068903540478,0.528617210926926,0.73522675378007,1724
macro,random,reference,3,3,0.41818348872466576,0.3600524586939904,0.5027217862269631,1724
macro,random,reference,3,4,0.31164664104772316,0.26295760658984607,0.3825457223795302,1724
cellular_clearance,tnp_d,reference,3,1,0.13501908396946566,-0.016165554356278995,0.2679779475792406,1724
cellular_clearance,tnp_d,reference,3,2,0.05725190839694656,-0.05549961861174676,0.13335460442082556,1724
cellular_clearance,tnp_d,reference,3,3,0.036736641221374045,-0.08021360143940867,0.11120311606368646,1724
cellular_clearance,tnp_d,reference,3,4,0.0491412213740458,-0.04688983386075949,0.1050195818205488,1724
efflux,tnp_d,reference,3,1,0.24266862170087977,0.017076312894447356,0.49286330049261085,1724
efflux,tnp_d,reference,3,2,0.21041055718475074,0.009160160309706924,0.4469787410623084,1724
efflux,tnp_d,reference,3,3,0.15542521994134897,-0.002421215107392808,0.3418468915343914,1724
efflux,tnp_d,reference,3,4,0.08797653958944282,-0.01608605256475368,0.2219882362355953,1724
in_vivo_clearance,tnp_d,reference,3,1,0.14013035381750466,0.02790112090747809,0.2816998784743861,1724
in_vivo_clearance,tnp_d,reference,3,2,0.08007448789571694,0.005983739624518866,0.18144822962298643,1724
in_vivo_clearance,tnp_d,reference,3,3,0.10567970204841713,0.034706970404984425,0.17596064190018157,1724
in_vivo_clearance,tnp_d,reference,3,4,0.059124767225325885,0.004810149589628648,0.13820521760177024,1724
microsomal_clearance,tnp_d,reference,3,1,0.14983579638752054,0.05380819713982983,0.23992177313148694,1724
microsomal_clearance,tnp_d,reference,3,2,0.05062944718117132,-0.016880421657389157,0.10696005077440046,1724
microsomal_clearance,tnp_d,reference,3,3,0.027093596059113302,-0.015358583861422304,0.06669829807974788,1724
microsomal_clearance,tnp_d,reference,3,4,0.02928297755883963,-0.0029021819845519263,0.06277325782486821,1724
permeability,tnp_d,reference,3,1,0.34108527131782945,0.14431352248293913,0.5187138623326958,1724
permeability,tnp_d,reference,3,2,0.14244186046511628,-0.00437748182326622,0.27008726012359735,1724
permeability,tnp_d,reference,3,3,0.08187984496124032,-0.04380723308206178,0.1861093000665103,1724
permeability,tnp_d,reference,3,4,0.07945736434108527,-0.0011634169244365872,0.15752855081407466,1724
protein_binding,tnp_d,reference,3,1,0.096875,0.0342102102731423,0.16111598440545807,1724
protein_binding,tnp_d,reference,3,2,0.035227272727272725,-0.004482672248761025,0.08764931825714424,1724
protein_binding,tnp_d,reference,3,3,0.0014204545454545455,-0.0443880928853755,0.026360584849980495,1724
protein_binding,tnp_d,reference,3,4,-0.0019886363636363634,-0.041246650175221604,0.019790191237014428,1724
macro,tnp_d,reference,3,1,0.18426902119886668,0.12423079328707953,0.23998044500563476,1724
macro,tnp_d,reference,3,2,0.09600592230849579,0.046648876874306903,0.14440359939140457,1724
macro,tnp_d,reference,3,3,0.06803924312949138,0.017981800460514747,0.10872527401460405,1724
macro,tnp_d,reference,3,4,0.05049903895418384,0.02301930654896168,0.07866183020402671,1724
cellular_clearance,transfer,reference,3,1,0.3306297709923664,0.13933236737820368,0.5350204421562689,1724
cellular_clearance,transfer,reference,3,2,0.18606870229007633,0.057736982771881246,0.3229719521329978,1724
cellular_clearance,transfer,reference,3,3,0.11116412213740458,-0.002203947368421052,0.24812099693678638,1724
cellular_clearance,transfer,reference,3,4,0.10019083969465649,0.005104470443919826,0.22223379629629622,1724
efflux,transfer,reference,3,1,0.3687683284457478,0.1757755055147059,0.5512398408882783,1724
efflux,transfer,reference,3,2,0.13343108504398826,-0.02579209031100478,0.27997345782973365,1724
efflux,transfer,reference,3,3,0.0813782991202346,-0.05260941114905806,0.20166666666666666,1724
efflux,transfer,reference,3,4,0.038856304985337244,-0.06878819132107075,0.13288670366795366,1724
in_vivo_clearance,transfer,reference,3,1,0.22206703910614525,0.0656474284233709,0.3639550074573275,1724
in_vivo_clearance,transfer,reference,3,2,0.13175046554934824,0.028865737747316694,0.23680149842158635,1724
in_vivo_clearance,transfer,reference,3,3,0.08193668528864059,-0.024589377222120214,0.17183248299319723,1724
in_vivo_clearance,transfer,reference,3,4,0.06284916201117319,-0.01752381132519587,0.13710117302052782,1724
microsomal_clearance,transfer,reference,3,1,0.20634920634920634,0.11076049775754163,0.29114188575851907,1724
microsomal_clearance,transfer,reference,3,2,0.10385878489326765,0.040264831386196034,0.16469685330801173,1724
microsomal_clearance,transfer,reference,3,3,0.05363984674329502,0.004772337216559185,0.10849813745481009,1724
microsomal_clearance,transfer,reference,3,4,0.03762999452654625,0.00267105627186049,0.07919936023978555,1724
permeability,transfer,reference,3,1,0.22044573643410853,0.06332908163265306,0.4065754681539702,1724
permeability,transfer,reference,3,2,0.12596899224806202,0.014812748015873017,0.24358001077980418,1724
permeability,transfer,reference,3,3,0.09205426356589147,0.006263556135424017,0.17892747933884298,1724
permeability,transfer,reference,3,4,0.09060077519379844,0.011580133541142715,0.1671922854344729,1724
protein_binding,transfer,reference,3,1,0.07954545454545454,0.022243649241693777,0.1620998723546464,1724
protein_binding,transfer,reference,3,2,0.024147727272727272,-0.018175731546611278,0.07561389194715318,1724
protein_binding,transfer,reference,3,3,0.010511363636363636,-0.042087114100959534,0.040017364888301495,1724
protein_binding,transfer,reference,3,4,0.002840909090909091,-0.03720937730287399,0.02722570859426875,1724
macro,transfer,reference,3,1,0.23796758931217146,0.17808661978546947,0.30021490047900706,1724
macro,transfer,reference,3,2,0.11753762621624496,0.06836504594075421,0.16591555529734436,1724
macro,transfer,reference,3,3,0.07178076341530498,0.02987700432979178,0.11071240055874976,1724
macro,transfer,reference,3,4,0.055494664250403454,0.018717514342531005,0.08649037416593203,1724
cellular_clearance,adkf_ift,reference,15,1,1.1835443037974684,0.27395318457844936,2.3979214841286525,283
cellular_clearance,adkf_ift,reference,15,2,0.6075949367088608,-0.07189774525316454,1.1744572368421047,283
cellular_clearance,adkf_ift,reference,15,3,0.47151898734177217,-0.15874155405405405,0.9917279411764702,283
cellular_clearance,adkf_ift,reference,15,4,0.6075949367088608,0.019456469456469457,1.173094512195122,283
efflux,adkf_ift,reference,15,1,0.5046296296296297,-0.9320180976430976,1.8187636165577334,283
efflux,adkf_ift,reference,15,2,0.041666666666666664,-0.969453044375645,0.9375226449275361,283
efflux,adkf_ift,reference,15,3,0.0,-0.7325923174872665,0.7559003496503485,283
efflux,adkf_ift,reference,15,4,0.2916666666666667,-0.2664553046705846,0.9088892632524699,283
in_vivo_clearance,adkf_ift,reference,15,1,1.0375,-1.0685606060606059,3.750390624999998,283
in_vivo_clearance,adkf_ift,reference,15,2,0.225,-1.250892857142857,2.2353906249999946,283
in_vivo_clearance,adkf_ift,reference,15,3,1.0,-0.31822727272727275,2.36547619047619,283
in_vivo_clearance,adkf_ift,reference,15,4,0.6125,-0.6611081932773109,1.5371527777777771,283
microsomal_clearance,adkf_ift,reference,15,1,1.5233118971061093,1.0241674093879976,2.1006960947401776,283
microsomal_clearance,adkf_ift,reference,15,2,1.1639871382636655,0.7321312478892266,1.712273390591048,283
microsomal_clearance,adkf_ift,reference,15,3,1.017684887459807,0.6916187029980527,1.4366318569388434,283
microsomal_clearance,adkf_ift,reference,15,4,0.8183279742765274,0.5469045170044207,1.150210631127451,283
permeability,adkf_ift,reference,15,1,0.90625,-0.6302816901408451,2.608605682839173,283
permeability,adkf_ift,reference,15,2,0.6875,-0.26072732744783306,1.5823774509803918,283
permeability,adkf_ift,reference,15,3,0.6493055555555556,-0.14204525248933142,1.3992571441572625,283
permeability,adkf_ift,reference,15,4,0.8680555555555556,0.22999686716791978,1.4656321022727272,283
protein_binding,adkf_ift,reference,15,1,0.7613636363636364,-0.2301229508196721,1.9267463235294102,283
protein_binding,adkf_ift,reference,15,2,0.17045454545454544,-0.75,1.2041727582845991,283
protein_binding,adkf_ift,reference,15,3,0.16477272727272727,-0.39713235294117644,0.7404296874999998,283
protein_binding,adkf_ift,reference,15,4,0.028409090909090908,-0.5131667852062589,0.5133971291866016,283
macro,adkf_ift,reference,15,1,0.986099911149474,0.45434486169701505,1.6855564952903093,283
macro,adkf_ift,reference,15,2,0.4827005478489564,0.08170501759659375,0.9421484661566404,283
macro,adkf_ift,reference,15,3,0.5505470262716436,0.21135126904675705,0.8678880976401409,283
macro,adkf_ift,reference,15,4,0.5377590373527835,0.23113428284413673,0.7858398941982998,283
cellular_clearance,alpaca,reference,15,1,0.4936708860759494,-0.09598597919493441,1.260976613965744,283
cellular_clearance,alpaca,reference,15,2,-0.04430379746835443,-0.5939555921052632,0.6594399207746475,283
cellular_clearance,alpaca,reference,15,3,0.06329113924050633,-0.4740294780927835,0.7310126582278481,283
cellular_clearance,alpaca,reference,15,4,0.22784810126582278,-0.226881105006105,0.843760146103896,283
efflux,alpaca,reference,15,1,-0.2824074074074074,-1.4035905441570027,0.7674444104447165,283
efflux,alpaca,reference,15,2,-0.20833333333333334,-0.9537361111111111,0.42558202281837776,283
efflux,alpaca,reference,15,3,-0.35185185185185186,-0.8178013392857143,0.09576334453154152,283
efflux,alpaca,reference,15,4,-0.14814814814814814,-0.5637036178107606,0.22849687288708562,283
in_vivo_clearance,alpaca,reference,15,1,-0.85,-2.3519618055555553,1.500446428571426,283
in_vivo_clearance,alpaca,reference,15,2,-0.65,-1.5131761695906432,0.6148437499999986,283
in_vivo_clearance,alpaca,reference,15,3,0.3375,-0.7272974308300395,1.0417279411764704,283
in_vivo_clearance,alpaca,reference,15,4,0.4625,-0.6818560606060605,1.1705035266457677,283
microsomal_clearance,alpaca,reference,15,1,0.2861736334405145,0.001512459657398216,0.5405059523809522,283
microsomal_clearance,alpaca,reference,15,2,-0.04662379421221865,-0.2719809094809095,0.15725178455548341,283
microsomal_clearance,alpaca,reference,15,3,-0.06913183279742766,-0.21867874909947624,0.10472953963367299,283
microsomal_clearance,alpaca,reference,15,4,-0.03054662379421222,-0.1682720588235294,0.10783020183579288,283
permeability,alpaca,reference,15,1,0.03819444444444445,-0.9010239779874214,1.0093524531024527,283
permeability,alpaca,reference,15,2,0.10069444444444445,-0.645534398034398,0.935443349753694,283
permeability,alpaca,reference,15,3,-0.11458333333333333,-0.6250416666666667,0.5161538886433936,283
permeability,alpaca,reference,15,4,-0.08680555555555555,-0.5822296966731899,0.5151974335698952,283
protein_binding,alpaca,reference,15,1,0.08522727272727272,-1.0278846153846153,0.9251249999999993,283
protein_binding,alpaca,reference,15,2,-0.3352272727272727,-1.0813020833333333,0.22918749999999988,283
protein_binding,alpaca,reference,15,3,0.07954545454545454,-0.3880541871921182,0.4342526990553304,283
protein_binding,alpaca,reference,15,4,-0.011363636363636364,-0.4706159822419534,0.3030632411067192,283
macro,alpaca,reference,15,1,-0.03819019511987106,-0.38535110166494846,0.41394699240459093,283
macro,alpaca,reference,15,2,-0.19729895888278914,-0.4720535513185041,0.1303572211582576,283
macro,alpaca,reference,15,3,-0.009205070699441993,-0.2662604436957607,0.21271268734801282,283
macro,alpaca,reference,15,4,0.06891402290071175,-0.18611024338263277,0.2577971919877223,283
cellular_clearance,anil,reference,15,1,0.9715189873417721,0.04855798498376625,1.7101249999999992,283
cellular_clearance,anil,reference,15,2,0.46835443037974683,-0.13056246726034573,1.0685616511035654,283
cellular_clearance,anil,reference,15,3,0.20569620253164558,-0.35238992172211353,0.7923001242750619,283
cellular_clearance,anil,reference,15,4,0.1962025316455696,-0.23297307312252963,0.6588568474264704,283
efflux,anil,reference,15,1,0.4537037037037037,-0.47086805555555555,1.5078232758620682,283
efflux,anil,reference,15,2,0.35648148148148145,-0.4502884615384615,1.2402499999999985,283
efflux,anil,reference,15,3,0.18981481481481483,-0.5387954980842913,0.9724905303030288,283
efflux,anil,reference,15,4,-0.10185185185185185,-0.6473269174473069,0.387783446712018,283
in_vivo_clearance,anil,reference,15,1,1.5375,-1.514859068627451,4.368585526315789,283
in_vivo_clearance,anil,reference,15,2,2.375,0.769140625,4.552864583333329,283
in_vivo_clearance,anil,reference,15,3,2.2625,0.43329545454545454,4.120219696969696,283
in_vivo_clearance,anil,reference,15,4,2.075,0.5143382352941176,3.6390931372549007,283
microsomal_clearance,anil,reference,15,1,0.909967845659164,0.37584060164995414,1.3418550660996578,283
microsomal_clearance,anil,reference,15,2,0.46141479099678456,0.05187398651668178,0.8127152306379262,283
microsomal_clearance,anil,reference,15,3,0.1680064308681672,-0.04086698850033361,0.38401716426751953,283
microsomal_clearance,anil,reference,15,4,0.19614147909967847,0.054160353535353534,0.3574093836360046,283
permeability,anil,reference,15,1,0.6458333333333334,-0.2826496426444312,1.7383726058467737,283
permeability,anil,reference,15,2,0.6041666666666666,-0.1724367816091954,1.4032587976539588,283
permeability,anil,reference,15,3,0.5381944444444444,-0.11463541666666666,1.1402534298780487,283
permeability,anil,reference,15,4,0.5694444444444444,-0.026339712918660284,1.1451851851851844,283
protein_binding,anil,reference,15,1,0.8409090909090909,0.1768203012912482,1.5833776595744677,283
protein_binding,anil,reference,15,2,0.5909090909090909,0.05760869565217392,1.3001219512195117,283
protein_binding,anil,reference,15,3,0.24431818181818182,-0.12123414376321354,0.5916964285714285,283
protein_binding,anil,reference,15,4,0.14204545454545456,-0.22502403846153846,0.41863060631229226,283
macro,anil,reference,15,1,0.8932388268245107,0.30247523267772286,1.4426595819625978,283
macro,anil,reference,15,2,0.8093877434056284,0.45842591835284996,1.243097460555374,283
macro,anil,reference,15,3,0.6014216790795422,0.2309754339106313,0.9637523382068331,283
macro,anil,reference,15,4,0.5128303429805492,0.1852970541257259,0.7864504430347778,283
cellular_clearance,anp,reference,15,1,1.0886075949367089,0.02020994208494209,1.9819082869634326,283
cellular_clearance,anp,reference,15,2,0.5886075949367089,-0.19794874312647287,1.3150316265060238,283
cellular_clearance,anp,reference,15,3,0.5474683544303798,-0.2376364436619718,1.273484603789835,283
cellular_clearance,anp,reference,15,4,0.34177215189873417,-0.33343253968253966,0.922777255639097,283
efflux,anp,reference,15,1,0.5972222222222222,-0.2375892857142857,1.4762087912087911,283
efflux,anp,reference,15,2,0.375,-0.35454545454545455,1.1157490079365078,283
efflux,anp,reference,15,3,0.2824074074074074,-0.2864962121212121,0.8616294642857142,283
efflux,anp,reference,15,4,0.38425925925925924,-0.10142234219269101,0.875,283
in_vivo_clearance,anp,reference,15,1,1.125,-0.19011111111111112,3.000446428571426,283
in_vivo_clearance,anp,reference,15,2,0.275,-0.9616071428571429,2.26390931372549,283
in_vivo_clearance,anp,reference,15,3,1.025,-0.14285714285714285,1.7361293859649123,283
in_vivo_clearance,anp,reference,15,4,0.7625,0.08333333333333333,1.3181818181818181,283
microsomal_clearance,anp,reference,15,1,1.0265273311897105,0.6317255032356853,1.414948333952353,283
microsomal_clearance,anp,reference,15,2,0.4180064308681672,0.10198378378378378,0.7500426621160408,283
microsomal_clearance,anp,reference,15,3,0.22427652733118972,-0.019954648526077097,0.5139525779194495,283
microsomal_clearance,anp,reference,15,4,0.23231511254019294,0.03896413668269497,0.46200972313777183,283
permeability,anp,reference,15,1,1.4236111111111112,0.4483979558728099,2.43679142800711,283
permeability,anp,reference,15,2,0.5243055555555556,-0.24262467424780856,1.3982104700854698,283
permeability,anp,reference,15,3,-0.059027777777777776,-0.5269230769230769,0.43058712121212106,283
permeability,anp,reference,15,4,0.041666666666666664,-0.379797083475881,0.4231907894736836,283
protein_binding,anp,reference,15,1,1.4375,0.42641488413547235,2.3336647727272712,283
protein_binding,anp,reference,15,2,0.48863636363636365,-0.25,1.3250480769230766,283
protein_binding,anp,reference,15,3,0.028409090909090908,-0.705138888888889,0.4643452380952378,283
protein_binding,anp,reference,15,4,-0.10795454545454546,-0.7501644736842105,0.27325581395348836,283
macro,anp,reference,15,1,1.1164113765766255,0.7409166800099413,1.5375025706943617,283
macro,anp,reference,15,2,0.4449259908327992,0.140813982898416,0.8906443112556938,283
macro,anp,reference,15,3,0.34142226705004836,0.024321613069243398,0.5699869312147969,283
macro,anp,reference,15,4,0.275759774151718,0.044913357766035486,0.4569191847468324,283
cellular_clearance,cnp,reference,15,1,1.25,0.18819211017740428,2.2091026069518716,283
cellular_clearance,cnp,reference,15,2,0.6867088607594937,-0.10587923728813559,1.4203198924731164,283
cellular_clearance,cnp,reference,15,3,0.4588607594936709,-0.3169736842105263,1.1470932904411761,283
cellular_clearance,cnp,reference,15,4,0.39556962025316456,-0.2809134388285309,0.9583496093749999,283
efflux,cnp,reference,15,1,0.7083333333333334,-0.15821861763573355,1.5919366496598635,283
efflux,cnp,reference,15,2,0.2916666666666667,-0.3989627659574468,1.0400638297872338,283
efflux,cnp,reference,15,3,0.27314814814814814,-0.34131860371267153,0.9909722222222209,283
efflux,cnp,reference,15,4,0.1111111111111111,-0.36225740296118447,0.5463041431261769,283
in_vivo_clearance,cnp,reference,15,1,0.225,-1.7812839673913043,3.125,283
in_vivo_clearance,cnp,reference,15,2,0.7125,-0.18,2.283392857142857,283
in_vivo_clearance,cnp,reference,15,3,0.3375,-0.17118808049535603,1.013275375939849,283
in_vivo_clearance,cnp,reference,15,4,0.3875,-0.078125,1.1136800699300695,283
microsomal_clearance,cnp,reference,15,1,1.062700964630225,0.6307503763380911,1.4767761098674688,283
microsomal_clearance,cnp,reference,15,2,0.4220257234726688,0.09806164717348928,0.7302955133735978,283
microsomal_clearance,cnp,reference,15,3,0.19694533762057878,-0.003542747714356312,0.44565951821386596,283
microsomal_clearance,cnp,reference,15,4,0.21543408360128619,0.06210105515361529,0.4037149449769258,283
permeability,cnp,reference,15,1,1.7881944444444444,0.6328386075949367,3.084576905879722,283
permeability,cnp,reference,15,2,0.8611111111111112,-0.00835090361445783,1.9117421602787448,283
permeability,cnp,reference,15,3,0.5451388888888888,-0.16308503836317134,1.4088072447447446,283
permeability,cnp,reference,15,4,0.5902777777777778,-0.05613339552238805,1.4041385135135118,283
protein_binding,cnp,reference,15,1,0.8238636363636364,0.012371323529411773,1.7634539473684194,283
protein_binding,cnp,reference,15,2,0.45454545454545453,-0.29418658088235294,1.2085495283018854,283
protein_binding,cnp,reference,15,3,-0.03409090909090909,-0.7037247474747474,0.4296953125,283
protein_binding,cnp,reference,15,4,-0.20454545454545456,-0.8142989417989418,0.15281862745098018,283
macro,cnp,reference,15,1,0.9763487297952733,0.556032307966057,1.6036409403779393,283
macro,cnp,reference,15,2,0.5714263027592325,0.28658919171849956,0.9465566968707918,283
macro,cnp,reference,15,3,0.2962503708433962,0.03970193527183268,0.5287368665558214,283
macro,cnp,reference,15,4,0.24922452303298082,0.034297916385621165,0.44514168726477443,283
cellular_clearance,dkt,reference,15,1,0.7911392405063291,0.09266579884899973,1.619450998683055,283
cellular_clearance,dkt,reference,15,2,0.3037974683544304,-0.32992154535864976,1.0165100250626564,283
cellular_clearance,dkt,reference,15,3,0.20253164556962025,-0.35211667733674773,0.8229319852941175,283
cellular_clearance,dkt,reference,15,4,0.4588607594936709,-0.06508651766402307,1.0696336524300438,283
efflux,dkt,reference,15,1,0.42592592592592593,-0.9717263125512715,1.7857829670329668,283
efflux,dkt,reference,15,2,0.16203703703703703,-0.9840738423028786,1.2305024857954543,283
efflux,dkt,reference,15,3,0.09259259259259259,-0.7187637061403509,0.9350292553191488,283
efflux,dkt,reference,15,4,0.3287037037037037,-0.30630651595744685,1.053993983957219,283
in_vivo_clearance,dkt,reference,15,1,0.6375,-1.607286866359447,3.863712121212121,283
in_vivo_clearance,dkt,reference,15,2,-0.075,-1.3958912037037037,2.321726190476189,283
in_vivo_clearance,dkt,reference,15,3,0.9875,-0.18772321428571428,2.2619977678571423,283
in_vivo_clearance,dkt,reference,15,4,1.025,-0.31525362318840583,1.771790890269151,283
microsomal_clearance,dkt,reference,15,1,1.0554662379421222,0.5615586458203563,1.564582103502558,283
microsomal_clearance,dkt,reference,15,2,0.8778135048231511,0.45344019396551727,1.3839245498797723,283
microsomal_clearance,dkt,reference,15,3,0.729903536977492,0.42537790697674416,1.083137583892617,283
microsomal_clearance,dkt,reference,15,4,0.6262057877813505,0.39416666666666667,0.8973471137842848,283
permeability,dkt,reference,15,1,1.1006944444444444,-0.6520486342438374,2.6493229166666663,283
permeability,dkt,reference,15,2,0.71875,-0.24265964947622884,1.5803447420634895,283
permeability,dkt,reference,15,3,0.6909722222222222,-0.10497165597801189,1.3044177018633536,283
permeability,dkt,reference,15,4,0.7465277777777778,0.14209870388833498,1.2846828358208953,283
protein_binding,dkt,reference,15,1,0.875,-0.23031060606060605,1.8963541666666637,283
protein_binding,dkt,reference,15,2,0.1875,-0.5500284090909091,0.8614583333333314,283
protein_binding,dkt,reference,15,3,0.5113636363636364,0.029944444444444447,0.9560383244206766,283
protein_binding,dkt,reference,15,4,0.1875,-0.11417895962732919,0.527833333333333,283
macro,dkt,reference,15,1,0.8142876414698036,0.32692041356137824,1.5037249357215894,283
macro,dkt,reference,15,2,0.36248300170243636,0.006305350235791311,0.8669335504401662,283
macro,dkt,reference,15,3,0.5358106056209272,0.23150047213365632,0.8472862808506808,283
macro,dkt,reference,15,4,0.5621330047927504,0.26842369072305994,0.7783673320098216,283
cellular_clearance,finetune,reference,15,1,1.4050632911392404,0.31135651629072686,2.2686276193747834,283
cellular_clearance,finetune,reference,15,2,0.7848101265822784,0.059675004606596645,1.4663425779395471,283
cellular_clearance,finetune,reference,15,3,0.5221518987341772,-0.16788245922905856,1.218778237951807,283
cellular_clearance,finetune,reference,15,4,0.46835443037974683,-0.14557621308016877,1.1141161151960777,283
efflux,finetune,reference,15,1,1.125,0.1746527777777778,2.0306281887755104,283
efflux,finetune,reference,15,2,0.2037037037037037,-0.5646932048681542,0.9432542335115861,283
efflux,finetune,reference,15,3,-0.004629629629629629,-0.66177151416122,0.5806639159789947,283
efflux,finetune,reference,15,4,0.08333333333333333,-0.49000961538461535,0.6159057328605192,283
in_vivo_clearance,finetune,reference,15,1,1.5625,-1.5014423076923076,4.382481617647058,283
in_vivo_clearance,finetune,reference,15,2,2.3625,0.624609375,4.869701086956521,283
in_vivo_clearance,finetune,reference,15,3,2.25,0.3842105263157895,4.2292067307692305,283
in_vivo_clearance,finetune,reference,15,4,2.025,0.4421875,3.6029718137254902,283
microsomal_clearance,finetune,reference,15,1,0.8770096463022508,0.4269365107913669,1.2743411328911634,283
microsomal_clearance,finetune,reference,15,2,0.4059485530546624,0.11744367187203161,0.6868646904378266,283
microsomal_clearance,finetune,reference,15,3,0.1864951768488746,-0.011855803646893672,0.4087919932810749,283
microsomal_clearance,finetune,reference,15,4,0.1422829581993569,-0.016024181668611654,0.32103744336493995,283
permeability,finetune,reference,15,1,0.4236111111111111,-0.2528320476270334,1.239453993699036,283
permeability,finetune,reference,15,2,0.53125,-0.13890027322404372,1.1580307017543852,283
permeability,finetune,reference,15,3,0.4270833333333333,-0.2180921052631579,1.0393674012158052,283
permeability,finetune,reference,15,4,0.2986111111111111,-0.19945485257985257,0.7639528508771926,283
protein_binding,finetune,reference,15,1,0.6875,-0.06822145877378435,1.6217060810810806,283
protein_binding,finetune,reference,15,2,0.3977272727272727,-0.13196022727272724,1.1839693204868147,283
protein_binding,finetune,reference,15,3,0.056818181818181816,-0.5,0.5258223684210517,283
protein_binding,finetune,reference,15,4,-0.028409090909090908,-0.5549346689895471,0.3456985294117641,283
macro,finetune,reference,15,1,1.0134473414254337,0.368523730799857,1.4965520143886544,283
macro,finetune,reference,15,2,0.7809899426779862,0.35747070971299216,1.1917772115915708,283
macro,finetune,reference,15,3,0.5729864935174895,0.14184196863323248,0.9203956722290815,283
macro,finetune,reference,15,4,0.49819545701907625,0.11845009477430175,0.7959441527300861,283
efflux,maml,reference,15,1,-0.009259259259259259,-0.7723460144927536,0.8316751700680269,232
efflux,maml,reference,15,2,0.041666666666666664,-0.6177267156862746,0.7443400349650348,232
efflux,maml,reference,15,3,-0.1527777777777778,-0.7115625,0.44207739880059943,232
efflux,maml,reference,15,4,-0.20833333333333334,-0.6308373917748918,0.14904384328358206,232
microsomal_clearance,maml,reference,15,1,0.5618971061093248,0.16578396983793517,0.9244972420989859,232
microsomal_clearance,maml,reference,15,2,0.36736334405144694,0.06022119804156675,0.6612680378913303,232
microsomal_clearance,maml,reference,15,3,0.295016077170418,0.0891284366443673,0.5219739770587223,232
microsomal_clearance,maml,reference,15,4,0.2202572347266881,0.06927893618553731,0.3887893178104575,232
permeability,maml,reference,15,1,0.1076388888888889,-0.6500961538461538,0.9355122671512947,232
permeability,maml,reference,15,2,0.40625,-0.31252480158730156,1.050114942528735,232
permeability,maml,reference,15,3,0.3541666666666667,-0.2648190045248869,0.9349748858447486,232
permeability,maml,reference,15,4,0.25,-0.19713235294117645,0.6351421734234234,232
macro,maml,reference,15,1,0.2200922452463181,-0.17102882409575082,0.6110815351255156,232
macro,maml,reference,15,2,0.2717600035727045,-0.10161484246043913,0.5946603519937247,232
macro,maml,reference,15,3,0.16546832201976897,-0.14544791990870423,0.4604270141797347,232
macro,maml,reference,15,4,0.08730796713111826,-0.14686852620071725,0.2804060163582163,232
cellular_clearance,neural_mean_gp,reference,15,1,-0.056962025316455694,-0.5155364923747277,0.44542968749999934,283
cellular_clearance,neural_mean_gp,reference,15,2,-0.620253164556962,-1.1189264533912462,-0.11177492587101594,283
cellular_clearance,neural_mean_gp,reference,15,3,-0.6139240506329114,-1.1207211942809083,-0.09000152998776072,283
cellular_clearance,neural_mean_gp,reference,15,4,-0.4936708860759494,-0.8904567194142655,-0.060825892857143245,283
efflux,neural_mean_gp,reference,15,1,-0.5138888888888888,-1.1633928571428571,0.12506648936170175,283
efflux,neural_mean_gp,reference,15,2,-0.5509259259259259,-1.1223556853854204,-0.04615929705215494,283
efflux,neural_mean_gp,reference,15,3,-0.6296296296296297,-1.077630678708265,-0.25565996503496513,283
efflux,neural_mean_gp,reference,15,4,-0.2777777777777778,-0.6765399556048834,0.06349789915966383,283
in_vivo_clearance,neural_mean_gp,reference,15,1,-1.25,-3.0963235294117646,1.4002272727272713,283
in_vivo_clearance,neural_mean_gp,reference,15,2,0.225,-1.0649522569444445,2.25,283
in_vivo_clearance,neural_mean_gp,reference,15,3,1.0875,0.0,2.361293859649122,283
in_vivo_clearance,neural_mean_gp,reference,15,4,1.0125,0.05879524886877828,1.7361111111111112,283
microsomal_clearance,neural_mean_gp,reference,15,1,0.18810289389067525,-0.02255360129001433,0.37267320441988944,283
microsomal_clearance,neural_mean_gp,reference,15,2,0.03456591639871383,-0.12537811446481245,0.21934586543006418,283
microsomal_clearance,neural_mean_gp,reference,15,3,0.06189710610932476,-0.06321867033409366,0.19981638860790146,283
microsomal_clearance,neural_mean_gp,reference,15,4,-0.027331189710610933,-0.1508453947368421,0.09738786378637848,283
permeability,neural_mean_gp,reference,15,1,0.4375,-0.15458806818181817,1.0507283834586458,283
permeability,neural_mean_gp,reference,15,2,0.3194444444444444,-0.1712406015037594,0.7890859374999999,283
permeability,neural_mean_gp,reference,15,3,-0.04513888888888889,-0.5337686567164179,0.3911598342293905,283
permeability,neural_mean_gp,reference,15,4,0.0,-0.3567306063685637,0.31855881535038927,283
protein_binding,neural_mean_gp,reference,15,1,0.07954545454545454,-0.45003472222222224,0.5833333333333334,283
protein_binding,neural_mean_gp,reference,15,2,-0.07386363636363637,-0.4516321044546851,0.21002777777777762,283
protein_binding,neural_mean_gp,reference,15,3,0.07954545454545454,-0.31039870689655175,0.31430357142857135,283
protein_binding,neural_mean_gp,reference,15,4,-0.03409090909090909,-0.42648590686274507,0.21081773618538308,283
macro,neural_mean_gp,reference,15,1,-0.18595042762820244,-0.5757944075528523,0.2767321526432281,283
macro,neural_mean_gp,reference,15,2,-0.11100539433389432,-0.349024568401117,0.2447212397661336,283
macro,neural_mean_gp,reference,15,3,-0.009958334749441798,-0.2897621125407735,0.21521402154419775,283
macro,neural_mean_gp,reference,15,4,0.02993820622412545,-0.20959346483179506,0.19614124149672846,283
cellular_clearance,random,reference,15,1,3.9753906431121617,2.7330336561016977,5.189782128888059,283
cellular_clearance,random,reference,15,2,2.9279222886817826,2.0394402363509503,3.7706942950808284,283
cellular_clearance,random,reference,15,3,1.8665298836184911,1.1307915094553405,2.5548028585338707,283
cellular_clearance,random,reference,15,4,1.5125214447999258,0.9123841896407684,2.0704529197855286,283
efflux,random,reference,15,1,4.25,3.0303871090770405,5.471819359927877,283
efflux,random,reference,15,2,2.297530864197531,1.3109375,3.2107294832826754,283
efflux,random,reference,15,3,1.5988425925925926,0.8516003787878788,2.3045051096906555,283
efflux,random,reference,15,4,1.5109678130511466,0.9093999787414967,2.060069083956256,283
in_vivo_clearance,random,reference,15,1,2.0375,-0.22540948275862066,5.333333333333333,283
in_vivo_clearance,random,reference,15,2,1.7416666666666665,0.39581404320987634,3.8981944444444436,283
in_vivo_clearance,random,reference,15,3,1.9,0.9531063988095239,3.0,283
in_vivo_clearance,random,reference,15,4,1.5959523809523808,0.6288988095238095,2.3194982993197275,283
microsomal_clearance,random,reference,15,1,4.01570943169014,3.3140150219244284,4.707655282446785,283
microsomal_clearance,random,reference,15,2,2.9137452416732965,2.4122400299120064,3.423868321632783,283
microsomal_clearance,random,reference,15,3,2.372545462531395,1.9980780384394174,2.7949677412945455,283
microsomal_clearance,random,reference,15,4,1.9354829716103832,1.6223549598660003,2.2963721500470946,283
permeability,random,reference,15,1,5.056712962962963,3.394590643274854,6.929360119047618,283
permeability,random,reference,15,2,3.5185185185185186,2.2126941085822667,4.756061507936506,283
permeability,random,reference,15,3,2.5152777777777775,1.6356994047619047,3.4137267839687193,283
permeability,random,reference,15,4,2.080092592592593,1.449450915969733,2.7486654040404024,283
protein_binding,random,reference,15,1,7.761363636363637,5.5642973856209155,10.348939393939391,283
protein_binding,random,reference,15,2,4.7064393939393945,3.5131344696969693,6.3833900369623615,283
protein_binding,random,reference,15,3,3.561363636363636,2.7416936511983683,4.881302083333333,283
protein_binding,random,reference,15,4,2.845833333333333,2.1716344185094187,3.8037500000000004,283
macro,random,reference,15,1,4.5161127790214834,3.8456750275496985,5.3272550385085236,283
macro,random,reference,15,2,3.017637162279532,2.5836319889387958,3.541375736102796,283
macro,random,reference,15,3,2.302426558813982,1.9745906159112552,2.6778356669226873,283
macro,random,reference,15,4,1.9134750893899604,1.627875907122768,2.194533279855736,283
cellular_clearance,tnp_d,reference,15,1,0.9113924050632911,0.2428518907563025,1.5486738982280766,283
cellular_clearance,tnp_d,reference,15,2,0.2626582278481013,-0.2666911764705882,0.7078269944341371,283
cellular_clearance,tnp_d,reference,15,3,0.18354430379746836,-0.3836283866995074,0.6374853113983544,283
cellular_clearance,tnp_d,reference,15,4,0.28164556962025317,-0.20628741197183098,0.6984188988095238,283
efflux,tnp_d,reference,15,1,0.9074074074074074,-0.48475873400207536,2.250275735294116,283
efflux,tnp_d,reference,15,2,0.8287037037037037,-0.42650797607178464,2.019885190918471,283
efflux,tnp_d,reference,15,3,0.6157407407407407,-0.3833564814814815,1.65,283
efflux,tnp_d,reference,15,4,0.375,-0.22223484848484848,1.1051413934426222,283
in_vivo_clearance,tnp_d,reference,15,1,0.6,-1.6875625,3.7859577922077907,283
in_vivo_clearance,tnp_d,reference,15,2,1.5375,0.5128289473684211,3.227272727272727,283
in_vivo_clearance,tnp_d,reference,15,3,2.1,0.7656020220588236,3.423660714285711,283
in_vivo_clearance,tnp_d,reference,15,4,0.8625,-0.08333333333333333,2.4829182330827027,283
microsomal_clearance,tnp_d,reference,15,1,0.8054662379421221,0.3276966784343031,1.2585167682926828,283
microsomal_clearance,tnp_d,reference,15,2,0.23553054662379422,-0.09764253526645766,0.5286485389610386,283
microsomal_clearance,tnp_d,reference,15,3,0.09807073954983923,-0.09596170339094867,0.30370783313590627,283
microsomal_clearance,tnp_d,reference,15,4,0.1085209003215434,-0.059037288587601724,0.2664514554490589,283
permeability,tnp_d,reference,15,1,1.4722222222222223,0.5308137464387465,2.5188520632133438,283
permeability,tnp_d,reference,15,2,0.6597222222222222,-0.07729496606334842,1.36440934065934,283
permeability,tnp_d,reference,15,3,0.375,-0.2663213431305536,0.9521974189047782,283
permeability,tnp_d,reference,15,4,0.4548611111111111,-0.07019574398960364,0.9405150103519666,283
protein_binding,tnp_d,reference,15,1,0.5340909090909091,-0.087432915921288,1.2865853658536586,283
protein_binding,tnp_d,reference,15,2,0.25,-0.2980769230769231,1.0427028101802756,283
protein_binding,tnp_d,reference,15,3,-0.1875,-0.6150586734693877,0.2300065789473684,283
protein_binding,tnp_d,reference,15,4,-0.14772727272727273,-0.5400416666666668,0.08963207547169806,283
macro,tnp_d,reference,15,1,0.8717631969543254,0.4189485989362411,1.4478017660295026,283
macro,tnp_d,reference,15,2,0.6290191167329703,0.3279772648254017,0.9669728604787357,283
macro,tnp_d,reference,15,3,0.530809297348008,0.17075506533171772,0.8104035615269104,283
macro,tnp_d,reference,15,4,0.3224667180542725,0.10808365412807316,0.5835256331777418,283
cellular_clearance,transfer,reference,15,1,1.8449367088607596,0.6738755622188906,2.888182208237986,283
cellular_clearance,transfer,reference,15,2,0.879746835443038,0.14490283267457182,1.6289421407585467,283
cellular_clearance,transfer,reference,15,3,0.5727848101265823,-0.10947265625,1.3341391654375612,283
cellular_clearance,transfer,reference,15,4,0.5158227848101266,-0.07464611466477138,1.2036342542628962,283
efflux,transfer,reference,15,1,1.3194444444444444,0.31095537757437075,2.2932051073519837,283
efflux,transfer,reference,15,2,0.4166666666666667,-0.4149758220502901,1.229703104646113,283
efflux,transfer,reference,15,3,0.3055555555555556,-0.4616071428571429,1.0319155844155838,283
efflux,transfer,reference,15,4,0.2175925925925926,-0.45409322820037107,0.8960937499999986,283
in_vivo_clearance,transfer,reference,15,1,1.5125,-1.7337500000000001,4.300312499999998,283
in_vivo_clearance,transfer,reference,15,2,2.3875,0.5767857142857142,4.797018914473683,283
in_vivo_clearance,transfer,reference,15,3,2.2375,0.3125,4.147075534759359,283
in_vivo_clearance,transfer,reference,15,4,1.975,0.3333333333333333,3.52294034090909,283
microsomal_clearance,transfer,reference,15,1,1.0514469453376205,0.5775462756609444,1.4739758268012453,283
microsomal_clearance,transfer,reference,15,2,0.4766881028938907,0.15220219200411805,0.7739750211618646,283
microsomal_clearance,transfer,reference,15,3,0.2572347266881029,0.022762832204273064,0.5063463246724406,283
microsomal_clearance,transfer,reference,15,4,0.20739549839228297,0.022599721592588943,0.41080078269786735,283
permeability,transfer,reference,15,1,0.6666666666666666,-0.1993015723892405,1.7788254527162963,283
permeability,transfer,reference,15,2,0.6458333333333334,-0.07896643783371472,1.325092592592592,283
permeability,transfer,reference,15,3,0.5034722222222222,-0.16669776119402985,1.1012550800860619,283
permeability,transfer,reference,15,4,0.4756944444444444,-0.1535346889952153,1.069369137497139,283
protein_binding,transfer,reference,15,1,0.7272727272727273,-0.08342391304347825,1.792687282229965,283
protein_binding,transfer,reference,15,2,0.4375,-0.14040967987804878,1.3183291245791238,283
protein_binding,transfer,reference,15,3,0.10227272727272728,-0.43953758445945945,0.6750604838709675,283
protein_binding,transfer,reference,15,4,-0.045454545454545456,-0.5639993880048959,0.35,283
macro,transfer,reference,15,1,1.1870445820970366,0.5909573724173285,1.7257151359114813,283
macro,transfer,reference,15,2,0.873989156389488,0.45206644946296504,1.3053815694098265,283
macro,transfer,reference,15,3,0.6631366736441984,0.22438337895098986,1.0328262438643052,283
macro,transfer,reference,15,4,0.557675129130817,0.1684860123712271,0.8747656789056919,283
