endpoint,method,k,calibration,cutoff,measurements,pools,groups,ranking_pools,r2,rho,rmse,mae,nll,mean_sd,coverage_50,coverage_80,coverage_95,endpoints
cellular_clearance,gp,0,calibrated,15,1.0,79,53.0,79,0.0436250034922959,0.1532985342958184,0.6071463374057654,0.4592218048313918,0.9225462649118908,0.6887512649218899,0.5977215189873418,0.8470886075949369,0.9607594936708862,
cellular_clearance,gp,1,calibrated,15,2.0,79,53.0,79,0.3068756117974944,0.2119836478355946,0.5168742097171707,0.3903462087225123,0.7551824956378386,0.5786904868398411,0.591645569620253,0.8488607594936707,0.961772151898734,
cellular_clearance,gp,2,calibrated,15,3.0,79,53.0,79,0.3985285945741313,0.2556152460359907,0.4814894387071016,0.3596481942939438,0.6885525105772993,0.5328154474471364,0.5949367088607594,0.8521518987341772,0.9556962025316456,
cellular_clearance,gp,4,calibrated,15,5.0,79,53.0,79,0.4725075689089745,0.3026740060515245,0.4509074272722363,0.3353110882814497,0.6140800826772602,0.4866770418264178,0.591139240506329,0.8534177215189873,0.9534177215189872,
cellular_clearance,gp,9,calibrated,15,10.0,79,53.0,79,0.5498498813280215,0.3841893718851515,0.4165411937113846,0.3031955585816529,0.5269986266846446,0.4369980583128316,0.591139240506329,0.8430379746835445,0.9518987341772152,
cellular_clearance,kernel_only,0,calibrated,15,1.0,79,53.0,79,0.0546831303438872,0.2576597437241577,0.6036260542005297,0.455409545336343,0.9015712957140984,0.6468629893170127,0.4792405063291139,0.7734177215189875,0.9506329113924052,
cellular_clearance,kernel_only,1,calibrated,15,2.0,79,53.0,79,0.3301666938302262,0.2694346569613241,0.5081157324568583,0.386034851491074,0.7441632613733093,0.5296341961848585,0.4478481012658227,0.7574683544303797,0.9420253164556962,
cellular_clearance,kernel_only,2,calibrated,15,3.0,79,53.0,79,0.4130691769667652,0.2907394606278007,0.4756338242371514,0.3557308195833163,0.6644519716154668,0.513236766223666,0.4731645569620252,0.7756962025316456,0.9473417721518989,
cellular_clearance,kernel_only,4,calibrated,15,5.0,79,53.0,79,0.4809164168643284,0.3154043991772111,0.4472989922374459,0.3340425301767602,0.5990338329454269,0.496915600028219,0.4787341772151899,0.7924050632911392,0.9526582278481012,
cellular_clearance,kernel_only,9,calibrated,15,10.0,79,53.0,79,0.5552439347902651,0.3721354536204685,0.4140380099125318,0.307193502949763,0.5188922409784139,0.4768657643281961,0.4956962025316453,0.8055696202531645,0.9546835443037972,
cellular_clearance,mean_and_kernel,0,calibrated,15,1.0,79,53.0,79,0.047353079383035,0.2583955552381805,0.6059618136655612,0.4579069048505795,0.9023865179190304,0.6480838874623746,0.4787341772151899,0.7726582278481015,0.9539240506329112,
cellular_clearance,mean_and_kernel,1,calibrated,15,2.0,79,53.0,79,0.3259413779103294,0.2708760569891178,0.509715812928521,0.3880442166932021,0.7517962708388362,0.5259480187862735,0.4435443037974682,0.7511392405063292,0.939746835443038,
cellular_clearance,mean_and_kernel,2,calibrated,15,3.0,79,53.0,79,0.4127594622946489,0.2884198569375867,0.4757593001363886,0.3570577915163733,0.6688429701069454,0.5094012769566307,0.4693670886075948,0.7681012658227848,0.9486075949367088,
cellular_clearance,mean_and_kernel,4,calibrated,15,5.0,79,53.0,79,0.4828002583665902,0.3175997789635557,0.4464865929011657,0.3345261070962194,0.600478676873067,0.4929147674765767,0.4731645569620254,0.7812658227848102,0.9554430379746834,
cellular_clearance,mean_and_kernel,9,calibrated,15,10.0,79,53.0,79,0.5557320500719585,0.3731941929229632,0.4138107462771296,0.3079154626025429,0.5211723998902067,0.4724326564692244,0.4921518987341771,0.7951898734177214,0.9551898734177214,
cellular_clearance,mean_only,0,calibrated,15,1.0,79,53.0,79,0.0526665831560965,0.2515860245694638,0.6042695378826485,0.4547263166610198,0.897271166772304,0.647807145782664,0.4886075949367088,0.7756962025316455,0.9536708860759494,
cellular_clearance,mean_only,1,calibrated,15,2.0,79,53.0,79,0.29444851690988,0.2749830161352874,0.5214871691307613,0.3967522212146204,0.7606648746422471,0.5691546316388287,0.4620253164556961,0.781012658227848,0.9513924050632911,
cellular_clearance,mean_only,2,calibrated,15,3.0,79,53.0,79,0.3915355048466914,0.2921903231758112,0.4842804012476757,0.3630514843893956,0.6754868103210567,0.5407448561885689,0.4893670886075948,0.7972151898734176,0.9531645569620256,
cellular_clearance,mean_only,4,calibrated,15,5.0,79,53.0,79,0.4678358355635237,0.3096693732612387,0.452899755110845,0.3405987727887268,0.6065084473003592,0.5152435845061193,0.4926582278481015,0.8081012658227849,0.96,
cellular_clearance,mean_only,9,calibrated,15,10.0,79,53.0,79,0.5437812363774035,0.3711598302572456,0.4193395689217087,0.3136138507799257,0.5238672362684915,0.4877367817299275,0.4997468354430381,0.820506329113924,0.9632911392405062,
cellular_clearance,unchanged,0,calibrated,15,1.0,79,53.0,79,0.0546749661934049,0.2525046299902734,0.6036286607779957,0.4549775223151039,0.9009925315363392,0.6390373418904557,0.4782278481012657,0.7668354430379748,0.9481012658227848,
cellular_clearance,unchanged,1,calibrated,15,2.0,79,53.0,79,0.3154791874276544,0.2664755210299879,0.5136562790606806,0.3891803908951673,0.7440900425634992,0.5339951911153673,0.4524050632911391,0.7640506329113924,0.9427848101265824,
cellular_clearance,unchanged,2,calibrated,15,3.0,79,53.0,79,0.3994891746540349,0.2903515239350044,0.4811048036525213,0.3578773458075674,0.6638717883015437,0.5145645724670798,0.4779746835443036,0.7767088607594937,0.9465822784810126,
cellular_clearance,unchanged,4,calibrated,15,5.0,79,53.0,79,0.4651161372526983,0.3100763104126974,0.4540555835486496,0.3369036371760729,0.5984373640682864,0.4958529270147976,0.4860759493670886,0.7850632911392407,0.9508860759493672,
cellular_clearance,unchanged,9,calibrated,15,10.0,79,53.0,79,0.5413870354113093,0.3759929886101622,0.4204384599794008,0.3087236231565475,0.5156124375088271,0.4738778683807277,0.5027848101265822,0.8053164556962026,0.9539240506329114,
cellular_clearance,weighted_selected,0,calibrated,15,1.0,79,53.0,79,0.0462468856513256,0.2576313970684976,0.6063135267034608,0.4579017765612542,0.9052334989202192,0.6478798466090915,0.4807594936708861,0.7718987341772151,0.9508860759493672,
cellular_clearance,weighted_selected,1,calibrated,15,2.0,79,53.0,79,0.3133814478387,0.2759909567817438,0.5144427364127254,0.3893812620488903,0.7645109263761247,0.5183198139335535,0.4402531645569621,0.7382278481012658,0.9334177215189876,
cellular_clearance,weighted_selected,2,calibrated,15,3.0,79,53.0,79,0.4029614812927283,0.2993636758525358,0.4797118518380009,0.3594088769449463,0.6794697425003354,0.5016148249710662,0.460506329113924,0.760759493670886,0.94126582278481,
cellular_clearance,weighted_selected,4,calibrated,15,5.0,79,53.0,79,0.4804154837434917,0.3140008258779459,0.4475147694797391,0.3347587612007237,0.6041756834718377,0.4848843501791169,0.4703797468354429,0.7731645569620252,0.9511392405063293,
cellular_clearance,weighted_selected,9,calibrated,15,10.0,79,53.0,79,0.5484115324119384,0.3566888019177588,0.4172061427102932,0.3117112162011332,0.5327980254671334,0.4645243781729589,0.4754430379746834,0.7873417721518987,0.9541772151898732,
efflux,gp,0,calibrated,15,1.0,54,49.0,54,0.076262130099477,0.098373678181926,0.721190875223379,0.5376357878743137,1.0553286998534035,0.7095396149703637,0.5651851851851851,0.8092592592592593,0.938888888888889,
efflux,gp,1,calibrated,15,2.0,54,49.0,54,0.3004312256221514,0.1658064265279843,0.627611737533465,0.4644715901554612,0.9022004361978616,0.5980173844096849,0.547037037037037,0.808148148148148,0.9392592592592592,
efflux,gp,2,calibrated,15,3.0,54,49.0,54,0.4298382345426519,0.2390471432377555,0.5665978135177454,0.4198489618233059,0.8090560062917036,0.547732976712783,0.5448148148148148,0.8162962962962964,0.941111111111111,
efflux,gp,4,calibrated,15,5.0,54,49.0,54,0.5120370310463327,0.3097888293450014,0.5241665243894398,0.3878636396513943,0.7287121560810357,0.5026421444842684,0.5362962962962963,0.8062962962962963,0.935925925925926,
efflux,gp,9,calibrated,15,10.0,54,49.0,54,0.5916766073736766,0.3997045594468179,0.479488261513612,0.3500584285369476,0.6367524278250111,0.4506018437074893,0.5455555555555555,0.8014814814814817,0.9325925925925924,
efflux,kernel_only,0,calibrated,15,1.0,54,49.0,54,0.0931018044127175,0.1898112438481163,0.7145870111498418,0.5331190224819713,1.057899532512098,0.7183906413007667,0.4718518518518518,0.7374074074074074,0.9448148148148148,
efflux,kernel_only,1,calibrated,15,2.0,54,49.0,54,0.3302201265964553,0.2031565200261496,0.6141039566076123,0.4572010970971099,0.9096768969364336,0.6111942682442842,0.4418518518518518,0.7259259259259259,0.9344444444444444,
efflux,kernel_only,2,calibrated,15,3.0,54,49.0,54,0.439311496005631,0.2477726848727023,0.5618710744109252,0.416831935622074,0.8129297191790917,0.5958129613929325,0.4714814814814815,0.764074074074074,0.9474074074074076,
efflux,kernel_only,4,calibrated,15,5.0,54,49.0,54,0.5175358368943714,0.30810025304004,0.5212047667667786,0.3865606868929334,0.7313310232057307,0.5764708167976803,0.4811111111111111,0.7770370370370371,0.9537037037037036,
efflux,kernel_only,9,calibrated,15,10.0,54,49.0,54,0.5996740032614121,0.3839666604098898,0.4747694283317674,0.3501018899679184,0.641310154823428,0.5537476753747022,0.4911111111111111,0.8029629629629628,0.9533333333333334,
efflux,mean_and_kernel,0,calibrated,15,1.0,54,49.0,54,0.0870769656295171,0.1788179671460831,0.7169567064806869,0.5354490708752915,1.061375490522197,0.718126635286543,0.4725925925925925,0.738888888888889,0.941111111111111,
efflux,mean_and_kernel,1,calibrated,15,2.0,54,49.0,54,0.3309350547009739,0.2071342861762753,0.6137761194954616,0.4576164946898267,0.9174675855035784,0.6030920523184319,0.4411111111111111,0.7203703703703703,0.928148148148148,
efflux,mean_and_kernel,2,calibrated,15,3.0,54,49.0,54,0.4400646406422981,0.2423959500259823,0.5614935810393844,0.4173559324940046,0.819266004563825,0.5874672211982586,0.4585185185185185,0.7551851851851851,0.9407407407407408,
efflux,mean_and_kernel,4,calibrated,15,5.0,54,49.0,54,0.5173750283916881,0.300064709437666,0.5212916200314914,0.3875988555561612,0.7384597319514541,0.5683040834797752,0.4725925925925927,0.7629629629629631,0.9496296296296296,
efflux,mean_and_kernel,9,calibrated,15,10.0,54,49.0,54,0.5978358778815274,0.3869468267248184,0.4758581488825541,0.3523473680626463,0.6497437312797493,0.5460728772039766,0.4822222222222222,0.7892592592592591,0.9507407407407408,
efflux,mean_only,0,calibrated,15,1.0,54,49.0,54,0.1101419758289031,0.2557593947138499,0.7078418067463895,0.524683731187273,1.0417435386203762,0.7181177470419141,0.4796296296296297,0.7507407407407407,0.9448148148148148,
efflux,mean_only,1,calibrated,15,2.0,54,49.0,54,0.3249699661327724,0.2524785592600151,0.6165061269777562,0.4555705407151469,0.9078846583044154,0.6033151403621391,0.4455555555555556,0.7240740740740741,0.924074074074074,
efflux,mean_only,2,calibrated,15,3.0,54,49.0,54,0.4269120907525989,0.2629602976695255,0.5680498794188541,0.4186418407989873,0.8154458588505051,0.5747413800822364,0.4622222222222222,0.7474074074074074,0.9292592592592592,
efflux,mean_only,4,calibrated,15,5.0,54,49.0,54,0.5074683257722444,0.3137542850855323,0.5266146435891396,0.3909440061008488,0.7440696780187734,0.5441644670345164,0.4477777777777778,0.7440740740740742,0.9403703703703704,
efflux,mean_only,9,calibrated,15,10.0,54,49.0,54,0.58624701721312,0.3861151893381718,0.4826656782926301,0.3579764274590545,0.6517990906395134,0.5139691254827711,0.4496296296296295,0.7611111111111112,0.9444444444444444,
efflux,unchanged,0,calibrated,15,1.0,54,49.0,54,0.1006020999727866,0.1983083710350371,0.7116259614744248,0.5295297279622819,1.053716374932039,0.7052733411612334,0.4655555555555555,0.7366666666666667,0.9385185185185184,
efflux,unchanged,1,calibrated,15,2.0,54,49.0,54,0.3252591359808667,0.2090214499582847,0.6163740631653154,0.4541124201979902,0.8954987641829738,0.6107780744852843,0.4581481481481481,0.74,0.9318518518518518,
efflux,unchanged,2,calibrated,15,3.0,54,49.0,54,0.4318166180056975,0.2588689320755226,0.5656139507905186,0.4151090243679506,0.8037357465843151,0.5921524911015121,0.4807407407407407,0.7622222222222221,0.9407407407407404,
efflux,unchanged,4,calibrated,15,5.0,54,49.0,54,0.5128322924920908,0.3142605637855551,0.5237392179809854,0.384738247262107,0.7237053693830419,0.570232200357649,0.4940740740740741,0.7781481481481483,0.9448148148148148,
efflux,unchanged,9,calibrated,15,10.0,54,49.0,54,0.5892630212265235,0.3855160533829971,0.4809032932166168,0.3501180564584555,0.6399572579283922,0.5446800860652217,0.5055555555555555,0.795925925925926,0.9514814814814816,
efflux,weighted_selected,0,calibrated,15,1.0,54,49.0,54,0.097463267413862,0.2618996474477979,0.7128666410950235,0.5309137771416593,1.0517002118391052,0.7219835222208941,0.4781481481481482,0.7407407407407406,0.944074074074074,
efflux,weighted_selected,1,calibrated,15,2.0,54,49.0,54,0.3291512071135898,0.22142602900664,0.614593793654056,0.4535646660846691,0.9010324811092616,0.5978045771298587,0.4407407407407408,0.7248148148148148,0.9303703703703704,
efflux,weighted_selected,2,calibrated,15,3.0,54,49.0,54,0.4275250200087337,0.2641967858429308,0.567746027663175,0.4167175665332212,0.8145261611398957,0.5814146704143949,0.4544444444444444,0.7533333333333332,0.94,
efflux,weighted_selected,4,calibrated,15,5.0,54,49.0,54,0.5174091702142907,0.3280384172168042,0.5212731811173894,0.3849668274764661,0.7301809719764492,0.5620287821027967,0.4707407407407408,0.7629629629629631,0.9518518518518518,
efflux,weighted_selected,9,calibrated,15,10.0,54,49.0,54,0.5927899687606122,0.3904623264653815,0.4788341132015019,0.3538135691152679,0.6515733096108619,0.5394473350931096,0.4662962962962964,0.7862962962962963,0.9514814814814814,
in_vivo_clearance,gp,0,calibrated,15,1.0,20,16.0,20,-0.0222346298519582,0.0045389675281277,0.5668757023554122,0.4393296982022467,0.9517797813007184,0.5166173207181916,0.489,0.7610000000000001,0.8960000000000001,
in_vivo_clearance,gp,1,calibrated,15,2.0,20,16.0,20,0.274886149496277,0.0917208159927238,0.4774365335008828,0.37142894544789,0.762042825281884,0.433054327924131,0.487,0.767,0.909,
in_vivo_clearance,gp,2,calibrated,15,3.0,20,16.0,20,0.3721571460376487,0.198133180693256,0.4442608320006058,0.3430777253444116,0.6759010195809705,0.3989116954237764,0.489,0.766,0.8909999999999998,
in_vivo_clearance,gp,4,calibrated,15,5.0,20,16.0,20,0.4575457872425205,0.2752890508057669,0.4129467866614847,0.3168410374354912,0.6056471503396584,0.3649861221443827,0.4879999999999999,0.7609999999999999,0.901,
in_vivo_clearance,gp,9,calibrated,15,10.0,20,16.0,20,0.5484806281878624,0.3110618235026611,0.3767478145885539,0.2870769903044211,0.5234826555533185,0.3281259494562483,0.48,0.749,0.904,
in_vivo_clearance,kernel_only,0,calibrated,15,1.0,20,16.0,20,-0.0236834239206125,-0.0044740226492285,0.5672772713000097,0.4342133346498012,0.9423669244954296,0.5124838556051255,0.4919999999999999,0.748,0.893,
in_vivo_clearance,kernel_only,1,calibrated,15,2.0,20,16.0,20,0.249695193475172,0.0314513322338461,0.4856589674093672,0.3761590671241283,0.7311120001466694,0.4816461684703827,0.514,0.7929999999999999,0.927,
in_vivo_clearance,kernel_only,2,calibrated,15,3.0,20,16.0,20,0.3556426726277271,0.138516276627779,0.4500657180889733,0.3459455976486206,0.6443064379544177,0.4758908655643463,0.533,0.8159999999999998,0.933,
in_vivo_clearance,kernel_only,4,calibrated,15,5.0,20,16.0,20,0.4377700387269525,0.2146591585874557,0.4204066146586216,0.3237480147480964,0.5767339377438141,0.4695261278152466,0.562,0.8309999999999998,0.9469999999999998,
in_vivo_clearance,kernel_only,9,calibrated,15,10.0,20,16.0,20,0.5308813573715041,0.2891527461260557,0.3840200447161194,0.2946010038256644,0.4975094255596918,0.462796731352806,0.595,0.8480000000000001,0.961,
in_vivo_clearance,mean_and_kernel,0,calibrated,15,1.0,20,16.0,20,-0.0276836622921348,-0.0060129899159073,0.5683845627240668,0.4353774007558823,0.9482838900922956,0.5126362018585204,0.4899999999999999,0.748,0.892,
in_vivo_clearance,mean_and_kernel,1,calibrated,15,2.0,20,16.0,20,0.2515035940385819,0.0493636961653828,0.48507334155094,0.376447749108076,0.7347262930810472,0.4801933450698851,0.512,0.7889999999999999,0.923,
in_vivo_clearance,mean_and_kernel,2,calibrated,15,3.0,20,16.0,20,0.3582738851640781,0.1403247286379337,0.4491458635971071,0.3446715810894966,0.6440881607473917,0.4744791703224182,0.532,0.8160000000000001,0.932,
in_vivo_clearance,mean_and_kernel,4,calibrated,15,5.0,20,16.0,20,0.4399000338098185,0.2226981256529688,0.4196095086653089,0.3231042110919951,0.5754102841034372,0.4682350838184357,0.561,0.835,0.946,
in_vivo_clearance,mean_and_kernel,9,calibrated,15,10.0,20,16.0,20,0.5322121552564105,0.2941787247732281,0.3834749629700474,0.2943501515388488,0.4966248798084253,0.461619498848915,0.5930000000000001,0.844,0.9600000000000002,
in_vivo_clearance,mean_only,0,calibrated,15,1.0,20,16.0,20,-0.0384014382716675,0.0287564960867166,0.5713407339350193,0.4341273222565651,0.8975897911812101,0.5288294515609742,0.514,0.7610000000000001,0.911,
in_vivo_clearance,mean_only,1,calibrated,15,2.0,20,16.0,20,0.1962248962872524,0.0797727727517485,0.5026663612217203,0.3932297256886959,0.7777636526333476,0.4805714627504348,0.4679999999999999,0.781,0.9150000000000004,
in_vivo_clearance,mean_only,2,calibrated,15,3.0,20,16.0,20,0.3252864219176206,0.166529267206788,0.4605452133873496,0.3567652487158775,0.6715315227157711,0.4689472272396087,0.501,0.796,0.9330000000000002,
in_vivo_clearance,mean_only,4,calibrated,15,5.0,20,16.0,20,0.433414614559912,0.2304546201229094,0.4220318541333571,0.3266511603295802,0.5937896956280303,0.4566802215576172,0.542,0.8130000000000001,0.9300000000000004,
in_vivo_clearance,mean_only,9,calibrated,15,10.0,20,16.0,20,0.5201291128148751,0.2879352200031281,0.3883960006765564,0.3004064427614211,0.5232517937474886,0.4419295371770858,0.563,0.833,0.94,
in_vivo_clearance,unchanged,0,calibrated,15,1.0,20,16.0,20,-0.0119806466413854,0.0436655696481466,0.5640253859287563,0.4351526426672936,0.934982156053228,0.5097137647867204,0.4819999999999999,0.7569999999999999,0.8990000000000002,
in_vivo_clearance,unchanged,1,calibrated,15,2.0,20,16.0,20,0.2090867885473704,0.0976461702212691,0.4986283451527192,0.3850547793507576,0.7581125259219564,0.479498680472374,0.4939999999999999,0.772,0.911,
in_vivo_clearance,unchanged,2,calibrated,15,3.0,20,16.0,20,0.3308985172818942,0.1579773103445768,0.4586258651111192,0.3539744670093058,0.6508705859383104,0.4741969858407973,0.5289999999999999,0.8130000000000001,0.932,
in_vivo_clearance,unchanged,4,calibrated,15,5.0,20,16.0,20,0.4053970558500422,0.216568233333528,0.4323406542981514,0.3332252008616924,0.5828612211956088,0.4672149486541748,0.545,0.834,0.9440000000000002,
in_vivo_clearance,unchanged,9,calibrated,15,10.0,20,16.0,20,0.5033751584159155,0.267253369577229,0.3951179570149551,0.303347613185644,0.4993851021326775,0.458152260541916,0.5889999999999999,0.852,0.9510000000000002,
in_vivo_clearance,weighted_selected,0,calibrated,15,1.0,20,16.0,20,-0.0225205892537265,0.0670649458095431,0.566954985573223,0.4341773141920567,0.937376081596026,0.5214490042924881,0.49,0.752,0.897,
in_vivo_clearance,weighted_selected,1,calibrated,15,2.0,20,16.0,20,0.2430844235369844,0.0809902987629175,0.4877937923038773,0.3787937077283859,0.7331936917300276,0.4786567831039429,0.497,0.79,0.924,
in_vivo_clearance,weighted_selected,2,calibrated,15,3.0,20,16.0,20,0.3616265410115969,0.1748507074266672,0.4479710606671592,0.3431193704009055,0.6337211065348467,0.4704103198051452,0.5280000000000001,0.8140000000000001,0.934,
in_vivo_clearance,weighted_selected,4,calibrated,15,5.0,20,16.0,20,0.445407957281261,0.2421201908960938,0.4175412286814114,0.3217509436607361,0.5604470117205349,0.4627038843631744,0.55,0.836,0.9480000000000002,
in_vivo_clearance,weighted_selected,9,calibrated,15,10.0,20,16.0,20,0.5455505295508287,0.2996917134523391,0.3779682750864502,0.2912851572930812,0.4745823329887378,0.4511033465862273,0.582,0.849,0.961,
microsomal_clearance,gp,0,calibrated,15,1.0,311,183.0,311,0.1068248320450144,0.3020540177442284,0.609800754189228,0.4546886270721847,0.937243401317728,0.6175714890913383,0.5695819935691318,0.8165916398713826,0.9392282958199356,
microsomal_clearance,gp,1,calibrated,15,2.0,311,183.0,311,0.3511902281636849,0.3213657022314807,0.5197306487465687,0.3879210537549863,0.7771440224282764,0.5208172323037142,0.5644372990353698,0.8167202572347267,0.940192926045016,
microsomal_clearance,gp,2,calibrated,15,3.0,311,183.0,311,0.4485008265508757,0.3444070977069073,0.4791727033081418,0.3553145589072395,0.6947007185372015,0.4817611441786858,0.5762057877813505,0.8213504823151125,0.9384565916398714,
microsomal_clearance,gp,4,calibrated,15,5.0,311,183.0,311,0.532794829179976,0.3752161585215309,0.4410354076671938,0.325474605518406,0.6088498046247273,0.4417265585424991,0.5735048231511254,0.8257877813504825,0.9367845659163988,
microsomal_clearance,gp,9,calibrated,15,10.0,311,183.0,311,0.6140772087563569,0.4317764347088001,0.4008388898144433,0.2930534173533617,0.5094161387181226,0.3995455904736656,0.5794855305466238,0.8264308681672027,0.9373633440514472,
microsomal_clearance,kernel_only,0,calibrated,15,1.0,311,183.0,311,0.0695091582457902,0.2950922414850777,0.6224087486171804,0.46645525579763,0.9521423480455576,0.6278334147830484,0.5463022508038585,0.8039228295819936,0.9428938906752412,
microsomal_clearance,kernel_only,1,calibrated,15,2.0,311,183.0,311,0.3405833899220599,0.3128963164281305,0.5239617430214675,0.3907046113817255,0.7881178206427957,0.5009758061074749,0.5212218649517686,0.7850803858520901,0.9262379421221864,
microsomal_clearance,kernel_only,2,calibrated,15,3.0,311,183.0,311,0.4393014521689942,0.3291138893889336,0.4831526352567443,0.3584636683479383,0.6966849207510454,0.4810871307029601,0.5446302250803858,0.8042443729903537,0.9338263665594856,
microsomal_clearance,kernel_only,4,calibrated,15,5.0,311,183.0,311,0.5234109472247648,0.358945148682309,0.4454425176061752,0.3282713401240934,0.6139496759619115,0.4573336971764396,0.5628938906752412,0.8189710610932476,0.9383922829581994,
microsomal_clearance,kernel_only,9,calibrated,15,10.0,311,183.0,311,0.6042439196994582,0.4255115787734846,0.4059134434787608,0.296864670318135,0.5204167028812771,0.4295780619011047,0.5737620578778135,0.8271382636655948,0.9431511254019296,
microsomal_clearance,mean_and_kernel,0,calibrated,15,1.0,311,183.0,311,0.0676942340776906,0.299948548339678,0.6230154576423576,0.4672806392624447,0.9522589184194168,0.6300541364571672,0.5484244372990353,0.8033440514469452,0.9440514469453376,
microsomal_clearance,mean_and_kernel,1,calibrated,15,2.0,311,183.0,311,0.3430767977453843,0.3189729539959184,0.5229701941069638,0.3893630669436078,0.7866338101083317,0.4992352488799877,0.524887459807074,0.7834726688102894,0.925144694533762,
microsomal_clearance,mean_and_kernel,2,calibrated,15,3.0,311,183.0,311,0.4421650031556137,0.3333119011923533,0.4819172983721846,0.3566577804831254,0.6944492919678241,0.4796036134042156,0.5459163987138264,0.8042443729903537,0.9340836012861736,
microsomal_clearance,mean_and_kernel,4,calibrated,15,5.0,311,183.0,311,0.5263811772483409,0.3659601950288908,0.4440522898965596,0.3266200129932146,0.611837994036768,0.4565181611665193,0.5639871382636656,0.81967845659164,0.9387138263665596,
microsomal_clearance,mean_and_kernel,9,calibrated,15,10.0,311,183.0,311,0.6058763277854022,0.4294355734973424,0.4050754259214155,0.2957915338222237,0.5208757199323683,0.429413345343047,0.5760128617363344,0.8272025723472669,0.9434083601286172,
microsomal_clearance,mean_only,0,calibrated,15,1.0,311,183.0,311,0.0863630557499991,0.3017194728206224,0.6167461729769116,0.4623507866416713,0.9435069624950452,0.6226498675576361,0.5439871382636656,0.8019292604501608,0.941993569131833,
microsomal_clearance,mean_only,1,calibrated,15,2.0,311,183.0,311,0.324253185517824,0.3227524336785662,0.5304099232559568,0.3971516778164354,0.7815119894160701,0.5231480065189373,0.5313183279742766,0.7999356913183281,0.9340192926045016,
microsomal_clearance,mean_only,2,calibrated,15,3.0,311,183.0,311,0.4262913581688947,0.3290928582119971,0.4887258750468347,0.3626933316541446,0.6944044195038619,0.490217006865805,0.5423794212218649,0.8120900321543408,0.9371061093247588,
microsomal_clearance,mean_only,4,calibrated,15,5.0,311,183.0,311,0.5121089641167493,0.3624694899088282,0.4506932527802928,0.3324076464067892,0.6123615136923901,0.4565501795551018,0.552604501607717,0.8208360128617362,0.9376205787781352,
microsomal_clearance,mean_only,9,calibrated,15,10.0,311,183.0,311,0.5912975719233619,0.4122874254918172,0.412499328508926,0.302781896383241,0.5222901348070694,0.42147655393533,0.5588424437299034,0.8207073954983923,0.9403858520900322,
microsomal_clearance,unchanged,0,calibrated,15,1.0,311,183.0,311,0.0718377927095818,0.2958791917893925,0.6216294446611724,0.4661796937600209,0.9508653632529578,0.6333085850657374,0.5485530546623794,0.8061093247588424,0.9427009646302248,
microsomal_clearance,unchanged,1,calibrated,15,2.0,311,183.0,311,0.3353874755261595,0.3125843791577173,0.5260219871813455,0.3923066414878299,0.7868015656044143,0.5108816420380325,0.5286816720257235,0.7916398713826366,0.9290032154340836,
microsomal_clearance,unchanged,2,calibrated,15,3.0,311,183.0,311,0.4352230234065928,0.3231057725776608,0.4849066377465489,0.3592714182836066,0.699037571681417,0.487146642675737,0.5481028938906752,0.8079099678456592,0.9348553054662376,
microsomal_clearance,unchanged,4,calibrated,15,5.0,311,183.0,311,0.5194002492650694,0.3507240661765733,0.4473128842315937,0.3293556900691373,0.6192804946715572,0.4602399284816631,0.5633440514469454,0.8187781350482316,0.9383922829581994,
microsomal_clearance,unchanged,9,calibrated,15,10.0,311,183.0,311,0.5976812514000022,0.416080037202084,0.4092651575095671,0.2995838390611758,0.5288569131571307,0.4292508294421377,0.5744694533762058,0.825209003215434,0.9437942122186496,
microsomal_clearance,weighted_selected,0,calibrated,15,1.0,311,183.0,311,0.0651232683324688,0.3006839708370489,0.6238738931012433,0.4689658126091267,0.954121423897417,0.6284892610874974,0.5434726688102893,0.8032154340836013,0.9430868167202574,
microsomal_clearance,weighted_selected,1,calibrated,15,2.0,311,183.0,311,0.3369813239209244,0.3123720533962923,0.5253908656429166,0.3911998305635053,0.7906275775446999,0.5012399953814564,0.5257877813504822,0.7845659163987139,0.9243086816720258,
microsomal_clearance,weighted_selected,2,calibrated,15,3.0,311,183.0,311,0.4373968577594428,0.3297744171988914,0.4839725318734685,0.3582472753218132,0.6986098948832742,0.4811131933877706,0.545144694533762,0.8034083601286174,0.932154340836013,
microsomal_clearance,weighted_selected,4,calibrated,15,5.0,311,183.0,311,0.5253532145814336,0.3656170699814245,0.4445339237945357,0.3271812425304647,0.6132978388228036,0.4575680130164339,0.5628938906752412,0.8189710610932477,0.939742765273312,
microsomal_clearance,weighted_selected,9,calibrated,15,10.0,311,183.0,311,0.6044749870507218,0.4277837106412633,0.4057949272467792,0.2969208792939638,0.5227220511300253,0.4299982338166313,0.572604501607717,0.8270739549839229,0.9440514469453376,
permeability,gp,0,calibrated,15,1.0,72,62.0,72,0.0812633437667071,0.1748660171026065,0.7741849395531437,0.577555227493467,1.1448204607730983,0.8436184155588097,0.5952777777777778,0.8455555555555555,0.9563888888888888,
permeability,gp,1,calibrated,15,2.0,72,62.0,72,0.3723843723463547,0.2284825910733535,0.6398763677781385,0.4755966030445814,0.9575462415082048,0.7100643952669478,0.6077777777777778,0.8572222222222222,0.9572222222222222,
permeability,gp,2,calibrated,15,3.0,72,62.0,72,0.4574616929154073,0.2858904735276739,0.5949279877752757,0.4390339971973783,0.8887393474568238,0.6538627343577013,0.6111111111111112,0.8505555555555555,0.9566666666666666,
permeability,gp,4,calibrated,15,5.0,72,62.0,72,0.5440695622835763,0.3411494542245743,0.5453790984014208,0.3997677774327957,0.7935201258838985,0.5987867942953119,0.603611111111111,0.8591666666666666,0.9569444444444444,
permeability,gp,9,calibrated,15,10.0,72,62.0,72,0.6349960749656709,0.441398381986364,0.4879754392905855,0.3553231835955019,0.6901780115539482,0.539675757960129,0.6180555555555556,0.8647222222222223,0.9566666666666666,
permeability,kernel_only,0,calibrated,15,1.0,72,62.0,72,0.1340208727227552,0.3145839175830284,0.7516279278052762,0.5565044040315681,1.093326030376193,0.8561143143309488,0.5283333333333333,0.8072222222222223,0.9622222222222222,
permeability,kernel_only,1,calibrated,15,2.0,72,62.0,72,0.4131720718030949,0.3264562847920589,0.6187348578009635,0.455003145498534,0.9196468840488224,0.6700419829620254,0.4933333333333333,0.7747222222222222,0.9469444444444446,
permeability,kernel_only,2,calibrated,15,3.0,72,62.0,72,0.4887970156653631,0.3419174754992127,0.5774918860778604,0.42244105944203,0.8388442291581019,0.6365363385279973,0.5022222222222221,0.7877777777777779,0.9486111111111112,
permeability,kernel_only,4,calibrated,15,5.0,72,62.0,72,0.5624528545702203,0.3786037229932844,0.5342710274414193,0.3914275239325231,0.7561079490731178,0.6010923936631944,0.4997222222222222,0.7933333333333334,0.9572222222222222,
permeability,kernel_only,9,calibrated,15,10.0,72,62.0,72,0.6385869011290417,0.4215070601863165,0.4855692106088152,0.3541515593023763,0.6634086769558726,0.5604133900006611,0.5124999999999998,0.7977777777777777,0.9580555555555554,
permeability,mean_and_kernel,0,calibrated,15,1.0,72,62.0,72,0.1176576780564812,0.2935096318212647,0.7586959256484002,0.5629600413805907,1.1080987394175137,0.8589181264241537,0.5247222222222222,0.8072222222222223,0.96,
permeability,mean_and_kernel,1,calibrated,15,2.0,72,62.0,72,0.4062028825685781,0.3163413642491732,0.6223980723152314,0.4590036650581491,0.918536136770158,0.6706258922484186,0.4930555555555554,0.7777777777777778,0.9494444444444444,
permeability,mean_and_kernel,2,calibrated,15,3.0,72,62.0,72,0.4825630851535822,0.3518882971981333,0.5810023657819323,0.4270106902387407,0.8435870995510611,0.6378866125808822,0.4952777777777777,0.7838888888888889,0.9505555555555556,
permeability,mean_and_kernel,4,calibrated,15,5.0,72,62.0,72,0.5569485352675374,0.3662509201404949,0.5376210747565096,0.394840014129877,0.7607123401049907,0.602709646291203,0.4875,0.7941666666666667,0.9558333333333332,
permeability,mean_and_kernel,9,calibrated,15,10.0,72,62.0,72,0.6357730908863618,0.4193825710564851,0.4874557644808373,0.3561993451002571,0.6656449840255863,0.5630116960075165,0.5066666666666667,0.8008333333333333,0.9605555555555556,
permeability,mean_only,0,calibrated,15,1.0,72,62.0,72,0.1520645852563357,0.3187171066179872,0.7437561734471991,0.5465754715601603,1.0795265823987026,0.8358600915140576,0.523611111111111,0.8025,0.9591666666666668,
permeability,mean_only,1,calibrated,15,2.0,72,62.0,72,0.4077148237866347,0.3381130846527715,0.6216051844298696,0.4580506269302633,0.9147549167706982,0.7031053007973566,0.5125,0.7958333333333333,0.9533333333333333,
permeability,mean_only,2,calibrated,15,3.0,72,62.0,72,0.4839145114127876,0.3531548392958938,0.5802431474304292,0.4261170790841181,0.8410415778993297,0.6557689053482479,0.5066666666666667,0.8022222222222223,0.954722222222222,
permeability,mean_only,4,calibrated,15,5.0,72,62.0,72,0.5559972969577226,0.3818607420039673,0.5381979056649157,0.396583919889397,0.7673385803922605,0.6149766057398584,0.4944444444444444,0.7980555555555556,0.9594444444444448,
permeability,mean_only,9,calibrated,15,10.0,72,62.0,72,0.6305809097470975,0.4282374555658962,0.4909178953170405,0.3630269656827052,0.6850100121416085,0.5700491102536519,0.5052777777777778,0.7958333333333333,0.9616666666666666,
permeability,unchanged,0,calibrated,15,1.0,72,62.0,72,0.1435612710349202,0.326558079622272,0.747476159478325,0.5521675244884359,1.0895259766848948,0.846283693048689,0.5338888888888889,0.8033333333333333,0.959722222222222,
permeability,unchanged,1,calibrated,15,2.0,72,62.0,72,0.4060329492840657,0.3336828983699281,0.6224871251075258,0.4558376591197318,0.9082859587311118,0.6754025871886147,0.4975,0.7877777777777778,0.9469444444444446,
permeability,unchanged,2,calibrated,15,3.0,72,62.0,72,0.4811228149932718,0.3388348072974218,0.5818104052291785,0.4238358874536223,0.8295185394423155,0.6412448088328043,0.5133333333333333,0.7963888888888889,0.9525,
permeability,unchanged,4,calibrated,15,5.0,72,62.0,72,0.5541051637880927,0.3657694233374463,0.5393434611790487,0.3936685841530561,0.7492498327807909,0.607106192542447,0.5108333333333334,0.8008333333333333,0.9563888888888888,
permeability,unchanged,9,calibrated,15,10.0,72,62.0,72,0.623606957183537,0.4127088577590055,0.4955300430758801,0.3613849976369076,0.6676895256910308,0.5663668678204219,0.5141666666666667,0.8008333333333333,0.9625,
permeability,weighted_selected,0,calibrated,15,1.0,72,62.0,72,0.1209169653552953,0.2922415911530455,0.7572933544816001,0.5611023305687639,1.1039956407981537,0.8595309569438299,0.5266666666666667,0.8083333333333333,0.9605555555555556,
permeability,weighted_selected,1,calibrated,15,2.0,72,62.0,72,0.3908940839035382,0.3116329015336103,0.6303700999046835,0.4632735096000963,0.929716725663542,0.6692374271485542,0.4866666666666667,0.7730555555555556,0.9438888888888888,
permeability,weighted_selected,2,calibrated,15,3.0,72,62.0,72,0.4767342743924232,0.3416713626434405,0.5842656321796745,0.4280151293426752,0.8492818599362061,0.6374422467417187,0.4966666666666667,0.778611111111111,0.9466666666666668,
permeability,weighted_selected,4,calibrated,15,5.0,72,62.0,72,0.5538369673675216,0.3654119733721017,0.5395056387033824,0.396143766293923,0.7657606684075652,0.6029960963129998,0.49,0.7916666666666666,0.9536111111111112,
permeability,weighted_selected,9,calibrated,15,10.0,72,62.0,72,0.6361218875093759,0.4175541389630072,0.4872223060998611,0.3577199782679478,0.6734606666960681,0.5642356239093674,0.5066666666666667,0.7999999999999999,0.9572222222222222,
protein_binding,gp,0,calibrated,15,1.0,44,29.0,44,0.13307656738884,0.4494618380054708,0.8656129898978836,0.5806195756509285,1.2103710172240227,0.9868287711721062,0.6622727272727272,0.8995454545454543,0.9690909090909088,
protein_binding,gp,1,calibrated,15,2.0,44,29.0,44,0.3641539153563363,0.4519087368442396,0.7413262777626777,0.4881090359478736,1.0307634979301468,0.8271416503537917,0.6649999999999999,0.9090909090909092,0.9718181818181818,
protein_binding,gp,2,calibrated,15,3.0,44,29.0,44,0.4123456320042696,0.4480813773121376,0.7126796834399541,0.4472118128388815,0.9516187873936294,0.7580720874602882,0.6713636363636364,0.910909090909091,0.97,
protein_binding,gp,4,calibrated,15,5.0,44,29.0,44,0.4765036147082133,0.4588598896677288,0.6726516901237903,0.4206797796645309,0.8867446568271798,0.6947449209216189,0.6668181818181819,0.9077272727272728,0.9668181818181816,
protein_binding,gp,9,calibrated,15,10.0,44,29.0,44,0.5446671008675965,0.49630246944712,0.6273326760906425,0.3782136285812671,0.796326370371215,0.623175860388094,0.6972727272727272,0.905,0.9645454545454544,
protein_binding,kernel_only,0,calibrated,15,1.0,44,29.0,44,0.1461346570903247,0.5058890228639498,0.859069078842473,0.5738238934088836,1.1014023136474265,0.7798804875937377,0.4836363636363636,0.779090909090909,0.9454545454545454,
protein_binding,kernel_only,1,calibrated,15,2.0,44,29.0,44,0.3699660566601029,0.5034691327957042,0.7379303422782837,0.4727496453984218,0.9150081478749518,0.6487772808291695,0.4845454545454545,0.7854545454545453,0.9440909090909092,
protein_binding,kernel_only,2,calibrated,15,3.0,44,29.0,44,0.4263750206159881,0.507238378663632,0.7041212019852604,0.4338369726592844,0.8166492802666293,0.6126630865985697,0.5045454545454545,0.8104545454545455,0.9495454545454546,
protein_binding,kernel_only,4,calibrated,15,5.0,44,29.0,44,0.4940342260138124,0.507634789062043,0.6612930587080497,0.4046640652418136,0.7421160592171655,0.5771854035962711,0.5,0.8059090909090909,0.9472727272727272,
protein_binding,kernel_only,9,calibrated,15,10.0,44,29.0,44,0.5574144710548443,0.5349261389142185,0.6184890271601086,0.364671291492202,0.6437393279410463,0.5326919646154751,0.5222727272727273,0.8190909090909091,0.945,
protein_binding,mean_and_kernel,0,calibrated,15,1.0,44,29.0,44,0.1373302561411987,0.5013442272715496,0.8634867490763058,0.5774003763225944,1.1027115183485403,0.7761748829754914,0.475,0.7745454545454545,0.9436363636363636,
protein_binding,mean_and_kernel,1,calibrated,15,2.0,44,29.0,44,0.3760121307067906,0.5127973717834913,0.7343810597227143,0.4675067020681771,0.9039165479276788,0.6496231859380548,0.4877272727272727,0.785,0.9454545454545452,
protein_binding,mean_and_kernel,2,calibrated,15,3.0,44,29.0,44,0.4317688953667239,0.5061936629710325,0.7008029086086638,0.4293637670305641,0.8100009350531433,0.6139745692231439,0.5086363636363637,0.8104545454545454,0.9513636363636364,
protein_binding,mean_and_kernel,4,calibrated,15,5.0,44,29.0,44,0.4972910926604516,0.512778079419425,0.6591612738211318,0.4015296283906156,0.739050685767724,0.5783450025861914,0.509090909090909,0.8113636363636366,0.9504545454545454,
protein_binding,mean_and_kernel,9,calibrated,15,10.0,44,29.0,44,0.5586708230165041,0.5419038384080386,0.6176105617848259,0.363864509138194,0.6445302076298206,0.5336267375404184,0.5236363636363636,0.8190909090909091,0.946818181818182,
protein_binding,mean_only,0,calibrated,15,1.0,44,29.0,44,0.179003580516916,0.4833092790322773,0.8423721997273339,0.5557804593308405,1.080100053220688,0.716204027370973,0.4631818181818182,0.7636363636363637,0.9363636363636364,
protein_binding,mean_only,1,calibrated,15,2.0,44,29.0,44,0.3561563277333066,0.4988920866652871,0.7459738610015378,0.4770556450025601,0.9349927757655528,0.6573247634822671,0.4813636363636364,0.770909090909091,0.9404545454545452,
protein_binding,mean_only,2,calibrated,15,3.0,44,29.0,44,0.4094515171256939,0.4864199420945211,0.7144324515182159,0.4381975946778601,0.8330802567547813,0.6134197083386509,0.5013636363636365,0.7945454545454546,0.9436363636363636,
protein_binding,mean_only,4,calibrated,15,5.0,44,29.0,44,0.48746738738549,0.4943045342510396,0.6655706257467285,0.4059535678408363,0.7584843890444507,0.5722906849601052,0.4913636363636364,0.7954545454545453,0.9445454545454546,
protein_binding,mean_only,9,calibrated,15,10.0,44,29.0,44,0.553256497689784,0.5120760657514135,0.6213875054459957,0.3670005169917236,0.6571618935049427,0.5246725801988081,0.5027272727272727,0.8081818181818184,0.9404545454545457,
protein_binding,unchanged,0,calibrated,15,1.0,44,29.0,44,0.1725158032544036,0.5006305205805058,0.8456939979321407,0.5623269024355845,1.0834853919671952,0.7314847532185641,0.4700000000000001,0.7618181818181818,0.9413636363636364,
protein_binding,unchanged,1,calibrated,15,2.0,44,29.0,44,0.3599686991109473,0.4912122606751369,0.7437620260898186,0.473416103747758,0.919831885508682,0.622465852282264,0.4636363636363637,0.7699999999999999,0.9340909090909092,
protein_binding,unchanged,2,calibrated,15,3.0,44,29.0,44,0.3959174981679315,0.4852148436320325,0.7225726549283883,0.4366614052382383,0.8253408923463361,0.5888434144041755,0.4872727272727272,0.7845454545454547,0.9363636363636364,
protein_binding,unchanged,4,calibrated,15,5.0,44,29.0,44,0.4658282600930443,0.4929952179335735,0.679475572451902,0.4078926783596927,0.753281024376895,0.5542165868390689,0.4854545454545454,0.785909090909091,0.9395454545454544,
protein_binding,unchanged,9,calibrated,15,10.0,44,29.0,44,0.531344387973834,0.5211479105732657,0.6364441590360137,0.3684936052493073,0.6478962880864079,0.5132361375743693,0.5077272727272727,0.8009090909090909,0.9354545454545456,
protein_binding,weighted_selected,0,calibrated,15,1.0,44,29.0,44,0.143933296059011,0.4959305612991253,0.8601757544423674,0.5752931539172476,1.1053037657576146,0.746402797915719,0.4559090909090909,0.7604545454545455,0.940909090909091,
protein_binding,weighted_selected,1,calibrated,15,2.0,44,29.0,44,0.358261097202684,0.4937143462907635,0.7447535428010086,0.4693873152814128,0.9102321010889282,0.6257447120276364,0.4722727272727273,0.7772727272727272,0.9381818181818182,
protein_binding,weighted_selected,2,calibrated,15,3.0,44,29.0,44,0.4095975156276952,0.4955260252297828,0.7143441331850914,0.4314177467877215,0.8125556708269079,0.591945683739402,0.4954545454545455,0.7940909090909091,0.9454545454545454,
protein_binding,weighted_selected,4,calibrated,15,5.0,44,29.0,44,0.4769446774524484,0.511708548371539,0.6723682649407201,0.4036274260824376,0.7419030999578264,0.5576586145162582,0.4922727272727272,0.8022727272727274,0.9436363636363636,
protein_binding,weighted_selected,9,calibrated,15,10.0,44,29.0,44,0.5581016798469227,0.5348865491930734,0.6180086723070697,0.3669718254560773,0.6472844511250985,0.5163512369177558,0.5118181818181817,0.8086363636363636,0.9436363636363636,
all,gp,0,calibrated,15,1.0,580,334.0,580,0.0698028744900627,0.1970988421430296,0.6908019331041353,0.5081751201874222,1.037014937563477,0.72715447940545,0.5798398671320273,0.8298400861377648,0.943392746059918,6.0
all,gp,1,calibrated,15,2.0,580,334.0,580,0.3283202504637164,0.2452113200842294,0.5871426291731505,0.4296455728455508,0.8641465864973688,0.6112975795163518,0.5771496139117396,0.8345070493649461,0.9465441235405688,6.0
all,gp,2,calibrated,15,3.0,580,334.0,580,0.4198053544374974,0.2951957530856202,0.5465214097914707,0.3940225417341934,0.7847613983062715,0.5621926809300618,0.581238676488612,0.8362105539683721,0.9421550953248824,6.0
all,gp,4,calibrated,15,5.0,580,334.0,580,0.4992430655615988,0.3438295647693545,0.507847822419261,0.3643229879973446,0.7062589960722933,0.5149272637024166,0.5765616088138406,0.8355659564266175,0.9418151399373232,6.0
all,gp,9,calibrated,15,10.0,580,334.0,580,0.5806245835798641,0.4107388401628191,0.4648207125015369,0.3278202011588587,0.6138590384510434,0.4630205100497429,0.5852514349061319,0.8316120910924085,0.9411777986722294,6.0
all,kernel_only,0,calibrated,15,1.0,580,334.0,580,0.0789610331491437,0.2597603578091836,0.6864326819858851,0.5032542426176996,1.0081180741318003,0.6902609504884399,0.5002273843257535,0.7748435149702533,0.939836397426538,6.0
all,kernel_only,1,calibrated,15,2.0,580,334.0,580,0.3389672553811853,0.2744773738728689,0.5814175999290921,0.4229754029984989,0.834620835170497,0.5737116171330326,0.4838001009913718,0.7702752389808606,0.9367905094262802,6.0
all,kernel_only,2,calibrated,15,3.0,580,334.0,580,0.4270828056750781,0.3092163609466767,0.5420560566761524,0.3888750088838772,0.7456444264874588,0.5525378581684119,0.5048406567152615,0.7930411621380662,0.9432886852958928,6.0
all,kernel_only,4,calibrated,15,5.0,580,334.0,580,0.5026867200490749,0.3472245785903905,0.5049861629030817,0.3614523601860366,0.669878746357861,0.5297540065128419,0.5140769002039608,0.8031092642773081,0.9493748606674922,6.0
all,kernel_only,9,calibrated,15,10.0,580,334.0,580,0.5810074312177543,0.4045332730050723,0.4637998607013505,0.3279306529760099,0.5808794215232883,0.5026822645954909,0.5317236831322162,0.8167565889584014,0.9525372597657692,6.0
all,mean_and_kernel,0,calibrated,15,1.0,580,334.0,580,0.0715714251659646,0.2543338233168081,0.6894168692062297,0.5060624055745638,1.0125191791198322,0.690665645077375,0.49824557155484,0.7741098074919354,0.9391204953876204,6.0
all,mean_and_kernel,1,calibrated,15,2.0,580,334.0,580,0.3389453062784397,0.2792476215598932,0.5813857666866388,0.4229969824268398,0.8355127740382717,0.571452957206842,0.4837209504997469,0.7677933429107945,0.9351564446706564,6.0
all,mean_and_kernel,2,calibrated,15,3.0,580,334.0,580,0.4279324952961574,0.3104223994938369,0.5416868862559435,0.3886862571420508,0.7467057436650317,0.5504687439475915,0.5016193578756801,0.7896457097236264,0.9428918548138024,6.0
all,mean_and_kernel,4,calibrated,15,5.0,580,334.0,580,0.5034493542907378,0.3475586347738335,0.5047037266786946,0.3613698048763472,0.67099161880624,0.5278377908031169,0.5112225328181988,0.8007395908949526,0.9493457287931252,6.0
all,mean_and_kernel,9,calibrated,15,10.0,580,334.0,580,0.5810167208163608,0.4075069545638126,0.4638809350528016,0.3284113950441188,0.583098653761026,0.5010294685688497,0.528948335499294,0.812595991241415,0.9527854519434696,6.0
all,mean_only,0,calibrated,15,1.0,580,334.0,580,0.0903063903727638,0.2733079623068196,0.6810544374525836,0.496374014606255,0.989956349114721,0.6782447218047031,0.5021695486871557,0.7759170945598185,0.9411682621754832,6.0
all,mean_only,1,calibrated,15,2.0,580,334.0,580,0.3172946193946117,0.2944986588572793,0.5897747710029336,0.4296350728946204,0.8462621445887217,0.589436550924994,0.4834604727248607,0.7754608079771125,0.9363789417549576,6.0
all,mean_only,2,calibrated,15,3.0,580,334.0,580,0.4105652340373812,0.3150579212757561,0.5493794946748931,0.3942444298867306,0.7551650743408844,0.5573065140105197,0.5004998391803309,0.7915800510338071,0.9418147519007716,6.0
all,mean_only,4,calibrated,15,5.0,580,334.0,580,0.494048737392607,0.3487521741055859,0.5093346728375464,0.3655231788926964,0.6804253840127107,0.526650957225553,0.5034747646736127,0.7965869089614493,0.9453301413564008,6.0
all,mean_only,9,calibrated,15,10.0,580,334.0,580,0.5708820576276069,0.399635197734612,0.4692009961938095,0.3341343500096785,0.5938966935181857,0.4933056147962624,0.513203993217937,0.8065566645397632,0.9483737746493658,6.0
all,unchanged,0,calibrated,15,1.0,580,334.0,580,0.0885352144206186,0.2695910604442713,0.6823466017088026,0.5000556689381201,1.002261299071109,0.6775169131952333,0.4963708912013482,0.7719604916024999,0.9382344345928978,6.0
all,unchanged,1,calibrated,15,2.0,580,334.0,580,0.3252023726461774,0.2851037799020541,0.5868216376262342,0.4249846657998725,0.8354367904187728,0.5721703379303228,0.4823952078502291,0.770911380345301,0.9326125384913118,6.0
all,unchanged,2,calibrated,15,3.0,580,334.0,580,0.4124112744182371,0.3090588649770365,0.5491057195763792,0.3911215913600485,0.7453958540490396,0.5496914858870177,0.5060707297969633,0.7901292323769532,0.9405069935086048,6.0
all,unchanged,4,calibrated,15,5.0,580,334.0,580,0.4871131931235062,0.3417323024965623,0.5127112289483885,0.3642973396469597,0.6711358844126968,0.5258104639816334,0.5141303256126645,0.800455333096341,0.9456712528594542,6.0
all,unchanged,9,calibrated,15,10.0,580,334.0,580,0.5644429686018536,0.3964498695174572,0.4729498449720723,0.3319419557913396,0.5832329207507444,0.4975940083041323,0.5322839597420471,0.8133656348466644,0.9496923816312648,6.0
all,weighted_selected,0,calibrated,15,1.0,580,334.0,580,0.0751938489263727,0.279242018935843,0.6879130258994862,0.5047256941650181,1.0096217704680892,0.68762256484492,0.4958260113675135,0.772773797964906,0.939418602201391,6.0
all,weighted_selected,1,calibrated,15,2.0,580,334.0,580,0.3286255972527368,0.2826877642953279,0.5862241384532112,0.4242667152178266,0.8382189172520973,0.5651672181208337,0.4771201800979299,0.7646561436905129,0.9323612467720152,6.0
all,weighted_selected,2,calibrated,15,3.0,580,334.0,580,0.4193069483487701,0.3175638290323747,0.5463352062344283,0.3894876608885471,0.7480274059702442,0.5439901565099162,0.4967027800355572,0.7840338678891428,0.9399235626236724,6.0
all,weighted_selected,4,calibrated,15,5.0,580,334.0,580,0.4998945784400745,0.3544828376193182,0.507122834452863,0.3614048278741252,0.6692942123928362,0.52130662341513,0.5060478509206922,0.7975063291596051,0.947996888729828,6.0
all,weighted_selected,9,calibrated,15,10.0,580,334.0,580,0.5809084308550667,0.4045112067721372,0.4641724061086592,0.3297371042712452,0.5837368061696542,0.4942766924160084,0.519138114060591,0.8097247311780803,0.951928121579213,6.0
