endpoint,cutoff,method,top_k,purchases,pools,groups,endpoints
all,3,direct_ei,1,2.6020554751855682,4625,1724,6
all,3,direct_ei,2,1.8006497154475414,4625,1724,6
all,3,direct_ei,3,1.1286871561776406,4625,1724,6
all,3,direct_ei,4,0.7900911151999006,4625,1724,6
all,3,mean_sd,1,2.6453548352971707,4625,1724,6
all,3,mean_sd,2,1.8314478860943908,4625,1724,6
all,3,mean_sd,3,1.1517589636272092,4625,1724,6
all,3,mean_sd,4,0.8069441059619287,4625,1724,6
all,3,mean_sd_ei,1,2.6378055931535944,4625,1724,6
all,3,mean_sd_ei,2,1.828265172201055,4625,1724,6
all,3,mean_sd_ei,3,1.1507033615735722,4625,1724,6
all,3,mean_sd_ei,4,0.8052184275696463,4625,1724,6
all,3,random,1,3.5361496538669073,4625,1724,6
all,3,random,2,2.3670782420535104,4625,1724,6
all,3,random,3,1.518004252343525,4625,1724,6
all,3,random,4,1.078399693610294,4625,1724,6
microsomal_clearance,3,direct_ei,1,2.486863711001642,1827,877,1
microsomal_clearance,3,direct_ei,2,1.7980295566502462,1827,877,1
microsomal_clearance,3,direct_ei,3,1.1606458675424192,1827,877,1
microsomal_clearance,3,direct_ei,4,0.8804050355774494,1827,877,1
microsomal_clearance,3,mean_sd,1,2.519202700237183,1827,877,1
microsomal_clearance,3,mean_sd,2,1.830140485312899,1827,877,1
microsomal_clearance,3,mean_sd,3,1.1796661193212918,1827,877,1
microsomal_clearance,3,mean_sd,4,0.8894362342638205,1827,877,1
microsomal_clearance,3,mean_sd_ei,1,2.5218482028826856,1827,877,1
microsomal_clearance,3,mean_sd_ei,2,1.8342455756248859,1827,877,1
microsomal_clearance,3,mean_sd_ei,3,1.1841817186644772,1827,877,1
microsomal_clearance,3,mean_sd_ei,4,0.8954570333880679,1827,877,1
microsomal_clearance,3,random,1,3.5247141015039207,1827,877,1
microsomal_clearance,3,random,2,2.477894487643051,1827,877,1
microsomal_clearance,3,random,3,1.6425287890589615,1827,877,1
microsomal_clearance,3,random,4,1.2288743430974547,1827,877,1
in_vivo_clearance,3,direct_ei,1,2.468808193668529,537,391,1
in_vivo_clearance,3,direct_ei,2,1.6950651769087524,537,391,1
in_vivo_clearance,3,direct_ei,3,0.8905959031657356,537,391,1
in_vivo_clearance,3,direct_ei,4,0.5363128491620112,537,391,1
in_vivo_clearance,3,mean_sd,1,2.5225015518311604,537,391,1
in_vivo_clearance,3,mean_sd,2,1.7122905027932962,537,391,1
in_vivo_clearance,3,mean_sd,3,0.9027001862197392,537,391,1
in_vivo_clearance,3,mean_sd,4,0.5611421477343265,537,391,1
in_vivo_clearance,3,mean_sd_ei,1,2.52048417132216,537,391,1
in_vivo_clearance,3,mean_sd_ei,2,1.718342644320298,537,391,1
in_vivo_clearance,3,mean_sd_ei,3,0.9081315952824333,537,391,1
in_vivo_clearance,3,mean_sd_ei,4,0.5614525139664804,537,391,1
in_vivo_clearance,3,random,1,2.7454996896337676,537,391,1
in_vivo_clearance,3,random,2,1.8067970204841712,537,391,1
in_vivo_clearance,3,random,3,0.979608938547486,537,391,1
in_vivo_clearance,3,random,4,0.6059590316573557,537,391,1
protein_binding,3,direct_ei,1,2.0247159090909093,880,344,1
protein_binding,3,direct_ei,2,1.4201704545454545,880,344,1
protein_binding,3,direct_ei,3,0.7696022727272728,880,344,1
protein_binding,3,direct_ei,4,0.48210227272727274,880,344,1
protein_binding,3,mean_sd,1,2.0543560606060605,880,344,1
protein_binding,3,mean_sd,2,1.4247159090909092,880,344,1
protein_binding,3,mean_sd,3,0.7711174242424242,880,344,1
protein_binding,3,mean_sd,4,0.4870265151515151,880,344,1
protein_binding,3,mean_sd_ei,1,2.0484848484848484,880,344,1
protein_binding,3,mean_sd_ei,2,1.4240530303030303,880,344,1
protein_binding,3,mean_sd_ei,3,0.7707386363636364,880,344,1
protein_binding,3,mean_sd_ei,4,0.48503787878787874,880,344,1
protein_binding,3,random,1,2.980804924242424,880,344,1
protein_binding,3,random,2,1.921467803030303,880,344,1
protein_binding,3,random,3,1.097348484848485,880,344,1
protein_binding,3,random,4,0.7131635551948052,880,344,1
cellular_clearance,3,direct_ei,1,2.634064885496183,524,220,1
cellular_clearance,3,direct_ei,2,1.7848282442748091,524,220,1
cellular_clearance,3,direct_ei,3,1.1784351145038168,524,220,1
cellular_clearance,3,direct_ei,4,0.8487595419847328,524,220,1
cellular_clearance,3,mean_sd,1,2.6841603053435112,524,220,1
cellular_clearance,3,mean_sd,2,1.838740458015267,524,220,1
cellular_clearance,3,mean_sd,3,1.2131043256997456,524,220,1
cellular_clearance,3,mean_sd,4,0.853530534351145,524,220,1
cellular_clearance,3,mean_sd_ei,1,2.664440203562341,524,220,1
cellular_clearance,3,mean_sd_ei,2,1.8212468193384224,524,220,1
cellular_clearance,3,mean_sd_ei,3,1.1994274809160306,524,220,1
cellular_clearance,3,mean_sd_ei,4,0.8446246819338422,524,220,1
cellular_clearance,3,random,1,3.57525314221402,524,220,1
cellular_clearance,3,random,2,2.4837137020104576,524,220,1
cellular_clearance,3,random,3,1.6551831676593125,524,220,1
cellular_clearance,3,random,4,1.2183863210580768,524,220,1
permeability,3,direct_ei,1,3.12984496124031,516,369,1
permeability,3,direct_ei,2,2.112403100775194,516,369,1
permeability,3,direct_ei,3,1.431201550387597,516,369,1
permeability,3,direct_ei,4,1.0494186046511629,516,369,1
permeability,3,mean_sd,1,3.2290051679586567,516,369,1
permeability,3,mean_sd,2,2.1661821705426356,516,369,1
permeability,3,mean_sd,3,1.467377260981912,516,369,1
permeability,3,mean_sd,4,1.0805878552971577,516,369,1
permeability,3,mean_sd_ei,1,3.2252906976744184,516,369,1
permeability,3,mean_sd_ei,2,2.16828165374677,516,369,1
permeability,3,mean_sd_ei,3,1.470284237726098,516,369,1
permeability,3,mean_sd_ei,4,1.0813953488372092,516,369,1
permeability,3,random,1,4.265503875968992,516,369,1
permeability,3,random,2,2.802067183462532,516,369,1
permeability,3,random,3,1.8588501291989663,516,369,1
permeability,3,random,4,1.351112033960871,516,369,1
efflux,3,direct_ei,1,2.868035190615836,341,247,1
efflux,3,direct_ei,2,1.9934017595307918,341,247,1
efflux,3,direct_ei,3,1.3416422287390029,341,247,1
efflux,3,direct_ei,4,0.9435483870967742,341,247,1
efflux,3,mean_sd,1,2.8629032258064515,341,247,1
efflux,3,mean_sd,2,2.016617790811339,341,247,1
efflux,3,mean_sd,3,1.3765884652981428,341,247,1
efflux,3,mean_sd,4,0.9699413489736071,341,247,1
efflux,3,mean_sd_ei,1,2.8462854349951123,341,247,1
efflux,3,mean_sd_ei,2,2.0034213098729228,341,247,1
efflux,3,mean_sd_ei,3,1.3714565004887587,341,247,1
efflux,3,mean_sd_ei,4,0.9633431085043989,341,247,1
efflux,3,random,1,4.125122189638319,341,247,1
efflux,3,random,2,2.710529255690546,341,247,1
efflux,3,random,3,1.87450600474794,341,247,1
efflux,3,random,4,1.3529028766931992,341,247,1
all,5,direct_ei,1,3.4573502788623607,2501,1033,6
all,5,direct_ei,2,2.3904948238189943,2501,1033,6
all,5,direct_ei,3,1.8767117417028827,2501,1033,6
all,5,direct_ei,4,1.4114790077220734,2501,1033,6
all,5,mean_sd,1,3.51955024471823,2501,1033,6
all,5,mean_sd,2,2.4405213579408853,2501,1033,6
all,5,mean_sd,3,1.916287924650191,2501,1033,6
all,5,mean_sd,4,1.4420219426094512,2501,1033,6
all,5,mean_sd_ei,1,3.509048820126404,2501,1033,6
all,5,mean_sd_ei,2,2.436730025321794,2501,1033,6
all,5,mean_sd_ei,3,1.9151431797235512,2501,1033,6
all,5,mean_sd_ei,4,1.439218527987294,2501,1033,6
all,5,random,1,4.992557568470846,2501,1033,6
all,5,random,2,3.3565763675940676,2501,1033,6
all,5,random,3,2.56010996953136,2501,1033,6
all,5,random,4,1.9168376580639581,2501,1033,6
microsomal_clearance,5,direct_ei,1,3.375863770977295,1013,517,1
microsomal_clearance,5,direct_ei,2,2.4118953603158935,1013,517,1
microsomal_clearance,5,direct_ei,3,1.96248766041461,1013,517,1
microsomal_clearance,5,direct_ei,4,1.587857847976308,1013,517,1
microsomal_clearance,5,mean_sd,1,3.431391905231984,1013,517,1
microsomal_clearance,5,mean_sd,2,2.4675880223757813,1013,517,1
microsomal_clearance,5,mean_sd,3,1.996791707798618,1013,517,1
microsomal_clearance,5,mean_sd,4,1.6041461006910167,1013,517,1
microsomal_clearance,5,mean_sd_ei,1,3.437150378413952,1013,517,1
microsomal_clearance,5,mean_sd_ei,2,2.4751563014149394,1013,517,1
microsomal_clearance,5,mean_sd_ei,3,2.0049358341559724,1013,517,1
microsomal_clearance,5,mean_sd_ei,4,1.615004935834156,1013,517,1
microsomal_clearance,5,random,1,5.087926288365578,1013,517,1
microsomal_clearance,5,random,2,3.600638264814598,1013,517,1
microsomal_clearance,5,random,3,2.831589434956291,1013,517,1
microsomal_clearance,5,random,4,2.2163409919437806,1013,517,1
in_vivo_clearance,5,direct_ei,1,3.5796943231441047,229,174,1
in_vivo_clearance,5,direct_ei,2,2.4967248908296944,229,174,1
in_vivo_clearance,5,direct_ei,3,1.851528384279476,229,174,1
in_vivo_clearance,5,direct_ei,4,1.25764192139738,229,174,1
in_vivo_clearance,5,mean_sd,1,3.672125181950509,229,174,1
in_vivo_clearance,5,mean_sd,2,2.514556040756914,229,174,1
in_vivo_clearance,5,mean_sd,3,1.8799126637554586,229,174,1
in_vivo_clearance,5,mean_sd,4,1.3158660844250363,229,174,1
in_vivo_clearance,5,mean_sd_ei,1,3.6706695778748184,229,174,1
in_vivo_clearance,5,mean_sd_ei,2,2.534934497816594,229,174,1
in_vivo_clearance,5,mean_sd_ei,3,1.8926491994177586,229,174,1
in_vivo_clearance,5,mean_sd_ei,4,1.3165938864628821,229,174,1
in_vivo_clearance,5,random,1,4.164483260553129,229,174,1
in_vivo_clearance,5,random,2,2.749636098981077,229,174,1
in_vivo_clearance,5,random,3,2.0602620087336243,229,174,1
in_vivo_clearance,5,random,4,1.4209606986899563,229,174,1
protein_binding,5,direct_ei,1,2.7312348668280872,413,178,1
protein_binding,5,direct_ei,2,1.9055690072639224,413,178,1
protein_binding,5,direct_ei,3,1.4558111380145278,413,178,1
protein_binding,5,direct_ei,4,1.0272397094430992,413,178,1
protein_binding,5,mean_sd,1,2.752219531880549,413,178,1
protein_binding,5,mean_sd,2,1.9116222760290558,413,178,1
protein_binding,5,mean_sd,3,1.459039548022599,413,178,1
protein_binding,5,mean_sd,4,1.03773204196933,413,178,1
protein_binding,5,mean_sd_ei,1,2.7451573849878934,413,178,1
protein_binding,5,mean_sd_ei,2,1.9098062953995156,413,178,1
protein_binding,5,mean_sd_ei,3,1.458232445520581,413,178,1
protein_binding,5,mean_sd_ei,4,1.033494753833737,413,178,1
protein_binding,5,random,1,4.467978208232446,413,178,1
protein_binding,5,random,2,2.903692493946731,413,178,1
protein_binding,5,random,3,2.1541565778853915,413,178,1
protein_binding,5,random,4,1.5195736769283985,413,178,1
cellular_clearance,5,direct_ei,1,3.459030100334448,299,153,1
cellular_clearance,5,direct_ei,2,2.3160535117056855,299,153,1
cellular_clearance,5,direct_ei,3,1.9289297658862876,299,153,1
cellular_clearance,5,direct_ei,4,1.4874581939799332,299,153,1
cellular_clearance,5,mean_sd,1,3.5384615384615383,299,153,1
cellular_clearance,5,mean_sd,2,2.4155518394648827,299,153,1
cellular_clearance,5,mean_sd,3,1.9896878483835003,299,153,1
cellular_clearance,5,mean_sd,4,1.495819397993311,299,153,1
cellular_clearance,5,mean_sd_ei,1,3.505574136008919,299,153,1
cellular_clearance,5,mean_sd_ei,2,2.3848940914158305,299,153,1
cellular_clearance,5,mean_sd_ei,3,1.9657190635451505,299,153,1
cellular_clearance,5,mean_sd_ei,4,1.480211817168339,299,153,1
cellular_clearance,5,random,1,5.04520394599826,299,153,1
cellular_clearance,5,random,2,3.5308226750952505,299,153,1
cellular_clearance,5,random,3,2.7644347152290294,299,153,1
cellular_clearance,5,random,4,2.1352322148308773,299,153,1
permeability,5,direct_ei,1,4.102664576802508,319,249,1
permeability,5,direct_ei,2,2.760971786833856,319,249,1
permeability,5,direct_ei,3,2.175548589341693,319,249,1
permeability,5,direct_ei,4,1.6974921630094044,319,249,1
permeability,5,mean_sd,1,4.239550679205852,319,249,1
permeability,5,mean_sd,2,2.8440438871473352,319,249,1
permeability,5,mean_sd,3,2.2340647857889238,319,249,1
permeability,5,mean_sd,4,1.7479101358411704,319,249,1
permeability,5,mean_sd_ei,1,4.236677115987461,319,249,1
permeability,5,mean_sd_ei,2,2.8466562173458727,319,249,1
permeability,5,mean_sd_ei,3,2.2387669801462904,319,249,1
permeability,5,mean_sd_ei,4,1.749216300940439,319,249,1
permeability,5,random,1,5.846917450365726,319,249,1
permeability,5,random,2,3.851201671891327,319,249,1
permeability,5,random,3,2.8672936259143156,319,249,1
permeability,5,random,4,2.1854978354978356,319,249,1
efflux,5,direct_ei,1,3.495614035087719,228,183,1
efflux,5,direct_ei,2,2.4517543859649122,228,183,1
efflux,5,direct_ei,3,1.8859649122807018,228,183,1
efflux,5,direct_ei,4,1.4111842105263157,228,183,1
efflux,5,mean_sd,1,3.4835526315789473,228,183,1
efflux,5,mean_sd,2,2.4897660818713447,228,183,1
efflux,5,mean_sd,3,1.9382309941520468,228,183,1
efflux,5,mean_sd,4,1.450657894736842,228,183,1
efflux,5,mean_sd_ei,1,3.45906432748538,228,183,1
efflux,5,mean_sd_ei,2,2.4689327485380117,228,183,1
efflux,5,mean_sd_ei,3,1.9305555555555556,228,183,1
efflux,5,mean_sd_ei,4,1.4407894736842106,228,183,1
efflux,5,random,1,5.3428362573099415,228,183,1
efflux,5,random,2,3.5034670008354216,228,183,1
efflux,5,random,3,2.682923454469507,228,183,1
efflux,5,random,4,2.0234205304928987,228,183,1
all,10,direct_ei,1,4.8761019711791445,1132,536,6
all,10,direct_ei,2,3.323902833574244,1132,536,6
all,10,direct_ei,3,2.5995012148892194,1132,536,6
all,10,direct_ei,4,2.1261640775760355,1132,536,6
all,10,mean_sd,1,4.975519666349617,1132,536,6
all,10,mean_sd,2,3.424539465139764,1132,536,6
all,10,mean_sd,3,2.690730791225477,1132,536,6
all,10,mean_sd,4,2.2166380949867386,1132,536,6
all,10,mean_sd_ei,1,4.953925244438756,1132,536,6
all,10,mean_sd_ei,2,3.4160737523126703,1132,536,6
all,10,mean_sd_ei,3,2.6831188494107745,1132,536,6
all,10,mean_sd_ei,4,2.208069287387943,1132,536,6
all,10,random,1,7.692803828596304,1132,536,6
all,10,random,2,5.159700784737798,1132,536,6
all,10,random,3,3.963507184460525,1132,536,6
all,10,random,4,3.2179817667040536,1132,536,6
microsomal_clearance,10,direct_ei,1,4.341575091575091,546,309,1
microsomal_clearance,10,direct_ei,2,3.136904761904762,546,309,1
microsomal_clearance,10,direct_ei,3,2.5544871794871793,546,309,1
microsomal_clearance,10,direct_ei,4,2.2161172161172162,546,309,1
microsomal_clearance,10,mean_sd,1,4.425976800976802,546,309,1
microsomal_clearance,10,mean_sd,2,3.2092490842490844,546,309,1
microsomal_clearance,10,mean_sd,3,2.614163614163614,546,309,1
microsomal_clearance,10,mean_sd,4,2.2504578754578755,546,309,1
microsomal_clearance,10,mean_sd_ei,1,4.434981684981685,546,309,1
microsomal_clearance,10,mean_sd_ei,2,3.223137973137973,546,309,1
microsomal_clearance,10,mean_sd_ei,3,2.630189255189255,546,309,1
microsomal_clearance,10,mean_sd_ei,4,2.2707570207570207,546,309,1
microsomal_clearance,10,random,1,6.9885345527996625,546,309,1
microsomal_clearance,10,random,2,4.96691165684641,546,309,1
microsomal_clearance,10,random,3,3.956448046382799,546,309,1
microsomal_clearance,10,random,4,3.2920005382539723,546,309,1
in_vivo_clearance,10,direct_ei,1,5.922727272727273,55,44,1
in_vivo_clearance,10,direct_ei,2,3.9681818181818183,55,44,1
in_vivo_clearance,10,direct_ei,3,2.8363636363636364,55,44,1
in_vivo_clearance,10,direct_ei,4,2.2045454545454546,55,44,1
in_vivo_clearance,10,mean_sd,1,6.169696969696969,55,44,1
in_vivo_clearance,10,mean_sd,2,4.090909090909091,55,44,1
in_vivo_clearance,10,mean_sd,3,3.0106060606060607,55,44,1
in_vivo_clearance,10,mean_sd,4,2.4727272727272727,55,44,1
in_vivo_clearance,10,mean_sd_ei,1,6.128787878787878,55,44,1
in_vivo_clearance,10,mean_sd_ei,2,4.101515151515152,55,44,1
in_vivo_clearance,10,mean_sd_ei,3,2.9924242424242427,55,44,1
in_vivo_clearance,10,mean_sd_ei,4,2.456060606060606,55,44,1
in_vivo_clearance,10,random,1,7.472727272727273,55,44,1
in_vivo_clearance,10,random,2,4.924242424242424,55,44,1
in_vivo_clearance,10,random,3,3.7100000000000004,55,44,1
in_vivo_clearance,10,random,4,2.952121212121212,55,44,1
protein_binding,10,direct_ei,1,4.314285714285714,105,59,1
protein_binding,10,direct_ei,2,2.842857142857143,105,59,1
protein_binding,10,direct_ei,3,2.142857142857143,105,59,1
protein_binding,10,direct_ei,4,1.7023809523809523,105,59,1
protein_binding,10,mean_sd,1,4.314285714285714,105,59,1
protein_binding,10,mean_sd,2,2.8777777777777778,105,59,1
protein_binding,10,mean_sd,3,2.1634920634920634,105,59,1
protein_binding,10,mean_sd,4,1.7674603174603176,105,59,1
protein_binding,10,mean_sd_ei,1,4.304761904761905,105,59,1
protein_binding,10,mean_sd_ei,2,2.873809523809524,105,59,1
protein_binding,10,mean_sd_ei,3,2.1555555555555554,105,59,1
protein_binding,10,mean_sd_ei,4,1.75,105,59,1
protein_binding,10,random,1,8.471428571428572,105,59,1
protein_binding,10,random,2,5.395238095238096,105,59,1
protein_binding,10,random,3,4.0876190476190475,105,59,1
protein_binding,10,random,4,3.3050056689342404,105,59,1
cellular_clearance,10,direct_ei,1,4.518211920529802,151,90,1
cellular_clearance,10,direct_ei,2,2.9834437086092715,151,90,1
cellular_clearance,10,direct_ei,3,2.5413907284768213,151,90,1
cellular_clearance,10,direct_ei,4,2.140728476821192,151,90,1
cellular_clearance,10,mean_sd,1,4.620309050772627,151,90,1
cellular_clearance,10,mean_sd,2,3.126379690949227,151,90,1
cellular_clearance,10,mean_sd,3,2.6131346578366443,151,90,1
cellular_clearance,10,mean_sd,4,2.1440397350993377,151,90,1
cellular_clearance,10,mean_sd_ei,1,4.581677704194261,151,90,1
cellular_clearance,10,mean_sd_ei,2,3.0805739514348787,151,90,1
cellular_clearance,10,mean_sd_ei,3,2.587748344370861,151,90,1
cellular_clearance,10,mean_sd_ei,4,2.122516556291391,151,90,1
cellular_clearance,10,random,1,7.173801033403683,151,90,1
cellular_clearance,10,random,2,5.062322004706111,151,90,1
cellular_clearance,10,random,3,4.0030504815273025,151,90,1
cellular_clearance,10,random,4,3.2870105887489993,151,90,1
permeability,10,direct_ei,1,5.730645161290322,155,127,1
permeability,10,direct_ei,2,3.8016129032258066,155,127,1
permeability,10,direct_ei,3,3.067741935483871,155,127,1
permeability,10,direct_ei,4,2.5161290322580645,155,127,1
permeability,10,mean_sd,1,5.964516129032258,155,127,1
permeability,10,mean_sd,2,4.012365591397849,155,127,1
permeability,10,mean_sd,3,3.214516129032258,155,127,1
permeability,10,mean_sd,4,2.629032258064516,155,127,1
permeability,10,mean_sd_ei,1,5.941397849462366,155,127,1
permeability,10,mean_sd_ei,2,4.006989247311828,155,127,1
permeability,10,mean_sd_ei,3,3.2161290322580647,155,127,1
permeability,10,mean_sd_ei,4,2.631720430107527,155,127,1
permeability,10,random,1,8.648387096774194,155,127,1
permeability,10,random,2,5.752903225806452,155,127,1
permeability,10,random,3,4.283870967741936,155,127,1
permeability,10,random,4,3.453701996927803,155,127,1
efflux,10,direct_ei,1,4.429166666666666,120,99,1
efflux,10,direct_ei,2,3.2104166666666667,120,99,1
efflux,10,direct_ei,3,2.4541666666666666,120,99,1
efflux,10,direct_ei,4,1.9770833333333333,120,99,1
efflux,10,mean_sd,1,4.358333333333333,120,99,1
efflux,10,mean_sd,2,3.2305555555555556,120,99,1
efflux,10,mean_sd,3,2.5284722222222222,120,99,1
efflux,10,mean_sd,4,2.036111111111111,120,99,1
efflux,10,mean_sd_ei,1,4.331944444444445,120,99,1
efflux,10,mean_sd_ei,2,3.2104166666666667,120,99,1
efflux,10,mean_sd_ei,3,2.5166666666666666,120,99,1
efflux,10,mean_sd_ei,4,2.017361111111111,120,99,1
efflux,10,random,1,7.401944444444444,120,99,1
efflux,10,random,2,4.856587301587301,120,99,1
efflux,10,random,3,3.7400545634920634,120,99,1
efflux,10,random,4,3.0180505952380954,120,99,1
all,15,direct_ei,1,6.175517435029973,580,283,6
all,15,direct_ei,2,4.104748069969827,580,283,6
all,15,direct_ei,3,3.237131468629156,580,283,6
all,15,direct_ei,4,2.562701321369638,580,283,6
all,15,mean_sd,1,6.324788538370837,580,283,6
all,15,mean_sd,2,4.255439999108765,580,283,6
all,15,mean_sd,3,3.406810177331874,580,283,6
all,15,mean_sd,4,2.7678111405216277,580,283,6
all,15,mean_sd_ei,1,6.288682750181024,580,283,6
all,15,mean_sd_ei,2,4.243471841424193,580,283,6
all,15,mean_sd_ei,3,3.398909412687375,580,283,6
all,15,mean_sd_ei,4,2.745924836350398,580,283,6
all,15,random,1,10.423286114411143,580,283,6
all,15,random,2,6.9401704475656745,580,283,6
all,15,random,3,5.356836070804058,580,283,6
all,15,random,4,4.351156694447459,580,283,6
microsomal_clearance,15,direct_ei,1,5.045016077170418,311,176,1
microsomal_clearance,15,direct_ei,2,3.692926045016077,311,176,1
microsomal_clearance,15,direct_ei,3,2.977491961414791,311,176,1
microsomal_clearance,15,direct_ei,4,2.5908360128617365,311,176,1
microsomal_clearance,15,mean_sd,1,5.146570203644158,311,176,1
microsomal_clearance,15,mean_sd,2,3.765541264737406,311,176,1
microsomal_clearance,15,mean_sd,3,3.046891747052519,311,176,1
microsomal_clearance,15,mean_sd,4,2.654876741693462,311,176,1
microsomal_clearance,15,mean_sd_ei,1,5.167202572347267,311,176,1
microsomal_clearance,15,mean_sd_ei,2,3.793944265809218,311,176,1
microsomal_clearance,15,mean_sd_ei,3,3.0787781350482315,311,176,1
microsomal_clearance,15,mean_sd_ei,4,2.692122186495177,311,176,1
microsomal_clearance,15,random,1,8.616191746802679,311,176,1
microsomal_clearance,15,random,2,6.129983183795483,311,176,1
microsomal_clearance,15,random,3,4.907915237451009,311,176,1
microsomal_clearance,15,random,4,4.12599744106376,311,176,1
in_vivo_clearance,15,direct_ei,1,8.9375,20,15,1
in_vivo_clearance,15,direct_ei,2,5.575,20,15,1
in_vivo_clearance,15,direct_ei,3,4.0,20,15,1
in_vivo_clearance,15,direct_ei,4,2.925,20,15,1
in_vivo_clearance,15,mean_sd,1,9.458333333333334,20,15,1
in_vivo_clearance,15,mean_sd,2,5.916666666666666,20,15,1
in_vivo_clearance,15,mean_sd,3,4.383333333333334,20,15,1
in_vivo_clearance,15,mean_sd,4,3.6083333333333334,20,15,1
in_vivo_clearance,15,mean_sd_ei,1,9.3375,20,15,1
in_vivo_clearance,15,mean_sd_ei,2,5.9125,20,15,1
in_vivo_clearance,15,mean_sd_ei,3,4.325,20,15,1
in_vivo_clearance,15,mean_sd_ei,4,3.5041666666666664,20,15,1
in_vivo_clearance,15,random,1,10.65,20,15,1
in_vivo_clearance,15,random,2,6.904166666666667,20,15,1
in_vivo_clearance,15,random,3,5.275,20,15,1
in_vivo_clearance,15,random,4,4.145952380952381,20,15,1
protein_binding,15,direct_ei,1,4.840909090909091,44,27,1
protein_binding,15,direct_ei,2,2.9204545454545454,44,27,1
protein_binding,15,direct_ei,3,2.1818181818181817,44,27,1
protein_binding,15,direct_ei,4,1.7329545454545454,44,27,1
protein_binding,15,mean_sd,1,4.84469696969697,44,27,1
protein_binding,15,mean_sd,2,3.028409090909091,44,27,1
protein_binding,15,mean_sd,3,2.303030303030303,44,27,1
protein_binding,15,mean_sd,4,1.8863636363636365,44,27,1
protein_binding,15,mean_sd_ei,1,4.833333333333333,44,27,1
protein_binding,15,mean_sd_ei,2,3.007575757575758,44,27,1
protein_binding,15,mean_sd_ei,3,2.297348484848485,44,27,1
protein_binding,15,mean_sd_ei,4,1.8693181818181819,44,27,1
protein_binding,15,random,1,12.204545454545455,44,27,1
protein_binding,15,random,2,7.598484848484848,44,27,1
protein_binding,15,random,3,5.828409090909091,44,27,1
protein_binding,15,random,4,4.726515151515152,44,27,1
cellular_clearance,15,direct_ei,1,5.4113924050632916,79,52,1
cellular_clearance,15,direct_ei,2,3.449367088607595,79,52,1
cellular_clearance,15,direct_ei,3,3.170886075949367,79,52,1
cellular_clearance,15,direct_ei,4,2.5822784810126582,79,52,1
cellular_clearance,15,mean_sd,1,5.2668776371308015,79,52,1
cellular_clearance,15,mean_sd,2,3.4377637130801686,79,52,1
cellular_clearance,15,mean_sd,3,3.142405063291139,79,52,1
cellular_clearance,15,mean_sd,4,2.5464135021097047,79,52,1
cellular_clearance,15,mean_sd_ei,1,5.256329113924051,79,52,1
cellular_clearance,15,mean_sd_ei,2,3.4177215189873418,79,52,1
cellular_clearance,15,mean_sd_ei,3,3.1487341772151898,79,52,1
cellular_clearance,15,mean_sd_ei,4,2.5453586497890295,79,52,1
cellular_clearance,15,random,1,9.453238744377984,79,52,1
cellular_clearance,15,random,2,6.636783048175453,79,52,1
cellular_clearance,15,random,3,5.262099503871656,79,52,1
cellular_clearance,15,random,4,4.366951824546761,79,52,1
permeability,15,direct_ei,1,7.447916666666667,72,61,1
permeability,15,direct_ei,2,5.041666666666667,72,61,1
permeability,15,direct_ei,3,4.0,72,61,1
permeability,15,direct_ei,4,3.267361111111111,72,61,1
permeability,15,mean_sd,1,7.93287037037037,72,61,1
permeability,15,mean_sd,2,5.3842592592592595,72,61,1
permeability,15,mean_sd,3,4.262731481481482,72,61,1
permeability,15,mean_sd,4,3.517361111111111,72,61,1
permeability,15,mean_sd_ei,1,7.887731481481481,72,61,1
permeability,15,mean_sd_ei,2,5.373842592592593,72,61,1
permeability,15,mean_sd_ei,3,4.267361111111111,72,61,1
permeability,15,mean_sd_ei,4,3.517361111111111,72,61,1
permeability,15,random,1,11.921296296296298,72,61,1
permeability,15,random,2,8.00462962962963,72,61,1
permeability,15,random,3,5.921527777777778,72,61,1
permeability,15,random,4,4.809259259259259,72,61,1
efflux,15,direct_ei,1,5.37037037037037,54,49,1
efflux,15,direct_ei,2,3.949074074074074,54,49,1
efflux,15,direct_ei,3,3.0925925925925926,54,49,1
efflux,15,direct_ei,4,2.2777777777777777,54,49,1
efflux,15,mean_sd,1,5.299382716049383,54,49,1
efflux,15,mean_sd,2,4.0,54,49,1
efflux,15,mean_sd,3,3.302469135802469,54,49,1
efflux,15,mean_sd,4,2.3935185185185186,54,49,1
efflux,15,mean_sd_ei,1,5.25,54,49,1
efflux,15,mean_sd_ei,2,3.9552469135802473,54,49,1
efflux,15,mean_sd_ei,3,3.2762345679012346,54,49,1
efflux,15,mean_sd_ei,4,2.3472222222222223,54,49,1
efflux,15,random,1,9.694444444444445,54,49,1
efflux,15,random,2,6.366975308641975,54,49,1
efflux,15,random,3,4.9460648148148145,54,49,1
efflux,15,random,4,3.9322641093474426,54,49,1
all,20,direct_ei,1,7.445925905918884,329,167,6
all,20,direct_ei,2,4.92120182304171,329,167,6
all,20,direct_ei,3,3.628920640065303,329,167,6
all,20,direct_ei,4,2.885960398060117,329,167,6
all,20,mean_sd,1,7.64825760667755,329,167,6
all,20,mean_sd,2,5.0836600883511,329,167,6
all,20,mean_sd,3,3.849378421204264,329,167,6
all,20,mean_sd,4,3.190523244181952,329,167,6
all,20,mean_sd_ei,1,7.608762984570568,329,167,6
all,20,mean_sd_ei,2,5.0963666277196245,329,167,6
all,20,mean_sd_ei,3,3.849599245601118,329,167,6
all,20,mean_sd_ei,4,3.1630858128727986,329,167,6
all,20,random,1,12.807371266270144,329,167,6
all,20,random,2,8.567994714057098,329,167,6
all,20,random,3,6.5798025781828455,329,167,6
all,20,random,4,5.380913698821119,329,167,6
microsomal_clearance,20,direct_ei,1,5.893258426966292,178,102,1
microsomal_clearance,20,direct_ei,2,4.216292134831461,178,102,1
microsomal_clearance,20,direct_ei,3,3.273876404494382,178,102,1
microsomal_clearance,20,direct_ei,4,2.9157303370786516,178,102,1
microsomal_clearance,20,mean_sd,1,6.024812734082397,178,102,1
microsomal_clearance,20,mean_sd,2,4.303370786516854,178,102,1
microsomal_clearance,20,mean_sd,3,3.377808988764045,178,102,1
microsomal_clearance,20,mean_sd,4,2.9873595505617976,178,102,1
microsomal_clearance,20,mean_sd_ei,1,6.066947565543072,178,102,1
microsomal_clearance,20,mean_sd_ei,2,4.3572097378277155,178,102,1
microsomal_clearance,20,mean_sd_ei,3,3.436797752808989,178,102,1
microsomal_clearance,20,mean_sd_ei,4,3.0538389513108615,178,102,1
microsomal_clearance,20,random,1,10.31891563180889,178,102,1
microsomal_clearance,20,random,2,7.267236090610388,178,102,1
microsomal_clearance,20,random,3,5.820283417815019,178,102,1
microsomal_clearance,20,random,4,4.922761089955612,178,102,1
in_vivo_clearance,20,direct_ei,1,12.777777777777779,9,6,1
in_vivo_clearance,20,direct_ei,2,7.611111111111111,9,6,1
in_vivo_clearance,20,direct_ei,3,4.166666666666667,9,6,1
in_vivo_clearance,20,direct_ei,4,2.9166666666666665,9,6,1
in_vivo_clearance,20,mean_sd,1,13.527777777777779,9,6,1
in_vivo_clearance,20,mean_sd,2,7.916666666666667,9,6,1
in_vivo_clearance,20,mean_sd,3,4.666666666666667,9,6,1
in_vivo_clearance,20,mean_sd,4,4.055555555555555,9,6,1
in_vivo_clearance,20,mean_sd_ei,1,13.277777777777779,9,6,1
in_vivo_clearance,20,mean_sd_ei,2,7.925925925925926,9,6,1
in_vivo_clearance,20,mean_sd_ei,3,4.5092592592592595,9,6,1
in_vivo_clearance,20,mean_sd_ei,4,3.842592592592593,9,6,1
in_vivo_clearance,20,random,1,13.38888888888889,9,6,1
in_vivo_clearance,20,random,2,8.62962962962963,9,6,1
in_vivo_clearance,20,random,3,6.583333333333333,9,6,1
in_vivo_clearance,20,random,4,5.203703703703703,9,6,1
protein_binding,20,direct_ei,1,4.576923076923077,26,15,1
protein_binding,20,direct_ei,2,3.6346153846153846,26,15,1
protein_binding,20,direct_ei,3,2.6346153846153846,26,15,1
protein_binding,20,direct_ei,4,2.0384615384615383,26,15,1
protein_binding,20,mean_sd,1,4.846153846153846,26,15,1
protein_binding,20,mean_sd,2,3.8589743589743595,26,15,1
protein_binding,20,mean_sd,3,2.8301282051282053,26,15,1
protein_binding,20,mean_sd,4,2.2403846153846154,26,15,1
protein_binding,20,mean_sd_ei,1,4.82051282051282,26,15,1
protein_binding,20,mean_sd_ei,2,3.8365384615384617,26,15,1
protein_binding,20,mean_sd_ei,3,2.8205128205128203,26,15,1
protein_binding,20,mean_sd_ei,4,2.2115384615384617,26,15,1
protein_binding,20,random,1,15.0,26,15,1
protein_binding,20,random,2,9.666666666666668,26,15,1
protein_binding,20,random,3,7.3961538461538465,26,15,1
protein_binding,20,random,4,6.0,26,15,1
cellular_clearance,20,direct_ei,1,5.755,50,32,1
cellular_clearance,20,direct_ei,2,3.495,50,32,1
cellular_clearance,20,direct_ei,3,3.17,50,32,1
cellular_clearance,20,direct_ei,4,2.605,50,32,1
cellular_clearance,20,mean_sd,1,5.456666666666666,50,32,1
cellular_clearance,20,mean_sd,2,3.38,50,32,1
cellular_clearance,20,mean_sd,3,3.1133333333333333,50,32,1
cellular_clearance,20,mean_sd,4,2.5266666666666664,50,32,1
cellular_clearance,20,mean_sd_ei,1,5.441666666666666,50,32,1
cellular_clearance,20,mean_sd_ei,2,3.338333333333333,50,32,1
cellular_clearance,20,mean_sd_ei,3,3.106666666666667,50,32,1
cellular_clearance,20,mean_sd_ei,4,2.5216666666666665,50,32,1
cellular_clearance,20,random,1,11.313666666666666,50,32,1
cellular_clearance,20,random,2,7.922000000000001,50,32,1
cellular_clearance,20,random,3,6.2410000000000005,50,32,1
cellular_clearance,20,random,4,5.217666666666666,50,32,1
permeability,20,direct_ei,1,8.76875,40,34,1
permeability,20,direct_ei,2,5.6375,40,34,1
permeability,20,direct_ei,3,4.76875,40,34,1
permeability,20,direct_ei,4,3.99375,40,34,1
permeability,20,mean_sd,1,9.377083333333333,40,34,1
permeability,20,mean_sd,2,6.158333333333333,40,34,1
permeability,20,mean_sd,3,5.15,40,34,1
permeability,20,mean_sd,4,4.297916666666667,40,34,1
permeability,20,mean_sd_ei,1,9.302083333333332,40,34,1
permeability,20,mean_sd_ei,2,6.145833333333334,40,34,1
permeability,20,mean_sd_ei,3,5.166666666666666,40,34,1
permeability,20,mean_sd_ei,4,4.310416666666667,40,34,1
permeability,20,random,1,14.9125,40,34,1
permeability,20,random,2,10.066666666666666,40,34,1
permeability,20,random,3,7.3725,40,34,1
permeability,20,random,4,6.04,40,34,1
efflux,20,direct_ei,1,6.903846153846154,26,25,1
efflux,20,direct_ei,2,4.9326923076923075,26,25,1
efflux,20,direct_ei,3,3.7596153846153846,26,25,1
efflux,20,direct_ei,4,2.8461538461538463,26,25,1
efflux,20,mean_sd,1,6.657051282051283,26,25,1
efflux,20,mean_sd,2,4.884615384615385,26,25,1
efflux,20,mean_sd,3,3.9583333333333335,26,25,1
efflux,20,mean_sd,4,3.0352564102564106,26,25,1
efflux,20,mean_sd_ei,1,6.743589743589744,26,25,1
efflux,20,mean_sd_ei,2,4.9743589743589745,26,25,1
efflux,20,mean_sd_ei,3,4.0576923076923075,26,25,1
efflux,20,mean_sd_ei,4,3.0384615384615383,26,25,1
efflux,20,random,1,11.91025641025641,26,25,1
efflux,20,random,2,7.855769230769231,26,25,1
efflux,20,random,3,6.065544871794871,26,25,1
efflux,20,random,4,4.901350732600733,26,25,1
all,25,direct_ei,1,8.328017259771292,205,109,6
all,25,direct_ei,2,5.450949127410822,205,109,6
all,25,direct_ei,3,3.622316361580474,205,109,6
all,25,direct_ei,4,2.9440833546680323,205,109,6
all,25,mean_sd,1,8.71451844029129,205,109,6
all,25,mean_sd,2,5.910853672412812,205,109,6
all,25,mean_sd,3,4.176412001479206,205,109,6
all,25,mean_sd,4,3.503517025089606,205,109,6
all,25,mean_sd_ei,1,8.6866186991523,205,109,6
all,25,mean_sd_ei,2,5.900100361978722,205,109,6
all,25,mean_sd_ei,3,4.124042072025943,205,109,6
all,25,mean_sd_ei,4,3.4115279377880188,205,109,6
all,25,random,1,14.852417856636485,205,109,6
all,25,random,2,10.012931418393327,205,109,6
all,25,random,3,7.65417426965298,205,109,6
all,25,random,4,6.21855993426714,205,109,6
microsomal_clearance,25,direct_ei,1,5.955357142857143,112,68,1
microsomal_clearance,25,direct_ei,2,4.573660714285714,112,68,1
microsomal_clearance,25,direct_ei,3,3.4174107142857144,112,68,1
microsomal_clearance,25,direct_ei,4,3.0357142857142856,112,68,1
microsomal_clearance,25,mean_sd,1,6.0252976190476195,112,68,1
microsomal_clearance,25,mean_sd,2,4.641369047619048,112,68,1
microsomal_clearance,25,mean_sd,3,3.5029761904761902,112,68,1
microsomal_clearance,25,mean_sd,4,3.09375,112,68,1
microsomal_clearance,25,mean_sd_ei,1,6.098214285714286,112,68,1
microsomal_clearance,25,mean_sd_ei,2,4.7403273809523805,112,68,1
microsomal_clearance,25,mean_sd_ei,3,3.5952380952380953,112,68,1
microsomal_clearance,25,mean_sd_ei,4,3.2001488095238098,112,68,1
microsomal_clearance,25,random,1,11.353366160129553,112,68,1
microsomal_clearance,25,random,2,8.161997112510505,112,68,1
microsomal_clearance,25,random,3,6.61669137657977,112,68,1
microsomal_clearance,25,random,4,5.616164819803212,112,68,1
in_vivo_clearance,25,direct_ei,1,15.25,5,2,1
in_vivo_clearance,25,direct_ei,2,9.5,5,2,1
in_vivo_clearance,25,direct_ei,3,3.45,5,2,1
in_vivo_clearance,25,direct_ei,4,2.45,5,2,1
in_vivo_clearance,25,mean_sd,1,16.983333333333334,5,2,1
in_vivo_clearance,25,mean_sd,2,11.233333333333334,5,2,1
in_vivo_clearance,25,mean_sd,3,5.533333333333333,5,2,1
in_vivo_clearance,25,mean_sd,4,4.783333333333333,5,2,1
in_vivo_clearance,25,mean_sd_ei,1,16.75,5,2,1
in_vivo_clearance,25,mean_sd_ei,2,10.966666666666665,5,2,1
in_vivo_clearance,25,mean_sd_ei,3,4.966666666666667,5,2,1
in_vivo_clearance,25,mean_sd_ei,4,4.116666666666666,5,2,1
in_vivo_clearance,25,random,1,15.4,5,2,1
in_vivo_clearance,25,random,2,10.266666666666666,5,2,1
in_vivo_clearance,25,random,3,7.7,5,2,1
in_vivo_clearance,25,random,4,5.886666666666666,5,2,1
protein_binding,25,direct_ei,1,4.016666666666667,15,9,1
protein_binding,25,direct_ei,2,2.85,15,9,1
protein_binding,25,direct_ei,3,2.25,15,9,1
protein_binding,25,direct_ei,4,1.9833333333333334,15,9,1
protein_binding,25,mean_sd,1,4.061111111111111,15,9,1
protein_binding,25,mean_sd,2,3.033333333333333,15,9,1
protein_binding,25,mean_sd,3,2.316666666666667,15,9,1
protein_binding,25,mean_sd,4,2.1,15,9,1
protein_binding,25,mean_sd_ei,1,4.0055555555555555,15,9,1
protein_binding,25,mean_sd_ei,2,2.9833333333333334,15,9,1
protein_binding,25,mean_sd_ei,3,2.2777777777777777,15,9,1
protein_binding,25,mean_sd_ei,4,2.066666666666667,15,9,1
protein_binding,25,random,1,18.266666666666666,15,9,1
protein_binding,25,random,2,11.822222222222223,15,9,1
protein_binding,25,random,3,9.023333333333333,15,9,1
protein_binding,25,random,4,7.306666666666667,15,9,1
cellular_clearance,25,direct_ei,1,6.346774193548387,31,23,1
cellular_clearance,25,direct_ei,2,4.330645161290323,31,23,1
cellular_clearance,25,direct_ei,3,3.838709677419355,31,23,1
cellular_clearance,25,direct_ei,4,3.032258064516129,31,23,1
cellular_clearance,25,mean_sd,1,5.96505376344086,31,23,1
cellular_clearance,25,mean_sd,2,4.002688172043011,31,23,1
cellular_clearance,25,mean_sd,3,3.7795698924731185,31,23,1
cellular_clearance,25,mean_sd,4,2.9086021505376345,31,23,1
cellular_clearance,25,mean_sd_ei,1,5.973118279569892,31,23,1
cellular_clearance,25,mean_sd_ei,2,3.9973118279569895,31,23,1
cellular_clearance,25,mean_sd_ei,3,3.7795698924731185,31,23,1
cellular_clearance,25,mean_sd_ei,4,2.9086021505376345,31,23,1
cellular_clearance,25,random,1,13.376881720430108,31,23,1
cellular_clearance,25,random,2,9.465591397849462,31,23,1
cellular_clearance,25,random,3,7.318817204301075,31,23,1
cellular_clearance,25,random,4,6.169354838709677,31,23,1
permeability,25,direct_ei,1,10.677083333333334,24,21,1
permeability,25,direct_ei,2,6.3125,24,21,1
permeability,25,direct_ei,3,5.083333333333333,24,21,1
permeability,25,direct_ei,4,4.510416666666667,24,21,1
permeability,25,mean_sd,1,11.618055555555555,24,21,1
permeability,25,mean_sd,2,7.114583333333333,24,21,1
permeability,25,mean_sd,3,5.75,24,21,1
permeability,25,mean_sd,4,5.010416666666667,24,21,1
permeability,25,mean_sd_ei,1,11.46875,24,21,1
permeability,25,mean_sd_ei,2,7.069444444444444,24,21,1
permeability,25,mean_sd_ei,3,5.75,24,21,1
permeability,25,mean_sd_ei,4,5.010416666666667,24,21,1
permeability,25,random,1,17.84722222222222,24,21,1
permeability,25,random,2,12.013888888888888,24,21,1
permeability,25,random,3,8.893749999999999,24,21,1
permeability,25,random,4,7.208333333333333,24,21,1
efflux,25,direct_ei,1,7.722222222222222,18,18,1
efflux,25,direct_ei,2,5.138888888888889,18,18,1
efflux,25,direct_ei,3,3.6944444444444446,18,18,1
efflux,25,direct_ei,4,2.6527777777777777,18,18,1
efflux,25,mean_sd,1,7.63425925925926,18,18,1
efflux,25,mean_sd,2,5.439814814814815,18,18,1
efflux,25,mean_sd,3,4.1759259259259265,18,18,1
efflux,25,mean_sd,4,3.125,18,18,1
efflux,25,mean_sd_ei,1,7.824074074074074,18,18,1
efflux,25,mean_sd_ei,2,5.643518518518518,18,18,1
efflux,25,mean_sd_ei,3,4.375,18,18,1
efflux,25,mean_sd_ei,4,3.1666666666666665,18,18,1
efflux,25,random,1,12.87037037037037,18,18,1
efflux,25,random,2,8.347222222222221,18,18,1
efflux,25,random,3,6.3724537037037035,18,18,1
efflux,25,random,4,5.124173280423281,18,18,1
all,30,direct_ei,1,8.095220396452792,120,65,6
all,30,direct_ei,2,4.381218901729465,120,65,6
all,30,direct_ei,3,3.7069421873119057,120,65,6
all,30,direct_ei,4,3.005224509449862,120,65,6
all,30,mean_sd,1,8.555864197530864,120,65,6
all,30,mean_sd,2,4.915792236801627,120,65,6
all,30,mean_sd,3,4.336752220349638,120,65,6
all,30,mean_sd,4,3.6565274601072724,120,65,6
all,30,mean_sd_ei,1,8.63951862886722,120,65,6
all,30,mean_sd_ei,2,5.012596973101668,120,65,6
all,30,mean_sd_ei,3,4.4496862585771035,120,65,6
all,30,mean_sd_ei,4,3.673608603186068,120,65,6
all,30,random,1,17.10266729618842,120,65,6
all,30,random,2,11.505377777977543,120,65,6
all,30,random,3,9.0005138139117,120,65,6
all,30,random,4,7.137625522625522,120,65,6
microsomal_clearance,30,direct_ei,1,5.785211267605634,71,43,1
microsomal_clearance,30,direct_ei,2,4.72887323943662,71,43,1
microsomal_clearance,30,direct_ei,3,3.26056338028169,71,43,1
microsomal_clearance,30,direct_ei,4,3.0492957746478875,71,43,1
microsomal_clearance,30,mean_sd,1,5.75,71,43,1
microsomal_clearance,30,mean_sd,2,4.731220657276996,71,43,1
microsomal_clearance,30,mean_sd,3,3.305164319248826,71,43,1
microsomal_clearance,30,mean_sd,4,3.007042253521127,71,43,1
microsomal_clearance,30,mean_sd_ei,1,5.886150234741784,71,43,1
microsomal_clearance,30,mean_sd_ei,2,4.907276995305165,71,43,1
microsomal_clearance,30,mean_sd_ei,3,3.4683098591549295,71,43,1
microsomal_clearance,30,mean_sd_ei,4,3.1784037558685445,71,43,1
microsomal_clearance,30,random,1,12.784401213027973,71,43,1
microsomal_clearance,30,random,2,9.293790884389477,71,43,1
microsomal_clearance,30,random,3,7.512698268085592,71,43,1
microsomal_clearance,30,random,4,6.409754967254967,71,43,1
in_vivo_clearance,30,direct_ei,1,16.5,2,1,1
in_vivo_clearance,30,direct_ei,2,4.5,2,1,1
in_vivo_clearance,30,direct_ei,3,4.5,2,1,1
in_vivo_clearance,30,direct_ei,4,2.5,2,1,1
in_vivo_clearance,30,mean_sd,1,18.541666666666668,2,1,1
in_vivo_clearance,30,mean_sd,2,6.75,2,1,1
in_vivo_clearance,30,mean_sd,3,6.75,2,1,1
in_vivo_clearance,30,mean_sd,4,5.208333333333334,2,1,1
in_vivo_clearance,30,mean_sd_ei,1,18.5,2,1,1
in_vivo_clearance,30,mean_sd_ei,2,6.541666666666667,2,1,1
in_vivo_clearance,30,mean_sd_ei,3,6.541666666666667,2,1,1
in_vivo_clearance,30,mean_sd_ei,4,4.916666666666667,2,1,1
in_vivo_clearance,30,random,1,18.5,2,1,1
in_vivo_clearance,30,random,2,12.333333333333332,2,1,1
in_vivo_clearance,30,random,3,9.25,2,1,1
in_vivo_clearance,30,random,4,6.716666666666666,2,1,1
protein_binding,30,direct_ei,1,3.861111111111111,9,6,1
protein_binding,30,direct_ei,2,2.5555555555555554,9,6,1
protein_binding,30,direct_ei,3,1.9166666666666667,9,6,1
protein_binding,30,direct_ei,4,1.9166666666666667,9,6,1
protein_binding,30,mean_sd,1,4.101851851851851,9,6,1
protein_binding,30,mean_sd,2,2.648148148148148,9,6,1
protein_binding,30,mean_sd,3,2.259259259259259,9,6,1
protein_binding,30,mean_sd,4,2.2314814814814814,9,6,1
protein_binding,30,mean_sd_ei,1,4.083333333333333,9,6,1
protein_binding,30,mean_sd_ei,2,2.6574074074074074,9,6,1
protein_binding,30,mean_sd_ei,3,2.25,9,6,1
protein_binding,30,mean_sd_ei,4,2.2222222222222223,9,6,1
protein_binding,30,random,1,21.333333333333332,9,6,1
protein_binding,30,random,2,13.87962962962963,9,6,1
protein_binding,30,random,3,10.483333333333333,9,6,1
protein_binding,30,random,4,8.533333333333333,9,6,1
cellular_clearance,30,direct_ei,1,7.375,20,14,1
cellular_clearance,30,direct_ei,2,5.1875,20,14,1
cellular_clearance,30,direct_ei,3,4.5875,20,14,1
cellular_clearance,30,direct_ei,4,3.65,20,14,1
cellular_clearance,30,mean_sd,1,6.675,20,14,1
cellular_clearance,30,mean_sd,2,4.483333333333333,20,14,1
cellular_clearance,30,mean_sd,3,4.445833333333334,20,14,1
cellular_clearance,30,mean_sd,4,3.4333333333333336,20,14,1
cellular_clearance,30,mean_sd_ei,1,6.695833333333333,20,14,1
cellular_clearance,30,mean_sd_ei,2,4.483333333333333,20,14,1
cellular_clearance,30,mean_sd_ei,3,4.445833333333334,20,14,1
cellular_clearance,30,mean_sd_ei,4,3.4333333333333336,20,14,1
cellular_clearance,30,random,1,13.5675,20,14,1
cellular_clearance,30,random,2,9.754999999999999,20,14,1
cellular_clearance,30,random,3,7.791666666666667,20,14,1
cellular_clearance,30,random,4,6.657500000000001,20,14,1
permeability,30,direct_ei,1,10.5,13,12,1
permeability,30,direct_ei,2,5.365384615384615,13,12,1
permeability,30,direct_ei,3,5.076923076923077,13,12,1
permeability,30,direct_ei,4,4.865384615384615,13,12,1
permeability,30,mean_sd,1,11.666666666666666,13,12,1
permeability,30,mean_sd,2,6.282051282051283,13,12,1
permeability,30,mean_sd,3,5.66025641025641,13,12,1
permeability,30,mean_sd,4,5.3589743589743595,13,12,1
permeability,30,mean_sd_ei,1,11.371794871794872,13,12,1
permeability,30,mean_sd_ei,2,6.185897435897435,13,12,1
permeability,30,mean_sd_ei,3,5.6923076923076925,13,12,1
permeability,30,mean_sd_ei,4,5.3910256410256405,13,12,1
permeability,30,random,1,21.73076923076923,13,12,1
permeability,30,random,2,14.487179487179487,13,12,1
permeability,30,random,3,10.865384615384615,13,12,1
permeability,30,random,4,8.692307692307692,13,12,1
efflux,30,direct_ei,1,4.55,5,5,1
efflux,30,direct_ei,2,3.95,5,5,1
efflux,30,direct_ei,3,2.9,5,5,1
efflux,30,direct_ei,4,2.05,5,5,1
efflux,30,mean_sd,1,4.6,5,5,1
efflux,30,mean_sd,2,4.6,5,5,1
efflux,30,mean_sd,3,3.6,5,5,1
efflux,30,mean_sd,4,2.7,5,5,1
efflux,30,mean_sd_ei,1,5.3,5,5,1
efflux,30,mean_sd_ei,2,5.3,5,5,1
efflux,30,mean_sd_ei,3,4.3,5,5,1
efflux,30,mean_sd_ei,4,2.9,5,5,1
efflux,30,random,1,14.7,5,5,1
efflux,30,random,2,9.283333333333335,5,5,1
efflux,30,random,3,8.1,5,5,1
efflux,30,random,4,5.816190476190476,5,5,1
all,35,direct_ei,1,8.700239223337048,75,45,6
all,35,direct_ei,2,5.997369704570791,75,45,6
all,35,direct_ei,3,4.57842693236715,75,45,6
all,35,direct_ei,4,3.491574925678186,75,45,6
all,35,mean_sd,1,9.279186795491142,75,45,6
all,35,mean_sd,2,6.794353090548743,75,45,6
all,35,mean_sd,3,5.555420073083116,75,45,6
all,35,mean_sd,4,4.375044515669516,75,45,6
all,35,mean_sd_ei,1,9.226735724018335,75,45,6
all,35,mean_sd_ei,2,6.7680598135761185,75,45,6
all,35,mean_sd_ei,3,5.538939598042859,75,45,6
all,35,mean_sd_ei,4,4.332899789421528,75,45,6
all,35,random,1,19.937136276565624,75,45,6
all,35,random,2,13.47879133044894,75,45,6
all,35,random,3,10.336898636789941,75,45,6
all,35,random,4,7.83285888125562,75,45,6
microsomal_clearance,35,direct_ei,1,6.940217391304348,46,30,1
microsomal_clearance,35,direct_ei,2,5.592391304347826,46,30,1
microsomal_clearance,35,direct_ei,3,3.7934782608695654,46,30,1
microsomal_clearance,35,direct_ei,4,3.652173913043478,46,30,1
microsomal_clearance,35,mean_sd,1,6.869565217391305,46,30,1
microsomal_clearance,35,mean_sd,2,5.547101449275362,46,30,1
microsomal_clearance,35,mean_sd,3,3.7753623188405796,46,30,1
microsomal_clearance,35,mean_sd,4,3.625,46,30,1
microsomal_clearance,35,mean_sd_ei,1,7.06340579710145,46,30,1
microsomal_clearance,35,mean_sd_ei,2,5.8025362318840585,46,30,1
microsomal_clearance,35,mean_sd_ei,3,4.0271739130434785,46,30,1
microsomal_clearance,35,mean_sd_ei,4,3.889492753623188,46,30,1
microsomal_clearance,35,random,1,15.078632677708764,46,30,1
microsomal_clearance,35,random,2,10.730806590752243,46,30,1
microsomal_clearance,35,random,3,8.724482480080306,46,30,1
microsomal_clearance,35,random,4,7.56977233515277,46,30,1
in_vivo_clearance,35,direct_ei,1,9.75,1,1,1
in_vivo_clearance,35,direct_ei,2,6.0,1,1,1
in_vivo_clearance,35,direct_ei,3,6.0,1,1,1
in_vivo_clearance,35,direct_ei,4,2.0,1,1,1
in_vivo_clearance,35,mean_sd,1,13.583333333333334,1,1,1
in_vivo_clearance,35,mean_sd,2,10.0,1,1,1
in_vivo_clearance,35,mean_sd,3,10.0,1,1,1
in_vivo_clearance,35,mean_sd,4,6.916666666666667,1,1,1
in_vivo_clearance,35,mean_sd_ei,1,13.5,1,1,1
in_vivo_clearance,35,mean_sd_ei,2,9.75,1,1,1
in_vivo_clearance,35,mean_sd_ei,3,9.75,1,1,1
in_vivo_clearance,35,mean_sd_ei,4,6.5,1,1,1
in_vivo_clearance,35,random,1,20.5,1,1,1
in_vivo_clearance,35,random,2,13.666666666666666,1,1,1
in_vivo_clearance,35,random,3,10.25,1,1,1
in_vivo_clearance,35,random,4,6.833333333333333,1,1,1
protein_binding,35,direct_ei,1,4.458333333333333,6,5,1
protein_binding,35,direct_ei,2,3.0,6,5,1
protein_binding,35,direct_ei,3,2.2083333333333335,6,5,1
protein_binding,35,direct_ei,4,2.2083333333333335,6,5,1
protein_binding,35,mean_sd,1,4.513888888888888,6,5,1
protein_binding,35,mean_sd,2,3.097222222222222,6,5,1
protein_binding,35,mean_sd,3,2.597222222222222,6,5,1
protein_binding,35,mean_sd,4,2.5555555555555554,6,5,1
protein_binding,35,mean_sd_ei,1,4.486111111111112,6,5,1
protein_binding,35,mean_sd_ei,2,3.0694444444444446,6,5,1
protein_binding,35,mean_sd_ei,3,2.5694444444444446,6,5,1
protein_binding,35,mean_sd_ei,4,2.527777777777778,6,5,1
protein_binding,35,random,1,23.583333333333332,6,5,1
protein_binding,35,random,2,15.208333333333334,6,5,1
protein_binding,35,random,3,11.791666666666666,6,5,1
protein_binding,35,random,4,9.433333333333334,6,5,1
cellular_clearance,35,direct_ei,1,6.615384615384615,13,8,1
cellular_clearance,35,direct_ei,2,5.673076923076923,13,8,1
cellular_clearance,35,direct_ei,3,4.75,13,8,1
cellular_clearance,35,direct_ei,4,3.8076923076923075,13,8,1
cellular_clearance,35,mean_sd,1,5.916666666666667,13,8,1
cellular_clearance,35,mean_sd,2,4.705128205128205,13,8,1
cellular_clearance,35,mean_sd,3,4.647435897435897,13,8,1
cellular_clearance,35,mean_sd,4,3.705128205128205,13,8,1
cellular_clearance,35,mean_sd_ei,1,5.935897435897436,13,8,1
cellular_clearance,35,mean_sd_ei,2,4.705128205128205,13,8,1
cellular_clearance,35,mean_sd_ei,3,4.647435897435897,13,8,1
cellular_clearance,35,mean_sd_ei,4,3.705128205128205,13,8,1
cellular_clearance,35,random,1,14.898351648351648,13,8,1
cellular_clearance,35,random,2,10.891941391941392,13,8,1
cellular_clearance,35,random,3,8.473992673992674,13,8,1
cellular_clearance,35,random,4,7.2214285714285715,13,8,1
permeability,35,direct_ei,1,14.4375,8,7,1
permeability,35,direct_ei,2,7.46875,8,7,1
permeability,35,direct_ei,3,7.21875,8,7,1
permeability,35,direct_ei,4,7.03125,8,7,1
permeability,35,mean_sd,1,16.291666666666664,8,7,1
permeability,35,mean_sd,2,8.916666666666666,8,7,1
permeability,35,mean_sd,3,8.3125,8,7,1
permeability,35,mean_sd,4,7.947916666666667,8,7,1
permeability,35,mean_sd_ei,1,15.875,8,7,1
permeability,35,mean_sd_ei,2,8.78125,8,7,1
permeability,35,mean_sd_ei,3,8.239583333333334,8,7,1
permeability,35,mean_sd_ei,4,7.875,8,7,1
permeability,35,random,1,25.5625,8,7,1
permeability,35,random,2,17.041666666666668,8,7,1
permeability,35,random,3,12.78125,8,7,1
permeability,35,random,4,10.225,8,7,1
efflux,35,direct_ei,1,10.0,1,1,1
efflux,35,direct_ei,2,8.25,1,1,1
efflux,35,direct_ei,3,3.5,1,1,1
efflux,35,direct_ei,4,2.25,1,1,1
efflux,35,mean_sd,1,8.5,1,1,1
efflux,35,mean_sd,2,8.5,1,1,1
efflux,35,mean_sd,3,4.0,1,1,1
efflux,35,mean_sd,4,1.5,1,1,1
efflux,35,mean_sd_ei,1,8.5,1,1,1
efflux,35,mean_sd_ei,2,8.5,1,1,1
efflux,35,mean_sd_ei,3,4.0,1,1,1
efflux,35,mean_sd_ei,4,1.5,1,1,1
efflux,35,random,1,20.0,1,1,1
efflux,35,random,2,13.333333333333334,1,1,1
efflux,35,random,3,10.0,1,1,1
efflux,35,random,4,5.714285714285714,1,1,1
all,40,direct_ei,1,8.797267691798941,52,32,6
all,40,direct_ei,2,6.218770667989418,52,32,6
all,40,direct_ei,3,4.607225529100529,52,32,6
all,40,direct_ei,4,3.444919808201058,52,32,6
all,40,mean_sd,1,9.522466104497353,52,32,6
all,40,mean_sd,2,7.155133928571428,52,32,6
all,40,mean_sd,3,5.717799272486772,52,32,6
all,40,mean_sd,4,4.440600198412699,52,32,6
all,40,mean_sd_ei,1,9.459346064814815,52,32,6
all,40,mean_sd_ei,2,7.134548611111111,52,32,6
all,40,mean_sd_ei,3,5.705150462962963,52,32,6
all,40,mean_sd_ei,4,4.403645833333333,52,32,6
all,40,random,1,21.67407083608906,52,32,6
all,40,random,2,14.733167507164902,52,32,6
all,40,random,3,11.274472296125941,52,32,6
all,40,random,4,8.577645521434585,52,32,6
microsomal_clearance,40,direct_ei,1,7.5078125,32,21,1
microsomal_clearance,40,direct_ei,2,6.0546875,32,21,1
microsomal_clearance,40,direct_ei,3,3.84375,32,21,1
microsomal_clearance,40,direct_ei,4,3.6953125,32,21,1
microsomal_clearance,40,mean_sd,1,7.299479166666666,32,21,1
microsomal_clearance,40,mean_sd,2,5.817708333333334,32,21,1
microsomal_clearance,40,mean_sd,3,3.6302083333333335,32,21,1
microsomal_clearance,40,mean_sd,4,3.453125,32,21,1
microsomal_clearance,40,mean_sd_ei,1,7.575520833333334,32,21,1
microsomal_clearance,40,mean_sd_ei,2,6.182291666666666,32,21,1
microsomal_clearance,40,mean_sd_ei,3,3.9947916666666665,32,21,1
microsomal_clearance,40,mean_sd_ei,4,3.8385416666666665,32,21,1
microsomal_clearance,40,random,1,16.057652529761906,32,21,1
microsomal_clearance,40,random,2,11.135777529761905,32,21,1
microsomal_clearance,40,random,3,9.115749120670996,32,21,1
microsomal_clearance,40,random,4,7.974603287337662,32,21,1
in_vivo_clearance,40,direct_ei,1,9.75,1,1,1
in_vivo_clearance,40,direct_ei,2,6.0,1,1,1
in_vivo_clearance,40,direct_ei,3,6.0,1,1,1
in_vivo_clearance,40,direct_ei,4,2.0,1,1,1
in_vivo_clearance,40,mean_sd,1,13.583333333333334,1,1,1
in_vivo_clearance,40,mean_sd,2,10.0,1,1,1
in_vivo_clearance,40,mean_sd,3,10.0,1,1,1
in_vivo_clearance,40,mean_sd,4,6.916666666666667,1,1,1
in_vivo_clearance,40,mean_sd_ei,1,13.5,1,1,1
in_vivo_clearance,40,mean_sd_ei,2,9.75,1,1,1
in_vivo_clearance,40,mean_sd_ei,3,9.75,1,1,1
in_vivo_clearance,40,mean_sd_ei,4,6.5,1,1,1
in_vivo_clearance,40,random,1,20.5,1,1,1
in_vivo_clearance,40,random,2,13.666666666666666,1,1,1
in_vivo_clearance,40,random,3,10.25,1,1,1
in_vivo_clearance,40,random,4,6.833333333333333,1,1,1
protein_binding,40,direct_ei,1,6.125,2,2,1
protein_binding,40,direct_ei,2,6.0,2,2,1
protein_binding,40,direct_ei,3,3.625,2,2,1
protein_binding,40,direct_ei,4,3.625,2,2,1
protein_binding,40,mean_sd,1,6.291666666666666,2,2,1
protein_binding,40,mean_sd,2,6.291666666666666,2,2,1
protein_binding,40,mean_sd,3,4.791666666666666,2,2,1
protein_binding,40,mean_sd,4,4.666666666666666,2,2,1
protein_binding,40,mean_sd_ei,1,6.208333333333334,2,2,1
protein_binding,40,mean_sd_ei,2,6.208333333333334,2,2,1
protein_binding,40,mean_sd_ei,3,4.708333333333334,2,2,1
protein_binding,40,mean_sd_ei,4,4.583333333333334,2,2,1
protein_binding,40,random,1,32.75,2,2,1
protein_binding,40,random,2,21.833333333333332,2,2,1
protein_binding,40,random,3,16.375,2,2,1
protein_binding,40,random,4,13.1,2,2,1
cellular_clearance,40,direct_ei,1,5.222222222222222,9,6,1
cellular_clearance,40,direct_ei,2,4.222222222222222,9,6,1
cellular_clearance,40,direct_ei,3,3.888888888888889,9,6,1
cellular_clearance,40,direct_ei,4,2.5277777777777777,9,6,1
cellular_clearance,40,mean_sd,1,5.222222222222222,9,6,1
cellular_clearance,40,mean_sd,2,3.9166666666666665,9,6,1
cellular_clearance,40,mean_sd,3,3.861111111111111,9,6,1
cellular_clearance,40,mean_sd,4,2.5,9,6,1
cellular_clearance,40,mean_sd_ei,1,5.222222222222222,9,6,1
cellular_clearance,40,mean_sd_ei,2,3.9166666666666665,9,6,1
cellular_clearance,40,mean_sd_ei,3,3.861111111111111,9,6,1
cellular_clearance,40,mean_sd_ei,4,2.5,9,6,1
cellular_clearance,40,random,1,14.093915343915345,9,6,1
cellular_clearance,40,random,2,10.667989417989418,9,6,1
cellular_clearance,40,random,3,8.584656084656084,9,6,1
cellular_clearance,40,random,4,7.186507936507937,9,6,1
permeability,40,direct_ei,1,14.178571428571429,7,6,1
permeability,40,direct_ei,2,6.785714285714286,7,6,1
permeability,40,direct_ei,3,6.785714285714286,7,6,1
permeability,40,direct_ei,4,6.571428571428571,7,6,1
permeability,40,mean_sd,1,16.238095238095237,7,6,1
permeability,40,mean_sd,2,8.404761904761905,7,6,1
permeability,40,mean_sd,3,8.023809523809524,7,6,1
permeability,40,mean_sd,4,7.607142857142857,7,6,1
permeability,40,mean_sd_ei,1,15.75,7,6,1
permeability,40,mean_sd_ei,2,8.25,7,6,1
permeability,40,mean_sd_ei,3,7.916666666666666,7,6,1
permeability,40,mean_sd_ei,4,7.5,7,6,1
permeability,40,random,1,26.642857142857142,7,6,1
permeability,40,random,2,17.761904761904763,7,6,1
permeability,40,random,3,13.321428571428571,7,6,1
permeability,40,random,4,10.657142857142857,7,6,1
efflux,40,direct_ei,1,10.0,1,1,1
efflux,40,direct_ei,2,8.25,1,1,1
efflux,40,direct_ei,3,3.5,1,1,1
efflux,40,direct_ei,4,2.25,1,1,1
efflux,40,mean_sd,1,8.5,1,1,1
efflux,40,mean_sd,2,8.5,1,1,1
efflux,40,mean_sd,3,4.0,1,1,1
efflux,40,mean_sd,4,1.5,1,1,1
efflux,40,mean_sd_ei,1,8.5,1,1,1
efflux,40,mean_sd_ei,2,8.5,1,1,1
efflux,40,mean_sd_ei,3,4.0,1,1,1
efflux,40,mean_sd_ei,4,1.5,1,1,1
efflux,40,random,1,20.0,1,1,1
efflux,40,random,2,13.333333333333334,1,1,1
efflux,40,random,3,10.0,1,1,1
efflux,40,random,4,5.714285714285714,1,1,1
all,45,direct_ei,1,9.0359623015873,30,18,4
all,45,direct_ei,2,6.034722222222222,30,18,4
all,45,direct_ei,3,4.808531746031746,30,18,4
all,45,direct_ei,4,4.282738095238095,30,18,4
all,45,mean_sd,1,9.330770502645503,30,18,4
all,45,mean_sd,2,6.125578703703704,30,18,4
all,45,mean_sd,3,5.163277116402117,30,18,4
all,45,mean_sd,4,4.553323412698413,30,18,4
all,45,mean_sd_ei,1,9.239914021164022,30,18,4
all,45,mean_sd_ei,2,6.214699074074074,30,18,4
all,45,mean_sd_ei,3,5.27323082010582,30,18,4
all,45,mean_sd_ei,4,4.672536375661375,30,18,4
all,45,random,1,27.156769416099774,30,18,4
all,45,random,2,18.43487788170824,30,18,4
all,45,random,3,14.330182114512471,30,18,4
all,45,random,4,11.811994283824642,30,18,4
microsomal_clearance,45,direct_ei,1,6.027777777777778,18,11,1
microsomal_clearance,45,direct_ei,2,5.138888888888889,18,11,1
microsomal_clearance,45,direct_ei,3,5.055555555555555,18,11,1
microsomal_clearance,45,direct_ei,4,4.791666666666667,18,11,1
microsomal_clearance,45,mean_sd,1,5.671296296296296,18,11,1
microsomal_clearance,45,mean_sd,2,4.689814814814815,18,11,1
microsomal_clearance,45,mean_sd,3,4.578703703703704,18,11,1
microsomal_clearance,45,mean_sd,4,4.263888888888889,18,11,1
microsomal_clearance,45,mean_sd_ei,1,6.162037037037037,18,11,1
microsomal_clearance,45,mean_sd_ei,2,5.337962962962963,18,11,1
microsomal_clearance,45,mean_sd_ei,3,5.226851851851851,18,11,1
microsomal_clearance,45,mean_sd_ei,4,4.9490740740740735,18,11,1
microsomal_clearance,45,random,1,18.268234126984126,18,11,1
microsomal_clearance,45,random,2,12.499715608465609,18,11,1
microsomal_clearance,45,random,3,10.64045634920635,18,11,1
microsomal_clearance,45,random,4,9.303419312169313,18,11,1
protein_binding,45,direct_ei,1,6.25,1,1,1
protein_binding,45,direct_ei,2,6.0,1,1,1
protein_binding,45,direct_ei,3,1.25,1,1,1
protein_binding,45,direct_ei,4,1.25,1,1,1
protein_binding,45,mean_sd,1,4.75,1,1,1
protein_binding,45,mean_sd,2,4.75,1,1,1
protein_binding,45,mean_sd,3,1.75,1,1,1
protein_binding,45,mean_sd,4,1.5,1,1,1
protein_binding,45,mean_sd_ei,1,4.75,1,1,1
protein_binding,45,mean_sd_ei,2,4.75,1,1,1
protein_binding,45,mean_sd_ei,3,1.75,1,1,1
protein_binding,45,mean_sd_ei,4,1.5,1,1,1
protein_binding,45,random,1,45.5,1,1,1
protein_binding,45,random,2,30.333333333333332,1,1,1
protein_binding,45,random,3,22.75,1,1,1
protein_binding,45,random,4,18.2,1,1,1
cellular_clearance,45,direct_ei,1,5.928571428571429,7,5,1
cellular_clearance,45,direct_ei,2,4.75,7,5,1
cellular_clearance,45,direct_ei,3,4.678571428571429,7,5,1
cellular_clearance,45,direct_ei,4,2.9642857142857144,7,5,1
cellular_clearance,45,mean_sd,1,5.964285714285714,7,5,1
cellular_clearance,45,mean_sd,2,4.75,7,5,1
cellular_clearance,45,mean_sd,3,4.678571428571429,7,5,1
cellular_clearance,45,mean_sd,4,2.9285714285714284,7,5,1
cellular_clearance,45,mean_sd_ei,1,5.964285714285714,7,5,1
cellular_clearance,45,mean_sd_ei,2,4.75,7,5,1
cellular_clearance,45,mean_sd_ei,3,4.678571428571429,7,5,1
cellular_clearance,45,mean_sd_ei,4,2.9285714285714284,7,5,1
cellular_clearance,45,random,1,13.358843537414966,7,5,1
cellular_clearance,45,random,2,9.906462585034015,7,5,1
cellular_clearance,45,random,3,8.180272108843537,7,5,1
cellular_clearance,45,random,4,7.144557823129252,7,5,1
permeability,45,direct_ei,1,17.9375,4,4,1
permeability,45,direct_ei,2,8.25,4,4,1
permeability,45,direct_ei,3,8.25,4,4,1
permeability,45,direct_ei,4,8.125,4,4,1
permeability,45,mean_sd,1,20.9375,4,4,1
permeability,45,mean_sd,2,10.3125,4,4,1
permeability,45,mean_sd,3,9.645833333333334,4,4,1
permeability,45,mean_sd,4,9.520833333333334,4,4,1
permeability,45,mean_sd_ei,1,20.083333333333336,4,4,1
permeability,45,mean_sd_ei,2,10.020833333333334,4,4,1
permeability,45,mean_sd_ei,3,9.4375,4,4,1
permeability,45,mean_sd_ei,4,9.3125,4,4,1
permeability,45,random,1,31.5,4,4,1
permeability,45,random,2,21.0,4,4,1
permeability,45,random,3,15.75,4,4,1
permeability,45,random,4,12.6,4,4,1
all,50,direct_ei,1,11.051339285714285,20,13,4
all,50,direct_ei,2,8.15625,20,13,4
all,50,direct_ei,3,6.879464285714286,20,13,4
all,50,direct_ei,4,4.794642857142858,20,13,4
all,50,mean_sd,1,10.979910714285715,20,13,4
all,50,mean_sd,2,7.883184523809524,20,13,4
all,50,mean_sd,3,6.868303571428571,20,13,4
all,50,mean_sd,4,4.814732142857142,20,13,4
all,50,mean_sd_ei,1,10.758928571428573,20,13,4
all,50,mean_sd_ei,2,7.853422619047619,20,13,4
all,50,mean_sd_ei,3,6.859375,20,13,4
all,50,mean_sd_ei,4,4.805803571428571,20,13,4
all,50,random,1,30.63596301020408,20,13,4
all,50,random,2,20.37703443877551,20,13,4
all,50,random,3,15.618105867346939,20,13,4
all,50,random,4,12.666915391156461,20,13,4
microsomal_clearance,50,direct_ei,1,6.017857142857143,14,8,1
microsomal_clearance,50,direct_ei,2,5.375,14,8,1
microsomal_clearance,50,direct_ei,3,5.267857142857143,14,8,1
microsomal_clearance,50,direct_ei,4,5.053571428571429,14,8,1
microsomal_clearance,50,mean_sd,1,5.232142857142857,14,8,1
microsomal_clearance,50,mean_sd,2,4.470238095238096,14,8,1
microsomal_clearance,50,mean_sd,3,4.3273809523809526,14,8,1
microsomal_clearance,50,mean_sd,4,3.988095238095238,14,8,1
microsomal_clearance,50,mean_sd_ei,1,5.202380952380953,14,8,1
microsomal_clearance,50,mean_sd_ei,2,4.642857142857143,14,8,1
microsomal_clearance,50,mean_sd_ei,3,4.5,14,8,1
microsomal_clearance,50,mean_sd_ei,4,4.160714285714286,14,8,1
microsomal_clearance,50,random,1,20.043852040816326,14,8,1
microsomal_clearance,50,random,2,13.174804421768709,14,8,1
microsomal_clearance,50,random,3,11.222423469387754,14,8,1
microsomal_clearance,50,random,4,9.66766156462585,14,8,1
protein_binding,50,direct_ei,1,6.25,1,1,1
protein_binding,50,direct_ei,2,6.0,1,1,1
protein_binding,50,direct_ei,3,1.25,1,1,1
protein_binding,50,direct_ei,4,1.25,1,1,1
protein_binding,50,mean_sd,1,4.75,1,1,1
protein_binding,50,mean_sd,2,4.75,1,1,1
protein_binding,50,mean_sd,3,1.75,1,1,1
protein_binding,50,mean_sd,4,1.5,1,1,1
protein_binding,50,mean_sd_ei,1,4.75,1,1,1
protein_binding,50,mean_sd_ei,2,4.75,1,1,1
protein_binding,50,mean_sd_ei,3,1.75,1,1,1
protein_binding,50,mean_sd_ei,4,1.5,1,1,1
protein_binding,50,random,1,45.5,1,1,1
protein_binding,50,random,2,30.333333333333332,1,1,1
protein_binding,50,random,3,22.75,1,1,1
protein_binding,50,random,4,18.2,1,1,1
cellular_clearance,50,direct_ei,1,14.0,1,1,1
cellular_clearance,50,direct_ei,2,13.0,1,1,1
cellular_clearance,50,direct_ei,3,12.75,1,1,1
cellular_clearance,50,direct_ei,4,4.75,1,1,1
cellular_clearance,50,mean_sd,1,13.0,1,1,1
cellular_clearance,50,mean_sd,2,12.0,1,1,1
cellular_clearance,50,mean_sd,3,11.75,1,1,1
cellular_clearance,50,mean_sd,4,4.25,1,1,1
cellular_clearance,50,mean_sd_ei,1,13.0,1,1,1
cellular_clearance,50,mean_sd_ei,2,12.0,1,1,1
cellular_clearance,50,mean_sd_ei,3,11.75,1,1,1
cellular_clearance,50,mean_sd_ei,4,4.25,1,1,1
cellular_clearance,50,random,1,25.5,1,1,1
cellular_clearance,50,random,2,17.0,1,1,1
cellular_clearance,50,random,3,12.75,1,1,1
cellular_clearance,50,random,4,10.2,1,1,1
permeability,50,direct_ei,1,17.9375,4,4,1
permeability,50,direct_ei,2,8.25,4,4,1
permeability,50,direct_ei,3,8.25,4,4,1
permeability,50,direct_ei,4,8.125,4,4,1
permeability,50,mean_sd,1,20.9375,4,4,1
permeability,50,mean_sd,2,10.3125,4,4,1
permeability,50,mean_sd,3,9.645833333333334,4,4,1
permeability,50,mean_sd,4,9.520833333333334,4,4,1
permeability,50,mean_sd_ei,1,20.083333333333336,4,4,1
permeability,50,mean_sd_ei,2,10.020833333333334,4,4,1
permeability,50,mean_sd_ei,3,9.4375,4,4,1
permeability,50,mean_sd_ei,4,9.3125,4,4,1
permeability,50,random,1,31.5,4,4,1
permeability,50,random,2,21.0,4,4,1
permeability,50,random,3,15.75,4,4,1
permeability,50,random,4,12.6,4,4,1
