endpoint,minimum_pool_size,method,measured,r2,rmse,nll,coverage68,coverage95,mean_sd,spearman,pools,ranking_pools,queries
all,3,frozen_gp,1,0.07598590057377586,0.9678979283473653,1.3867716023868424,0.744970798182998,0.9427088161676092,0.9586293086498323,0.24072836018510432,4625.0,2454.0,10787.0
all,3,frozen_gp,2,0.346986710821389,0.8136755590858225,1.2220053270227038,0.7473811068879207,0.9389079447483082,0.8095971524515146,0.28000918952634457,4625.0,2454.0,10787.0
all,3,frozen_gp,3,0.4184661293910228,0.772399380779931,1.1544407369152818,0.7520320120045016,0.9403526322370889,0.7451524535601695,0.29970270026362605,2801.0,1981.0,7997.0
all,3,frozen_gp,5,0.541841739419672,0.669558613169421,1.0238391598998817,0.7525270758122744,0.9395306859205776,0.6845247670200567,0.3458326865699233,1460.0,1440.0,5540.0
all,3,frozen_gp,10,0.6093610797595886,0.6103808037425127,0.9156424170068704,0.748984329657574,0.9396401625072548,0.6180421380356447,0.42110292940247146,762.0,751.0,3446.0
all,3,joint_tuned,1,-0.08935986869803576,1.0509259862360223,1.5695704997818776,0.6273909953338895,0.88337814035413,0.8112024850797311,0.2397238767388384,4625.0,2454.3333333333335,10787.0
all,3,joint_tuned,2,0.28980248907315126,0.8485536573359026,1.3096154085013254,0.6601155712122616,0.9009919347362566,0.6853304032034587,0.2651688432998058,4625.0,2454.3333333333335,10787.0
all,3,joint_tuned,3,0.39370902994255114,0.7886661119539098,1.225052153498882,0.6703347088491517,0.9030886582468426,0.6327713936152641,0.2973720223261607,2801.0,1981.0,7997.0
all,3,joint_tuned,5,0.5261631861456804,0.680918217319206,1.055689834149378,0.6777376654632973,0.909626955475331,0.5861215618876505,0.3398481990730156,1460.0,1440.0,5540.0
all,3,joint_tuned,10,0.5922132161765508,0.6236321542814849,0.9589231997606094,0.6820468175662603,0.9105242793577094,0.5354541787426205,0.39833248720900444,762.0,751.0,3446.0
all,3,joint_w0,1,-0.4401719195782743,1.2083502140260567,1.9528555342615175,0.5120978956150922,0.8089366830444052,0.7744086029460782,0.21635399489128593,4625.0,2454.0,10787.0
all,3,joint_w0,2,0.19207732579017336,0.9050537842922286,1.478901958349675,0.6017737399956739,0.8669695003244646,0.654694043903931,0.23631159319427375,4625.0,2454.0,10787.0
all,3,joint_w0,3,0.34687429884595966,0.8185617989355145,1.3366890713517432,0.6298195156517027,0.8786628318952941,0.6047065462337423,0.2674852534499934,2801.0,1981.0,7997.0
all,3,joint_w0,5,0.49850801341890644,0.7005047007835766,1.1159410071097933,0.651323706377858,0.8909747292418772,0.561613693908107,0.3139163161940146,1460.0,1440.0,5540.0
all,3,joint_w0,10,0.5839069388801179,0.6299477244415385,0.990963245174446,0.6628941768233702,0.900270845424647,0.5141340122205986,0.3889619678292147,762.0,751.0,3446.0
all,3,joint_w0.1,1,-0.2707792486491874,1.1350480445544964,1.7720346149769088,0.5551744383671703,0.8407651185068447,0.7904321917882751,0.22297929941868577,4625.0,2454.3333333333335,10787.0
all,3,joint_w0.1,2,0.24562381584041915,0.8745390054847477,1.3963391966209724,0.622014152838293,0.8814622539476531,0.668157668688148,0.24708243768420676,4625.0,2454.3333333333335,10787.0
all,3,joint_w0.1,3,0.3716906321052118,0.8028498850060642,1.2811677940606696,0.643949814513776,0.8885832187070152,0.6180542949292458,0.28349928794850104,2801.0,1981.0,7997.0
all,3,joint_w0.1,5,0.5128049973473926,0.6904298642272741,1.0917010976280483,0.6633574007220217,0.899699157641396,0.5750599434616299,0.33018540063624374,1460.0,1440.0,5540.0
all,3,joint_w0.1,10,0.5873054772887603,0.6273705601468987,0.9817415449058994,0.6682143548075062,0.9052041013735733,0.5277189732270345,0.3889383779486433,762.0,751.0,3446.0
all,3,joint_w0.3,1,-0.14472955570007695,1.0772651090380927,1.6018386000592149,0.6132381570408826,0.879793578690399,0.8201698923289552,0.22405224173194593,4625.0,2454.3333333333335,10787.0
all,3,joint_w0.3,2,0.27636755223378373,0.8565280562354478,1.316730969119425,0.657303544389852,0.8995086678409195,0.6930959671817231,0.25547777743100664,4625.0,2454.3333333333335,10787.0
all,3,joint_w0.3,3,0.382911439204683,0.7956414708897421,1.2306427216618971,0.6690425576257764,0.9010045433704305,0.6396630330112546,0.2854494055900265,2801.0,1981.0,7997.0
all,3,joint_w0.3,5,0.5200356826837113,0.6852993881889446,1.0610349610827436,0.6802647412755715,0.9092057761732852,0.5920852819336445,0.33712852090298373,1460.0,1440.0,5540.0
all,3,joint_w0.3,10,0.590222668028366,0.6251446564660318,0.9604145516172556,0.6852389243567422,0.9129425420777713,0.5412380465067134,0.40699542857335896,762.0,751.0,3446.0
all,3,joint_w1,1,-0.03356208932167163,1.0236528635728674,1.502235159203618,0.6486202527734001,0.8941936281326287,0.8190632701518284,0.23515252281726773,4625.0,2454.6666666666665,10787.0
all,3,joint_w1,2,0.2785427240870879,0.8552275600928235,1.300468694482773,0.6703439325113564,0.9045146936126819,0.6918009010229335,0.26256575120853515,4625.0,2454.6666666666665,10787.0
all,3,joint_w1,3,0.3919655263728428,0.7897931739323955,1.2083219449525846,0.6784627568671585,0.9067983827268559,0.6389490910978438,0.29005639937445465,2801.0,1981.0,7997.0
all,3,joint_w1,5,0.52555011742054,0.6813589210535019,1.0471191575727226,0.6825511432009627,0.9114320096269554,0.5913082612841575,0.336806418032856,1460.0,1440.0,5540.0
all,3,joint_w1,10,0.596320415658821,0.6204782813312585,0.943910935910309,0.689688527761656,0.9135229251305862,0.5398411084650062,0.40309550911246655,762.0,751.0,3446.0
all,3,joint_w3,1,0.034014628102710685,0.9896281663518122,1.4412638818147967,0.6655542164951639,0.9057198479651433,0.8116873027807997,0.2514381495119855,4625.0,2454.3333333333335,10787.0
all,3,joint_w3,2,0.32004193158212296,0.830291715483519,1.256511997709335,0.6771422391149841,0.9096134235654029,0.6856925295228947,0.2830757068501304,4625.0,2454.3333333333335,10787.0
all,3,joint_w3,3,0.4093233742088695,0.7784433225282195,1.1890756100442257,0.6827560335125672,0.9110916593722647,0.6340711040750714,0.3074741755787585,2801.0,1981.0,7997.0
all,3,joint_w3,5,0.5307929954956695,0.6775835388503043,1.0356741433780403,0.684416365824308,0.9154632972322503,0.5875982221699868,0.3501810285412836,1460.0,1440.0,5540.0
all,3,joint_w3,10,0.5979941590396308,0.61918968883115,0.9375440735158157,0.6887212226736312,0.9180692590443026,0.5370511682580427,0.41228040175692554,762.0,751.0,3446.0
all,15,frozen_gp,1,0.06347153685212781,0.9375498901485956,1.3760437101225398,0.7251724137931035,0.9358620689655173,0.9464421050685075,0.25619988161531426,580.0,573.0,2900.0
all,15,frozen_gp,2,0.3620680149782468,0.7737863879028116,1.184279354964804,0.7341379310344828,0.94,0.8037386856431303,0.2947704340923537,580.0,573.0,2900.0
all,15,frozen_gp,3,0.4415653244079596,0.7239691921074216,1.113692024970678,0.74,0.9420689655172414,0.7430891050483093,0.31321458439705474,580.0,573.0,2900.0
all,15,frozen_gp,5,0.5227921060028238,0.6692489620783704,1.0273389871415812,0.7441379310344828,0.9406896551724138,0.6832379397670341,0.3523286770522529,580.0,573.0,2900.0
all,15,frozen_gp,10,0.596804395315403,0.6151652452197937,0.9238035967482429,0.743103448275862,0.9396551724137931,0.6173325022153214,0.42638760340485266,580.0,573.0,2900.0
all,15,joint_tuned,1,-0.08561026260818316,1.0094132521252783,1.5101643807531013,0.6320689655172415,0.8845977011494254,0.8264545411861607,0.2417750724112926,580.0,573.0,2900.0
all,15,joint_tuned,2,0.30385842244143224,0.808313713137073,1.2358668355812552,0.6582758620689656,0.9056321839080459,0.7011878666299268,0.27573640210087164,580.0,573.0,2900.0
all,15,joint_tuned,3,0.40589844457026586,0.7467217865211465,1.1603959636022267,0.662528735632184,0.9044827586206896,0.6480284052593398,0.31504633600708587,580.0,573.0,2900.0
all,15,joint_tuned,5,0.4981531589999331,0.686307607224618,1.0662105040361403,0.6763218390804598,0.91,0.5958434609297183,0.34785915232533976,580.0,573.0,2900.0
all,15,joint_tuned,10,0.5753964762321333,0.6312838392159438,0.9705589291068987,0.6818390804597702,0.9095402298850574,0.5386362407776704,0.4004237096987426,580.0,573.0,2900.0
all,15,joint_w0,1,-0.4361819342907361,1.1609861254785336,1.8455226652320398,0.5283908045977012,0.8137931034482758,0.7933305397128455,0.22369710062440873,580.0,573.0,2900.0
all,15,joint_w0,2,0.19653748686297498,0.8683751277752183,1.3836768874858933,0.6135632183908046,0.8688505747126437,0.6731257090093307,0.24845114039147023,580.0,573.0,2900.0
all,15,joint_w0,3,0.35442494195277935,0.7783883718549843,1.2462009999103716,0.6342528735632184,0.8809195402298852,0.6218887584498748,0.28613506018159407,580.0,573.0,2900.0
all,15,joint_w0,5,0.4729781130318555,0.7033009078541017,1.1211315183358763,0.6518390804597701,0.8929885057471264,0.5720778919595455,0.31926129971713735,580.0,573.0,2900.0
all,15,joint_w0,10,0.5655052760654649,0.6385875145063372,1.0065770964411362,0.6616091954022988,0.899080459770115,0.5175826913539425,0.38094854648382065,580.0,573.0,2900.0
all,15,joint_w0.1,1,-0.2860492696256414,1.0986060281240466,1.6927480628324207,0.5694252873563218,0.845632183908046,0.8142676006067041,0.21461179666254968,580.0,573.0,2900.0
all,15,joint_w0.1,2,0.23441114485110248,0.8476250348202928,1.32249306779422,0.6251724137931035,0.8860919540229886,0.6915637373802374,0.24540463061658724,580.0,573.0,2900.0
all,15,joint_w0.1,3,0.3724428764150049,0.7674483640024942,1.2196519017129488,0.6395402298850574,0.8917241379310346,0.6389489089175057,0.2832746470091166,580.0,573.0,2900.0
all,15,joint_w0.1,5,0.4848401877228213,0.6953347374705617,1.098646095304285,0.6645977011494253,0.9018390804597701,0.5878872107555742,0.323710671557867,580.0,573.0,2900.0
all,15,joint_w0.1,10,0.5696644744534739,0.6355266454123005,0.9922790055725749,0.6660919540229885,0.9055172413793103,0.5316741803617903,0.38752962699740817,580.0,573.0,2900.0
all,15,joint_w0.3,1,-0.20427785369053342,1.0630943617103366,1.5910065902376544,0.6142528735632183,0.8750574712643678,0.836721280490659,0.2432165340718088,580.0,573.0,2900.0
all,15,joint_w0.3,2,0.26557868729874723,0.8302361693252069,1.2714324471823737,0.6525287356321839,0.8959770114942529,0.7100736799993458,0.2800232212698803,580.0,573.0,2900.0
all,15,joint_w0.3,3,0.38718296233221744,0.758397729996317,1.1828564007795268,0.6635632183908046,0.9014942528735633,0.656065924356906,0.30545349955620665,580.0,573.0,2900.0
all,15,joint_w0.3,5,0.4907215874014204,0.6913655313121895,1.0730605247682785,0.678735632183908,0.9095402298850574,0.6029451986330633,0.34833779518466884,580.0,573.0,2900.0
all,15,joint_w0.3,10,0.5734775401718187,0.6327019743764449,0.9702719933710435,0.683448275862069,0.9128735632183907,0.5451431651251771,0.40640716291940665,580.0,573.0,2900.0
all,15,joint_w1,1,-0.06980874012588172,1.0020312146895434,1.4806535926325104,0.645632183908046,0.8902298850574711,0.8354602076007499,0.2370611083895483,580.0,573.0,2900.0
all,15,joint_w1,2,0.3042476843703547,0.8080630196360375,1.2240747915993142,0.6686206896551724,0.9073563218390804,0.7091172327292726,0.27762617726784417,580.0,573.0,2900.0
all,15,joint_w1,3,0.407044878789463,0.7459860358859425,1.1519526735696077,0.6718390804597701,0.9080459770114943,0.6546712539911771,0.30605828030006993,580.0,573.0,2900.0
all,15,joint_w1,5,0.502488801148977,0.6833300805628811,1.050930458883185,0.6816091954022988,0.9132183908045977,0.6018637875086602,0.3434297080834195,580.0,573.0,2900.0
all,15,joint_w1,10,0.5800684204849514,0.6277963617012067,0.955414395563086,0.6885057471264368,0.9129885057471264,0.5435613995794061,0.3982882615078485,580.0,573.0,2900.0
all,15,joint_w3,1,-0.011170316855590298,0.9741495649122777,1.4259129504981027,0.654712643678161,0.9009195402298852,0.826052453929189,0.26984683665436027,580.0,573.0,2900.0
all,15,joint_w3,2,0.32709986288349896,0.7947058616076882,1.1985466813566397,0.6683908045977011,0.9122988505747127,0.7011244300488184,0.30268422156698876,580.0,573.0,2900.0
all,15,joint_w3,3,0.4213092635791739,0.7369811500040767,1.1303515083378517,0.672183908045977,0.9127586206896551,0.6484417611590655,0.33525183292558225,580.0,573.0,2900.0
all,15,joint_w3,5,0.5051155057386566,0.6815295056014486,1.0428549687243995,0.6826436781609195,0.9174712643678161,0.5966925358748006,0.358722283033763,580.0,573.0,2900.0
all,15,joint_w3,10,0.5803225106984117,0.6276036427820705,0.9513199560194817,0.6887356321839081,0.9162068965517242,0.5401706984960063,0.4102902308513478,580.0,573.0,2900.0
cellular_clearance,3,frozen_gp,1,-0.14072727308505661,1.0802356244697966,1.5143272565861652,0.721875,0.9390625,0.9298502086245767,0.20076483726396918,524.0,292.0,1280.0
cellular_clearance,3,frozen_gp,2,0.272998238637547,0.8623733252736011,1.239222169316517,0.7375,0.94140625,0.7826177188714449,0.21942891398291378,524.0,292.0,1280.0
cellular_clearance,3,frozen_gp,3,0.3370211368548356,0.8186309368525212,1.1754708967860057,0.7404129793510325,0.9390363815142576,0.7198678540160318,0.2803536292346289,343.0,254.0,1017.0
cellular_clearance,3,frozen_gp,5,0.4724266838950646,0.6272942415795877,0.9421818400107411,0.75,0.946927374301676,0.6643081119943649,0.3449693980806644,186.0,183.0,716.0
cellular_clearance,3,frozen_gp,10,0.4688155339502931,0.5973409243385157,0.874157590785544,0.7613882863340564,0.9414316702819957,0.6063553520911467,0.41321125272794174,101.0,99.0,461.0
cellular_clearance,3,joint_tuned,1,-0.2078142682969113,1.1115441126879542,1.6877562663825003,0.6033854166666667,0.86484375,0.7487498875184168,0.1441049515665013,524.0,292.0,1280.0
cellular_clearance,3,joint_tuned,2,0.20517217687222697,0.9016918760398496,1.3572314749520444,0.6348958333333333,0.8765625,0.6300243718894395,0.18564425222910366,524.0,292.0,1280.0
cellular_clearance,3,joint_tuned,3,0.34496145682060053,0.8137042597594002,1.200729846725815,0.6525729269092101,0.8872500819403474,0.5788547148161488,0.2784750843971177,343.0,254.0,1017.0
cellular_clearance,3,joint_tuned,5,0.4746838455515801,0.6259395537177951,0.9518607743787828,0.6466480446927374,0.8966480446927374,0.5317786167670405,0.3293624351413919,186.0,183.0,716.0
cellular_clearance,3,joint_tuned,10,0.4887077276301978,0.5860377324072138,0.8837130740490479,0.6507592190889371,0.900939985538684,0.48468341410915566,0.40324434461707576,101.0,99.0,461.0
cellular_clearance,3,joint_w0,1,-0.630578057767474,1.2914657157827438,2.46032401099652,0.4197916666666666,0.7192708333333333,0.6495281060826529,0.10403082218249005,524.0,292.0,1280.0
cellular_clearance,3,joint_w0,2,0.05473080512844423,0.9831520596351245,1.7625823667878737,0.5208333333333334,0.8080729166666667,0.5498534225457111,0.14624652295409343,524.0,292.0,1280.0
cellular_clearance,3,joint_w0,3,0.2848384373599104,0.8502340213748841,1.468624863074239,0.572926909210095,0.8341527368076042,0.5078381851920822,0.23047781444470536,343.0,254.0,1017.0
cellular_clearance,3,joint_w0,5,0.43916859258081914,0.6467458452573118,1.0799952550868166,0.5814711359404097,0.8500931098696461,0.4693540391983257,0.2907563857502922,186.0,183.0,716.0
cellular_clearance,3,joint_w0,10,0.48456157544584405,0.5883333128741325,0.9590015303023874,0.6138828633405641,0.8720173535791758,0.4313414123730754,0.4176112971425932,101.0,99.0,461.0
cellular_clearance,3,joint_w0.1,1,-0.34774020083651475,1.174155541374733,1.8652245266270084,0.5375,0.82421875,0.7359599837289821,0.1470517214088605,524.0,292.0,1280.0
cellular_clearance,3,joint_w0.1,2,0.1961900086110091,0.9067825609065782,1.400022463822306,0.6026041666666666,0.8609375,0.6194188597523951,0.1780604721283392,524.0,292.0,1280.0
cellular_clearance,3,joint_w0.1,3,0.32388315738269274,0.826688900879558,1.240122241875543,0.6306129137987545,0.8728285807931826,0.5705903942657703,0.2689189559367375,343.0,254.0,1017.0
cellular_clearance,3,joint_w0.1,5,0.4569950665695058,0.6363459103807536,0.9898953159863121,0.638268156424581,0.88268156424581,0.5239043003969784,0.31492931376430805,186.0,183.0,716.0
cellular_clearance,3,joint_w0.1,10,0.4903044032687604,0.5851257885441722,0.9017078578412825,0.6456977584960232,0.8937093275488069,0.4774238957040517,0.42269950420924424,101.0,99.0,461.0
cellular_clearance,3,joint_w0.3,1,-0.2646666254305965,1.1373409290062337,1.6977151797098156,0.5796875,0.8596354166666668,0.7597577476961633,0.1413366878485944,524.0,292.0,1280.0
cellular_clearance,3,joint_w0.3,2,0.2234609884004917,0.8911829164228289,1.331091536354888,0.6239583333333334,0.8783854166666667,0.6405619093808492,0.18157545055459545,524.0,292.0,1280.0
cellular_clearance,3,joint_w0.3,3,0.33075668837805744,0.82236575200856,1.2059163908947939,0.6492953130121272,0.887905604719764,0.5859367503165649,0.28297457559880773,343.0,254.0,1017.0
cellular_clearance,3,joint_w0.3,5,0.47439946061329047,0.6260631297185003,0.9559243046904978,0.6447858472998137,0.9022346368715084,0.5360007841753477,0.3348872988563987,186.0,183.0,716.0
cellular_clearance,3,joint_w0.3,10,0.5040661452139598,0.5771544444176092,0.8702291455018218,0.6644974692697035,0.9103398409255242,0.48833672734365313,0.439808554659401,101.0,99.0,461.0
cellular_clearance,3,joint_w1,1,-0.16233721264387216,1.0904137012914907,1.5786320866483088,0.6346354166666667,0.8869791666666668,0.7789806293650603,0.13221685637735367,524.0,292.0,1280.0
cellular_clearance,3,joint_w1,2,0.07122977753748531,0.9744763331646334,1.423724535022081,0.6434895833333333,0.8973958333333334,0.6562626575024787,0.1743464671452036,524.0,292.0,1280.0
cellular_clearance,3,joint_w1,3,0.3231186096059456,0.82714142152583,1.1842466001294278,0.6604392002622091,0.9006882989183874,0.604788423028768,0.2689878017238588,343.0,254.0,1017.0
cellular_clearance,3,joint_w1,5,0.47030389885692553,0.6285286205696146,0.9431852052297344,0.6610800744878956,0.9068901303538176,0.5545436590704882,0.30614831301743023,186.0,183.0,716.0
cellular_clearance,3,joint_w1,10,0.49138490269990154,0.5844446956866375,0.865700373718323,0.6775126536514823,0.9146782357194505,0.5056433639358493,0.3960295503766989,101.0,99.0,461.0
cellular_clearance,3,joint_w3,1,-0.1163019838050036,1.0685930368864878,1.557325119788861,0.6447916666666667,0.90078125,0.7783712517360835,0.16119544055253207,524.0,292.0,1280.0
cellular_clearance,3,joint_w3,2,0.23988285780251592,0.8817942725092255,1.2817209064846444,0.6627604166666666,0.9041666666666667,0.6546193076041131,0.21124957162595592,524.0,292.0,1280.0
cellular_clearance,3,joint_w3,3,0.35727753176172344,0.8059794335097615,1.1555228921705094,0.6702720419534579,0.9092100950508031,0.6039786137758647,0.27165656886091955,343.0,254.0,1017.0
cellular_clearance,3,joint_w3,5,0.4854612621336916,0.619494029830156,0.9330431954467039,0.6680633147113594,0.9134078212290503,0.5527152343851984,0.3266997953788024,186.0,183.0,716.0
cellular_clearance,3,joint_w3,10,0.49403830705257223,0.5829794573568704,0.8673473074014851,0.6688358640636297,0.9132321041214752,0.502549158453777,0.4097947598993604,101.0,99.0,461.0
cellular_clearance,15,frozen_gp,1,-0.1886361342843157,0.8971220148429868,1.3131766839903223,0.739240506329114,0.9341772151898734,0.9280201524597956,0.1738609571101017,79.0,78.0,395.0
cellular_clearance,15,frozen_gp,2,0.19190450181122143,0.7397047261598402,1.1202227118594346,0.7417721518987341,0.9443037974683545,0.7883458059050609,0.23903896990686285,79.0,78.0,395.0
cellular_clearance,15,frozen_gp,3,0.29393558334641257,0.6914315816062974,1.0267697655727441,0.7544303797468355,0.9468354430379747,0.7278651051049507,0.2869191641881223,79.0,78.0,395.0
cellular_clearance,15,frozen_gp,5,0.38683025513581804,0.6443434360165572,0.9710442183906972,0.7443037974683544,0.9392405063291139,0.6666156854169301,0.30683650546224317,79.0,78.0,395.0
cellular_clearance,15,frozen_gp,10,0.4713482729164018,0.5982901839873778,0.8757285788314614,0.7544303797468355,0.9392405063291139,0.5991169127259108,0.3996905540063763,79.0,78.0,395.0
cellular_clearance,15,joint_tuned,1,-0.3489155311390258,0.9555377344483073,1.4935039002201382,0.610126582278481,0.8607594936708861,0.7422230072626187,0.1429543926556778,79.0,78.0,395.0
cellular_clearance,15,joint_tuned,2,0.137627334964008,0.7641014130272615,1.202556550943636,0.630379746835443,0.8852320675105485,0.6314829420447222,0.1986056831542045,79.0,78.0,395.0
cellular_clearance,15,joint_tuned,3,0.30634990856403527,0.6852754397465798,1.054050725425134,0.648945147679325,0.8936708860759494,0.5835704573364565,0.27584350092304594,79.0,78.0,395.0
cellular_clearance,15,joint_tuned,5,0.418461557611048,0.6274626353563159,0.9559840003757962,0.6514767932489453,0.9012658227848102,0.5346297942881121,0.3489731745930759,79.0,78.0,395.0
cellular_clearance,15,joint_tuned,10,0.481980596227735,0.5922246543447658,0.8821609740050645,0.6506329113924051,0.89957805907173,0.484194919943548,0.38604857744015386,79.0,78.0,395.0
cellular_clearance,15,joint_w0,1,-1.0771410686247853,1.1847531188666134,2.240695892325222,0.4227848101265823,0.7189873417721518,0.6455067120117022,0.1265159008129592,79.0,78.0,395.0
cellular_clearance,15,joint_w0,2,-0.060383036263281155,0.8470693236843679,1.5217644735855025,0.5265822784810127,0.8118143459915612,0.5512544754414442,0.16974209086484002,79.0,78.0,395.0
cellular_clearance,15,joint_w0,3,0.22117630343082229,0.7260351668415016,1.2423151772775618,0.5763713080168776,0.8379746835443038,0.5115156891372264,0.24187100497964387,79.0,78.0,395.0
cellular_clearance,15,joint_w0,5,0.3904995794027764,0.6423158898303458,1.0650257073136389,0.5848101265822785,0.8624472573839662,0.471404404667177,0.3277651818232263,79.0,78.0,395.0
cellular_clearance,15,joint_w0,10,0.47749588688692207,0.5947319096227686,0.9613762788020516,0.6151898734177216,0.8742616033755274,0.4310547513429255,0.4005825923815822,79.0,78.0,395.0
cellular_clearance,15,joint_w0.1,1,-0.6474136022316929,1.0556498595493504,1.692739045410865,0.5375527426160337,0.8227848101265822,0.7336246581201787,0.12464390110919173,79.0,78.0,395.0
cellular_clearance,15,joint_w0.1,2,0.06230358126562748,0.7966360726936044,1.2832233940718385,0.6092827004219409,0.8717299578059071,0.6248467032568349,0.19158264311886394,79.0,78.0,395.0
cellular_clearance,15,joint_w0.1,3,0.2720185282421789,0.7019559541763415,1.1155348098483617,0.6295358649789029,0.8784810126582278,0.5770370379554405,0.2578110562208293,79.0,78.0,395.0
cellular_clearance,15,joint_w0.1,5,0.410161545544025,0.6319243571544942,0.9787982713120492,0.6430379746835443,0.8970464135021098,0.5277745725458152,0.339187665875967,79.0,78.0,395.0
cellular_clearance,15,joint_w0.1,10,0.48519631512790334,0.5903992498244092,0.8947226615800052,0.6438818565400845,0.8978902953586498,0.47701951668411474,0.41287841675158127,79.0,78.0,395.0
cellular_clearance,15,joint_w0.3,1,-0.47704472238233214,0.9997361686247416,1.5806555891048573,0.5772151898734177,0.8582278481012658,0.7467591856339464,0.18131731903072165,79.0,78.0,395.0
cellular_clearance,15,joint_w0.3,2,0.11675096518973475,0.7728554823166087,1.2264197926954716,0.6329113924050632,0.8767932489451477,0.6366054389482558,0.22782642470026215,79.0,78.0,395.0
cellular_clearance,15,joint_w0.3,3,0.29576628486099926,0.6900700674108071,1.0726708072779207,0.6481012658227848,0.8987341772151899,0.5891607381795435,0.2935118071693186,79.0,78.0,395.0
cellular_clearance,15,joint_w0.3,5,0.41782950802433233,0.627719917910172,0.9496207326152731,0.6489451476793249,0.9147679324894514,0.540593746970354,0.3649514717959767,79.0,78.0,395.0
cellular_clearance,15,joint_w0.3,10,0.49509718994838403,0.5846605887768073,0.870600252619859,0.6616033755274261,0.9113924050632911,0.49007282960830184,0.4174997329212246,79.0,78.0,395.0
cellular_clearance,15,joint_w1,1,-0.233892290652325,0.913765628407421,1.3805850632653993,0.6413502109704642,0.8962025316455696,0.7748265343413167,0.12550206630195507,79.0,78.0,395.0
cellular_clearance,15,joint_w1,2,0.1876395731406828,0.7413810311236793,1.1358160472240717,0.6540084388185654,0.9071729957805909,0.6595646471906734,0.18279069464655562,79.0,78.0,395.0
cellular_clearance,15,joint_w1,3,0.300148486789713,0.6882216164457343,1.0448487405008273,0.6582278481012658,0.9122362869198312,0.6098703106937434,0.23212850349986922,79.0,78.0,395.0
cellular_clearance,15,joint_w1,5,0.4034497969041757,0.6353825414985012,0.9499014193335382,0.6649789029535865,0.9113924050632911,0.5586718356621984,0.307329785507371,79.0,78.0,395.0
cellular_clearance,15,joint_w1,10,0.47996398256613043,0.5933069454532344,0.8707826746024856,0.6767932489451477,0.9147679324894514,0.5066271964207073,0.37788300871441444,79.0,78.0,395.0
cellular_clearance,15,joint_w3,1,-0.1997803595699766,0.901169981066224,1.3634185956951972,0.6523206751054852,0.8936708860759494,0.7762823304612664,0.21845619083717174,79.0,78.0,395.0
cellular_clearance,15,joint_w3,2,0.23064506653491298,0.7217268400454359,1.110184945829176,0.6683544303797468,0.9122362869198312,0.6592931745199749,0.2712229379325534,79.0,78.0,395.0
cellular_clearance,15,joint_w3,3,0.3375645132218292,0.6696289034252411,1.0121844525573616,0.6658227848101266,0.9240506329113924,0.608974396838563,0.3157177342693954,79.0,78.0,395.0
cellular_clearance,15,joint_w3,5,0.42097502420919847,0.6261236287964788,0.94511672739021,0.6759493670886076,0.9181434599156119,0.5564099287930401,0.35924768815770314,79.0,78.0,395.0
cellular_clearance,15,joint_w3,10,0.4918047522387874,0.5865921038253396,0.864376757375734,0.6708860759493671,0.9147679324894514,0.5030106237892062,0.3970718592138893,79.0,78.0,395.0
efflux,3,frozen_gp,1,0.010525754161120893,1.0331494129311527,1.428321252687121,0.7348066298342542,0.9248618784530387,0.9978354683606927,0.27573793269211805,341.0,226.0,905.0
efflux,3,frozen_gp,2,0.3014932788437732,0.8680528763952713,1.2353120377950768,0.7292817679558011,0.9348066298342541,0.8425238859005253,0.3117175800521868,341.0,226.0,905.0
efflux,3,frozen_gp,3,0.4326585140730753,0.7943961004537834,1.1584740615701008,0.7520891364902507,0.9484679665738162,0.7877429120029751,0.30751947439358246,238.0,184.0,718.0
efflux,3,frozen_gp,5,0.5208473600496986,0.7172217175853015,1.0546111770433442,0.7676190476190476,0.9447619047619048,0.7238087181904137,0.30892959688996313,139.0,138.0,525.0
efflux,3,frozen_gp,10,0.6256813057704432,0.6430147559720115,0.9307706760800089,0.7413793103448276,0.9511494252873564,0.6506136278366247,0.4064801670232848,80.0,79.0,348.0
efflux,3,joint_tuned,1,-0.2730339306408707,1.171704015428689,1.7827370795795467,0.5550644567219153,0.8401473296500921,0.807492892328352,0.27107084476730453,341.0,226.0,905.0
efflux,3,joint_tuned,2,0.18594807090881782,0.9370232498824572,1.4433036242718273,0.6099447513812155,0.8703499079189686,0.6812870000846926,0.31194172279938615,341.0,226.0,905.0
efflux,3,joint_tuned,3,0.3741121689232492,0.8343506881909583,1.305837767826353,0.616991643454039,0.8853296193129062,0.634307365808375,0.373333778526234,238.0,184.0,718.0
efflux,3,joint_tuned,5,0.49671627496798826,0.7350357730553482,1.1588699377805178,0.6342857142857142,0.893968253968254,0.5832819419487789,0.357971966765487,139.0,138.0,525.0
efflux,3,joint_tuned,10,0.6111550336117189,0.6553524800097493,1.0252673704477957,0.6436781609195402,0.888888888888889,0.5266544455471317,0.42403928542962216,80.0,79.0,348.0
efflux,3,joint_w0,1,-0.6741519036731215,1.343271148154483,2.1793238389451073,0.4548802946593002,0.7679558011049723,0.7803814011835692,0.255413121425268,341.0,226.0,905.0
efflux,3,joint_w0,2,0.12216736772328496,0.9730412082664999,1.5553700683112799,0.5889502762430939,0.8523020257826888,0.659648902692505,0.2719578066722523,341.0,226.0,905.0
efflux,3,joint_w0,3,0.3423061090224051,0.8553049690946234,1.3801709565738713,0.6118848653667596,0.8681522748375116,0.6148665810250986,0.3250094803575116,238.0,184.0,718.0
efflux,3,joint_w0,5,0.48330821101034566,0.7447522135590116,1.1856452141043992,0.6317460317460317,0.8869841269841269,0.565618486556058,0.32947693536979494,139.0,138.0,525.0
efflux,3,joint_w0,10,0.5990125489766355,0.665513418591735,1.0500398289379274,0.636015325670498,0.8908045977011495,0.5107880684038332,0.4204561087631185,80.0,79.0,348.0
efflux,3,joint_w0.1,1,-0.4378144085460625,1.245247686193488,2.040862760531154,0.48066298342541436,0.7841620626151014,0.7466170485809357,0.25858354229174424,341.0,226.0,905.0
efflux,3,joint_w0.1,2,0.17012473918855756,0.9460888787418554,1.5439250978011936,0.5675874769797421,0.8441988950276244,0.6304610837784651,0.29478501648097083,341.0,226.0,905.0
efflux,3,joint_w0.1,3,0.36434194546116094,0.840848929804801,1.387763380546845,0.5988857938718662,0.8560817084493965,0.5869115949127143,0.3563418054060597,238.0,184.0,718.0
efflux,3,joint_w0.1,5,0.49290629456556,0.7378255993051596,1.2114879134747978,0.6184126984126984,0.8736507936507937,0.5414831353667084,0.37263419965402317,139.0,138.0,525.0
efflux,3,joint_w0.1,10,0.5969215754035114,0.6672325006813636,1.0910321641275968,0.6091954022988505,0.8793103448275862,0.48962232904325437,0.42967700084454447,80.0,79.0,348.0
efflux,3,joint_w0.3,1,-0.3804438165933097,1.2201506233619779,1.83564847765631,0.5462246777163905,0.8401473296500921,0.8071160688927067,0.2710369895103695,341.0,226.0,905.0
efflux,3,joint_w0.3,2,0.16744143305402456,0.9476321396846111,1.4445925143793872,0.6003683241252302,0.8681399631675876,0.6819938534717304,0.3065354049234412,341.0,226.0,905.0
efflux,3,joint_w0.3,3,0.36487459252542687,0.8404114348756385,1.303389976777442,0.6239554317548747,0.8820798514391829,0.6356538960303052,0.36009663572321476,238.0,184.0,718.0
efflux,3,joint_w0.3,5,0.49591071129264597,0.735637994088337,1.1482695640329157,0.6380952380952382,0.8965079365079364,0.5856146122031843,0.3684893937691019,139.0,138.0,525.0
efflux,3,joint_w0.3,10,0.6001204313559781,0.6645749517710785,1.0285376186096178,0.6455938697318008,0.8946360153256704,0.5295280542604387,0.4213459953808387,80.0,79.0,348.0
efflux,3,joint_w1,1,-0.1505358295943481,1.1138868501785701,1.622170597142753,0.5941068139963167,0.8666666666666667,0.8154412250702211,0.2638002651620533,341.0,226.0,905.0
efflux,3,joint_w1,2,0.2326972629670265,0.9097337672895791,1.3606729928202386,0.6353591160220995,0.8858195211786373,0.6887562522350383,0.2854801832171354,341.0,226.0,905.0
efflux,3,joint_w1,3,0.3863593606531346,0.8261679889162715,1.2557086542726463,0.6402042711234911,0.8881151346332405,0.6423487788386572,0.3472935464131472,238.0,184.0,718.0
efflux,3,joint_w1,5,0.5008131352261272,0.732052122770277,1.1175994294149396,0.6476190476190476,0.9034920634920635,0.5903596473828899,0.38222491627819494,139.0,138.0,525.0
efflux,3,joint_w1,10,0.6006562734920039,0.6641281355364463,1.0076916096841388,0.6542145593869731,0.8994252873563218,0.5320417781930864,0.43684542095615003,80.0,79.0,348.0
efflux,3,joint_w3,1,-0.04399422805514915,1.0611497652769997,1.5600970005478676,0.6243093922651934,0.8791896869244935,0.8145434782335995,0.3128054859259758,341.0,226.0,905.0
efflux,3,joint_w3,2,0.24089964647107856,0.9049123610242641,1.3551929994797984,0.6342541436464089,0.8850828729281769,0.6875718099172571,0.3282417269274178,341.0,226.0,905.0
efflux,3,joint_w3,3,0.38824116587442065,0.8248531037965977,1.2533082394913897,0.6374187558031569,0.8974001857010213,0.6401457462647069,0.37464389198889675,238.0,184.0,718.0
efflux,3,joint_w3,5,0.491286588764363,0.7389928818258493,1.130878689408179,0.6495238095238095,0.9060317460317461,0.5902098616717919,0.3975664863850026,139.0,138.0,525.0
efflux,3,joint_w3,10,0.6087909606917996,0.6573523509350895,0.9957671276353635,0.6637931034482759,0.907088122605364,0.533076200081695,0.46167781936879876,80.0,79.0,348.0
efflux,15,frozen_gp,1,0.13724672731292076,0.9936699520432349,1.3801344814335765,0.7148148148148148,0.937037037037037,1.0100167820092594,0.24660690348923475,54.0,54.0,270.0
efflux,15,frozen_gp,2,0.3731050234768968,0.847025030529196,1.2106540385929507,0.7444444444444445,0.9444444444444444,0.8572156536262306,0.2768180202184112,54.0,54.0,270.0
efflux,15,frozen_gp,3,0.4452599682290276,0.7967895012707393,1.1553365452628883,0.7592592592592593,0.9592592592592593,0.8015555973562184,0.2608070979336884,54.0,54.0,270.0
efflux,15,frozen_gp,5,0.5208645275946662,0.7405050282906199,1.065713716800362,0.774074074074074,0.9555555555555556,0.7308576211368015,0.3080052661262021,54.0,54.0,270.0
efflux,15,frozen_gp,10,0.6329582559871268,0.648121725315832,0.9321852144835147,0.725925925925926,0.9629629629629629,0.6552540605802006,0.418739503608139,54.0,54.0,270.0
efflux,15,joint_tuned,1,-0.24094239160583086,1.1916398923200167,1.785220608490335,0.5320987654320988,0.834567901234568,0.8179341172904032,0.26267890089298523,54.0,54.0,270.0
efflux,15,joint_tuned,2,0.20067865027643964,0.9563668887620534,1.4601208051182748,0.5703703703703703,0.8679012345679012,0.6923176824055332,0.3176579609451949,54.0,54.0,270.0
efflux,15,joint_tuned,3,0.3620549600984411,0.854421331107996,1.311798284536324,0.6,0.8839506172839506,0.6451091712358675,0.3467797651718178,54.0,54.0,270.0
efflux,15,joint_tuned,5,0.4795185923993787,0.7717737123311464,1.2125314558791123,0.6296296296296297,0.8876543209876543,0.5871754728302,0.36852095210439256,54.0,54.0,270.0
efflux,15,joint_tuned,10,0.6088994662076302,0.6689887755130899,1.0374110961545584,0.6333333333333333,0.8938271604938272,0.525389667572815,0.4191310767621428,54.0,54.0,270.0
efflux,15,joint_w0,1,-0.6024908945156853,1.353250983298463,2.1292120863621373,0.4666666666666666,0.7617283950617284,0.7897210637720006,0.2562335943733785,54.0,54.0,270.0
efflux,15,joint_w0,2,0.1952929388028095,0.9596330258976337,1.489385412034488,0.5901234567901236,0.8580246913580246,0.6700874789446981,0.2910823587420874,54.0,54.0,270.0
efflux,15,joint_w0,3,0.3523034080319767,0.8609297116529472,1.3300423919181308,0.619753086419753,0.8654320987654321,0.6249745959046868,0.32701870325352383,54.0,54.0,270.0
efflux,15,joint_w0,5,0.47260284239972666,0.7768837015989867,1.2274705081454822,0.6259259259259259,0.8814814814814814,0.570248750271133,0.3438722149406695,54.0,54.0,270.0
efflux,15,joint_w0,10,0.6067285036724208,0.6708403272559998,1.0475685953512484,0.6358024691358025,0.8925925925925927,0.510521155720031,0.4200618615154676,54.0,54.0,270.0
efflux,15,joint_w0.1,1,-0.41710170139155434,1.2728347459578309,2.0554760941328283,0.4444444444444445,0.762962962962963,0.7531142799709531,0.2785400571055306,54.0,54.0,270.0
efflux,15,joint_w0.1,2,0.21378442813436946,0.9484231071820836,1.523693069719032,0.5382716049382716,0.837037037037037,0.6385478471427383,0.32880348742435134,54.0,54.0,270.0
efflux,15,joint_w0.1,3,0.3652737360182221,0.8522283826911069,1.3649731048726004,0.5851851851851851,0.8444444444444444,0.5963186035827999,0.35805261828048357,54.0,54.0,270.0
efflux,15,joint_w0.1,5,0.4820352087476456,0.769920340705967,1.261206490071168,0.6049382716049383,0.8691358024691359,0.5441455170540892,0.3763970989055904,54.0,54.0,270.0
efflux,15,joint_w0.1,10,0.5977384617007759,0.6784634039399302,1.1083639627960473,0.5938271604938272,0.8814814814814814,0.4881957503890844,0.4242924258568131,54.0,54.0,270.0
efflux,15,joint_w0.3,1,-0.5052717102551653,1.3121141787687571,1.955867516992732,0.508641975308642,0.8246913580246913,0.8180605147734271,0.25719137454739,54.0,54.0,270.0
efflux,15,joint_w0.3,2,0.17572026974338514,0.9710451783740225,1.4659959840853727,0.5654320987654321,0.862962962962963,0.6933064343362787,0.31068521319810577,54.0,54.0,270.0
efflux,15,joint_w0.3,3,0.3623264711458913,0.8540520009862248,1.3016184101361776,0.6172839506172839,0.8814814814814814,0.6471534162113312,0.35067432903751117,54.0,54.0,270.0
efflux,15,joint_w0.3,5,0.48562707726605914,0.7671788966103902,1.1833861632919533,0.6395061728395062,0.8864197530864198,0.5903306882102662,0.37092905805722504,54.0,54.0,270.0
efflux,15,joint_w0.3,10,0.5999607228146387,0.6765163801658982,1.0378363858965192,0.6407407407407407,0.8962962962962964,0.5289412143771903,0.41827731292534226,54.0,54.0,270.0
efflux,15,joint_w1,1,-0.19909664523229945,1.1710856311965918,1.690662261348533,0.5679012345679012,0.8432098765432099,0.8261011274961287,0.2799788875300748,54.0,54.0,270.0
efflux,15,joint_w1,2,0.24784801611270088,0.92771546779435,1.3631148638590147,0.6135802469135803,0.8814814814814814,0.7000442813330445,0.32480087683770925,54.0,54.0,270.0
efflux,15,joint_w1,3,0.3934059644324888,0.8331524455562711,1.2406560042818457,0.6358024691358025,0.891358024691358,0.6534618956778665,0.3508642729399556,54.0,54.0,270.0
efflux,15,joint_w1,5,0.5058113074514922,0.7520427192162176,1.1254453110848688,0.6493827160493827,0.9037037037037038,0.5961405588774528,0.3628210723705862,54.0,54.0,270.0
efflux,15,joint_w1,10,0.6029550736160646,0.6740880732393221,1.0113806377922219,0.6506172839506172,0.9012345679012346,0.5334251633703485,0.43477955898305093,54.0,54.0,270.0
efflux,15,joint_w3,1,-0.01905723438530449,1.079859764724012,1.542580670143234,0.5938271604938271,0.8790123456790123,0.8233902844907877,0.3287160027091938,54.0,54.0,270.0
efflux,15,joint_w3,2,0.28805818407616735,0.9025415207300961,1.3396321923926184,0.5962962962962963,0.891358024691358,0.6981100170438205,0.3774442411613743,54.0,54.0,270.0
efflux,15,joint_w3,3,0.4136078557061067,0.8191316504938554,1.227386637728321,0.6160493827160494,0.9061728395061728,0.6519641119338981,0.3913673122791625,54.0,54.0,270.0
efflux,15,joint_w3,5,0.5011392209665068,0.755548370947607,1.1408475534586178,0.6555555555555556,0.9049382716049382,0.5943680571207737,0.4034597194803838,54.0,54.0,270.0
efflux,15,joint_w3,10,0.6049719303949317,0.6723295001746664,1.0218582000630272,0.6567901234567901,0.9049382716049382,0.5320625518478423,0.4556763393768641,54.0,54.0,270.0
in_vivo_clearance,3,frozen_gp,1,-0.14480518445120016,0.9428460896752918,1.3491339560708797,0.7169082125603865,0.9381642512077295,0.9187755384365469,-0.024012824176525015,537.0,229.0,1035.0
in_vivo_clearance,3,frozen_gp,2,0.18758712967420776,0.7942613103363251,1.185326926544596,0.7111111111111111,0.9391304347826087,0.7749329019240827,0.08867737755049657,537.0,229.0,1035.0
in_vivo_clearance,3,frozen_gp,3,0.2028901477276096,0.7799196208770891,1.168247561627151,0.6951951951951952,0.9309309309309309,0.7244569569317001,0.09006138986566234,290.0,168.0,666.0
in_vivo_clearance,3,frozen_gp,5,0.3852672599337511,0.7383595510708115,1.133823693280644,0.6986301369863014,0.8972602739726028,0.6718237698561945,0.23134418253142608,84.0,84.0,292.0
in_vivo_clearance,3,frozen_gp,10,0.5163248839388616,0.6473806696908934,1.0432634532721827,0.6141732283464567,0.9212598425196851,0.6074661049008538,0.18302736226294986,29.0,29.0,127.0
in_vivo_clearance,3,joint_tuned,1,-0.362141680700199,1.0284271663309716,1.5799276438825436,0.5710144927536231,0.8553945249597423,0.7469642420192314,0.053410721063295745,537.0,229.0,1035.0
in_vivo_clearance,3,joint_tuned,2,0.09262871685438341,0.8393715342765403,1.3270458786498038,0.5954911433172302,0.8714975845410629,0.6334042197270151,0.10522894990599342,537.0,229.0,1035.0
in_vivo_clearance,3,joint_tuned,3,0.1515552578310315,0.8046328114179596,1.3036062082408393,0.5855855855855855,0.8683683683683684,0.5937471915967457,0.11632844258611784,290.0,168.0,666.0
in_vivo_clearance,3,joint_tuned,5,0.33161991665170826,0.7698841456367945,1.3009202796195876,0.5970319634703197,0.8504566210045662,0.5543350294138801,0.1784728204068963,84.0,84.0,292.0
in_vivo_clearance,3,joint_tuned,10,0.42768661786263573,0.7041259224599562,1.2143430069241468,0.5249343832020997,0.8293963254593176,0.5118959500911998,0.17248107421819628,29.0,29.0,127.0
in_vivo_clearance,3,joint_w0,1,-0.8260402784964421,1.1906789885094011,2.0425354906993856,0.46924315619967794,0.7607085346215782,0.7029914220618906,0.03655120257697519,537.0,229.0,1035.0
in_vivo_clearance,3,joint_w0,2,-0.04645696295377507,0.9013972039138983,1.5262161996457113,0.5268921095008051,0.8264090177133655,0.5969110329941559,0.09952616695193019,537.0,229.0,1035.0
in_vivo_clearance,3,joint_w0,3,0.0876807906679928,0.8342878412335814,1.4419479323510542,0.546046046046046,0.8308308308308309,0.5585411168063479,0.09802119032986419,290.0,168.0,666.0
in_vivo_clearance,3,joint_w0,5,0.34803013094763696,0.7603779589790319,1.3390998451844167,0.5821917808219178,0.83675799086758,0.5187893859527518,0.14053301987766054,84.0,84.0,292.0
in_vivo_clearance,3,joint_w0,10,0.4399420223823367,0.6965452454327625,1.2176550022212254,0.5144356955380577,0.8320209973753281,0.4777517214115881,0.21162125433793225,29.0,29.0,127.0
in_vivo_clearance,3,joint_w0.1,1,-0.5754017575179097,1.106009045707647,1.8297440662109288,0.5104669887278583,0.7954911433172303,0.6978330212911549,0.04536047908958959,537.0,229.0,1035.0
in_vivo_clearance,3,joint_w0.1,2,0.03672156507599641,0.8648636260702732,1.43913690902689,0.5516908212560386,0.8376811594202899,0.59267357671431,0.09414519443631204,537.0,229.0,1035.0
in_vivo_clearance,3,joint_w0.1,3,0.1302395458075655,0.8146859395218778,1.3931760854990805,0.545045045045045,0.8393393393393392,0.555893273299286,0.10662683810364575,290.0,168.0,666.0
in_vivo_clearance,3,joint_w0.1,5,0.3491220254745864,0.7597301290963886,1.3483680099732576,0.5707762557077626,0.8367579908675798,0.5180051200510585,0.21447736351343658,84.0,84.0,292.0
in_vivo_clearance,3,joint_w0.1,10,0.4455866487138251,0.6930558398701323,1.2557237575640656,0.4908136482939633,0.8320209973753281,0.47657191728277565,0.15409026962049516,29.0,29.0,127.0
in_vivo_clearance,3,joint_w0.3,1,-0.39543831638387056,1.0408118804922746,1.573143545170071,0.5787439613526569,0.85829307568438,0.7536314225398916,0.07178411260886448,537.0,229.0,1035.0
in_vivo_clearance,3,joint_w0.3,2,0.09240340374781501,0.8394722769501509,1.3039050857873375,0.6064412238325282,0.8792270531400966,0.6385645179150311,0.135381661644988,537.0,229.0,1035.0
in_vivo_clearance,3,joint_w0.3,3,0.15018438274914522,0.8052737090355998,1.2890582890355136,0.5865865865865866,0.8688688688688689,0.5977075310267986,0.1315542737555821,290.0,168.0,666.0
in_vivo_clearance,3,joint_w0.3,5,0.35581055305520914,0.7558166227012532,1.2558237194343134,0.613013698630137,0.8595890410958904,0.5558012529943133,0.21289006192613502,84.0,84.0,292.0
in_vivo_clearance,3,joint_w0.3,10,0.44774422758619964,0.6915233681440568,1.154615425012173,0.5196850393700787,0.8451443569553806,0.5116032962271825,0.203515556976817,29.0,29.0,127.0
in_vivo_clearance,3,joint_w1,1,-0.33480344949986196,1.0180442991952063,1.5529686482788565,0.5793880837359099,0.8579710144927537,0.7449231896780676,0.0943954293428027,537.0,229.0,1035.0
in_vivo_clearance,3,joint_w1,2,0.07592217340352851,0.8469546952057426,1.3371019235201802,0.5935587761674718,0.8753623188405797,0.6308249201239796,0.13329310979449824,537.0,229.0,1035.0
in_vivo_clearance,3,joint_w1,3,0.11179458365733597,0.8229761874370434,1.3253498316272954,0.5825825825825826,0.8698698698698699,0.5911351520939544,0.10501758138262214,290.0,168.0,666.0
in_vivo_clearance,3,joint_w1,5,0.3345842474938232,0.7681236838565022,1.289822438098974,0.6027397260273973,0.8584474885844747,0.5501392703212798,0.1522823442164201,84.0,84.0,292.0
in_vivo_clearance,3,joint_w1,10,0.45838773998958593,0.6849057774217192,1.1700318580898958,0.5354330708661418,0.8293963254593176,0.5038234295304482,0.21041210870095492,29.0,29.0,127.0
in_vivo_clearance,3,joint_w3,1,-0.20260823790198215,0.9663406502312882,1.421997733688232,0.6161030595813205,0.8930756843800323,0.7714556889252765,0.07383863168369685,537.0,229.0,1035.0
in_vivo_clearance,3,joint_w3,2,0.14758659382117278,0.8135743936730647,1.2447481586472555,0.6241545893719807,0.8962962962962964,0.6511947535987536,0.13904841802275553,537.0,229.0,1035.0
in_vivo_clearance,3,joint_w3,3,0.1835250263001722,0.7893288013513846,1.2284272959692712,0.5955955955955956,0.8893893893893893,0.6091680484640086,0.10119311871652358,290.0,168.0,666.0
in_vivo_clearance,3,joint_w3,5,0.35917722661658474,0.7538066816555838,1.2152953258690806,0.6278538812785388,0.8710045662100456,0.5650007681923409,0.18349673073937423,84.0,84.0,292.0
in_vivo_clearance,3,joint_w3,10,0.48051266398011244,0.6708654175415281,1.103473507715421,0.5406824146981627,0.8503937007874015,0.5171100610895873,0.22305578686187447,29.0,29.0,127.0
in_vivo_clearance,15,frozen_gp,1,-0.4373690636969627,1.083019689170457,1.6518793480436123,0.57,0.87,0.8837490595168203,-0.013344296442767514,20.0,20.0,100.0
in_vivo_clearance,15,frozen_gp,2,0.16010336858188612,0.8278756807276398,1.3490040061535502,0.62,0.9,0.7643615508146562,0.12025978352085157,20.0,20.0,100.0
in_vivo_clearance,15,frozen_gp,3,0.34408353291379856,0.7316046759418969,1.243352154756934,0.62,0.89,0.7082782390680422,0.23821440468234173,20.0,20.0,100.0
in_vivo_clearance,15,frozen_gp,5,0.44435426123947697,0.6733660240961556,1.1408277085413623,0.61,0.87,0.6530020814297138,0.4033442964427675,20.0,20.0,100.0
in_vivo_clearance,15,frozen_gp,10,0.45695143778324065,0.6656892435730765,1.0943268489987026,0.6,0.91,0.5981432911704435,0.26538967528127727,20.0,20.0,100.0
in_vivo_clearance,15,joint_tuned,1,-0.16338927605286227,0.9734913702750259,1.532439705379906,0.57,0.8633333333333333,0.7187280964494528,0.10278143214758916,20.0,20.0,100.0
in_vivo_clearance,15,joint_tuned,2,0.1854639905491586,0.8151938894844082,1.3540839654878976,0.6066666666666666,0.8566666666666666,0.6245451325799384,0.10830099918929224,20.0,20.0,100.0
in_vivo_clearance,15,joint_tuned,3,0.2542898837925177,0.7800597188478462,1.364518292582753,0.52,0.8266666666666667,0.5848300980809583,0.20172092702957609,20.0,20.0,100.0
in_vivo_clearance,15,joint_tuned,5,0.3360758703568747,0.7360477509294845,1.307046244585196,0.5499999999999999,0.81,0.5428344615744334,0.26685081879000183,20.0,20.0,100.0
in_vivo_clearance,15,joint_tuned,10,0.37767252579537275,0.7125528453903671,1.2643146443210391,0.5366666666666667,0.8033333333333333,0.5016464244288276,0.3167642242830513,20.0,20.0,100.0
in_vivo_clearance,15,joint_w0,1,-0.34247210917295456,1.0461012197577555,1.7126506166813555,0.57,0.7866666666666667,0.6733993559013859,0.16137454900177403,20.0,20.0,100.0
in_vivo_clearance,15,joint_w0,2,0.10070898316141512,0.8566244361417222,1.4476781319945893,0.58,0.8033333333333333,0.5854414882197264,0.18347418820319325,20.0,20.0,100.0
in_vivo_clearance,15,joint_w0,3,0.21603645216896025,0.7997909913579787,1.4070884878077587,0.5166666666666667,0.8133333333333334,0.5479871815090486,0.24347418820319325,20.0,20.0,100.0
in_vivo_clearance,15,joint_w0,5,0.3498328222243859,0.7283694955830007,1.2906304324621438,0.5433333333333333,0.8066666666666666,0.5100811037502578,0.28027074663028567,20.0,20.0,100.0
in_vivo_clearance,15,joint_w0,10,0.40322538164021055,0.6978028613365858,1.233973196837227,0.5333333333333333,0.82,0.4737775991474303,0.3068508187900018,20.0,20.0,100.0
in_vivo_clearance,15,joint_w0.1,1,-0.23948919784119727,1.0052162585387052,1.661972913837204,0.5733333333333334,0.8033333333333333,0.6681532927738457,0.07727282821532026,20.0,20.0,100.0
in_vivo_clearance,15,joint_w0.1,2,0.12799460465327886,0.8434351335095632,1.4668223184318752,0.5633333333333334,0.7966666666666667,0.5814065456417645,0.1035607827101438,20.0,20.0,100.0
in_vivo_clearance,15,joint_w0.1,3,0.21665060792033378,0.7994468579646233,1.482506287959624,0.48,0.8066666666666666,0.5455203331674632,0.16189411604347712,20.0,20.0,100.0
in_vivo_clearance,15,joint_w0.1,5,0.3277187444192556,0.7405586149361878,1.3816978892235703,0.51,0.79,0.5074193199997485,0.28027074663028567,20.0,20.0,100.0
in_vivo_clearance,15,joint_w0.1,10,0.3884060110323482,0.7063511566600349,1.3111437220854654,0.48333333333333334,0.8066666666666666,0.47111179219448723,0.298430890949718,20.0,20.0,100.0
in_vivo_clearance,15,joint_w0.3,1,-0.10232351956874997,0.9481784904966156,1.4417694334077185,0.5833333333333334,0.8633333333333333,0.7233083186443011,0.07372300861461063,20.0,20.0,100.0
in_vivo_clearance,15,joint_w0.3,2,0.1984850274438025,0.8084691724796836,1.290724127726885,0.6166666666666667,0.87,0.6286060389411969,0.13851748545666853,20.0,20.0,100.0
in_vivo_clearance,15,joint_w0.3,3,0.2796884726326376,0.7664858634690365,1.2876432419055035,0.5133333333333333,0.8466666666666667,0.5875371184896488,0.1985174854566685,20.0,20.0,100.0
in_vivo_clearance,15,joint_w0.3,5,0.3574891333547781,0.7239649098613049,1.232660127962273,0.5666666666666668,0.8233333333333333,0.5457226429803651,0.298604079963619,20.0,20.0,100.0
in_vivo_clearance,15,joint_w0.3,10,0.4025123472352002,0.698009147878885,1.182205824778433,0.54,0.8233333333333333,0.5043969236128355,0.3367642242830513,20.0,20.0,100.0
in_vivo_clearance,15,joint_w1,1,-0.2366630742347767,1.0044094990462205,1.6318568589217628,0.5566666666666666,0.8533333333333334,0.7111037577652667,0.03038967528127731,20.0,20.0,100.0
in_vivo_clearance,15,joint_w1,2,0.18740737622605805,0.8142996665214254,1.3590608896374208,0.6133333333333333,0.86,0.6190267700601167,0.0024027199757460324,20.0,20.0,100.0
in_vivo_clearance,15,joint_w1,3,0.30682834984458035,0.7520472921901646,1.2904067108744133,0.5333333333333333,0.84,0.5793821493046875,0.10834429644276751,20.0,20.0,100.0
in_vivo_clearance,15,joint_w1,5,0.38263797045191933,0.7096291455464212,1.2452991801762463,0.5299999999999999,0.8366666666666666,0.5368988256420141,0.2151841521233352,20.0,20.0,100.0
in_vivo_clearance,15,joint_w1,10,0.41865834742336033,0.6886194496097439,1.2230445258694613,0.5366666666666667,0.8099999999999999,0.49598103907824975,0.2717642242830513,20.0,20.0,100.0
in_vivo_clearance,15,joint_w3,1,-0.18915506519958222,0.985027556906196,1.5571657683618614,0.5366666666666667,0.86,0.7361773426882551,0.08444809881425584,20.0,20.0,100.0
in_vivo_clearance,15,joint_w3,2,0.23148930153811134,0.7916388663299655,1.2853755972444911,0.6333333333333333,0.8866666666666667,0.6401050873651243,0.06830099918929226,20.0,20.0,100.0
in_vivo_clearance,15,joint_w3,3,0.33154779543261576,0.7382407055974679,1.2398137137401364,0.54,0.85,0.5965222998772299,0.1817209270295761,20.0,20.0,100.0
in_vivo_clearance,15,joint_w3,5,0.40814712469384423,0.6948880256365381,1.175122886532337,0.5666666666666668,0.85,0.5519080660917125,0.2651841521233352,20.0,20.0,100.0
in_vivo_clearance,15,joint_w3,10,0.4342730681719647,0.6793948992098567,1.1526292244571559,0.5533333333333333,0.8366666666666666,0.5079570078197412,0.2567642242830513,20.0,20.0,100.0
microsomal_clearance,3,frozen_gp,1,0.12842298140129582,0.9144445417906212,1.33956055369815,0.7311731843575419,0.9354189944134078,0.8981117679246078,0.27886944948530407,1827.0,983.0,4475.0
microsomal_clearance,3,frozen_gp,2,0.36691417741612564,0.7793558161364461,1.1939560972486567,0.7320670391061452,0.9309497206703911,0.761376684232334,0.31284371871746736,1827.0,983.0,4475.0
microsomal_clearance,3,frozen_gp,3,0.45555426725239734,0.7119764064946588,1.0945579982083133,0.7415340086830681,0.9351664254703328,0.6968905838196927,0.3384853854275027,1125.0,830.0,3455.0
microsomal_clearance,3,frozen_gp,5,0.5430208659317712,0.6557030124992512,1.0048173713481952,0.7356278366111951,0.9353252647503782,0.6467416937413846,0.35261326848129926,674.0,662.0,2644.0
microsomal_clearance,3,frozen_gp,10,0.6232639735668959,0.5987059169681688,0.9055106969700365,0.7420612813370474,0.9337047353760446,0.5895479008356258,0.4452230219676057,391.0,385.0,1795.0
microsomal_clearance,3,joint_tuned,1,0.010461121128518158,0.9743162479976976,1.4101183884660138,0.6802234636871508,0.9187337057728119,0.8842561999349644,0.26033145724903817,1827.0,983.3333333333334,4475.0
microsomal_clearance,3,joint_tuned,2,0.33490834790562946,0.798800730673586,1.2023704737840237,0.7001862197392924,0.9283426443202979,0.7480005875449747,0.2738656274203319,1827.0,983.3333333333334,4475.0
microsomal_clearance,3,joint_tuned,3,0.4358905079721838,0.7247141945381598,1.102620192880576,0.7186685962373373,0.9287023637240713,0.6829031919787232,0.3016355622265012,1125.0,830.0,3455.0
microsomal_clearance,3,joint_tuned,5,0.5223664313982836,0.6703557750203499,1.0156720822198044,0.7207513867876955,0.930786686838124,0.6298471865546379,0.3270823294723371,674.0,662.0,2644.0
microsomal_clearance,3,joint_tuned,10,0.6004642443705909,0.6165556868105319,0.9240013747901082,0.7246053853296193,0.9285051067780873,0.5734570488752818,0.39522834625027126,391.0,385.0,1795.0
microsomal_clearance,3,joint_w0,1,-0.3192645671970839,1.1248900047065062,1.6631394205829162,0.5731843575418994,0.8673370577281192,0.863501882929901,0.23134659603992494,1827.0,983.0,4475.0
microsomal_clearance,3,joint_w0,2,0.2354856135931207,0.8563696475763489,1.3159669766131006,0.6516201117318435,0.9021973929236499,0.7297963748615661,0.24219822372487723,1827.0,983.0,4475.0
microsomal_clearance,3,joint_w0,3,0.375267473073056,0.7626263346811383,1.185788819421406,0.6772793053545586,0.9115291847563917,0.6650365002630033,0.279275986835046,1125.0,830.0,3455.0
microsomal_clearance,3,joint_w0,5,0.4878935364977514,0.6941130005590752,1.068815506217807,0.6969238527483611,0.9166666666666666,0.6131631861530386,0.3112296876285945,674.0,662.0,2644.0
microsomal_clearance,3,joint_w0,10,0.5852766480812991,0.6281506243381997,0.9599685748824958,0.7015784586815227,0.9175487465181059,0.5572622156923052,0.37209937206712623,391.0,385.0,1795.0
microsomal_clearance,3,joint_w0.1,1,-0.1966941974042785,1.0712781480459739,1.5430529357394018,0.6137802607076349,0.8937057728119181,0.8935591562081288,0.22990802939015864,1827.0,983.3333333333334,4475.0
microsomal_clearance,3,joint_w0.1,2,0.26766474661467554,0.8381402152365772,1.2615940553252691,0.6724022346368715,0.9198510242085661,0.7556967280304118,0.24766044893148753,1827.0,983.3333333333334,4475.0
microsomal_clearance,3,joint_w0.1,3,0.3978832456391907,0.7487035450361786,1.1383691215481027,0.6954172696575013,0.9240713941148094,0.6896576710665833,0.2873414587721173,1125.0,830.0,3455.0
microsomal_clearance,3,joint_w0.1,5,0.5032009631085214,0.6836526942136522,1.0351642492515543,0.7092788703983862,0.9296520423600606,0.636383504266306,0.3135154849315459,674.0,662.0,2644.0
microsomal_clearance,3,joint_w0.1,10,0.592721888341987,0.6224930436797357,0.9310138506328224,0.715506035283194,0.9283194057567318,0.5795625352385239,0.3703586563473095,391.0,385.0,1795.0
microsomal_clearance,3,joint_w0.3,1,-0.062405683412892245,1.0094939176300908,1.4560978826334179,0.6601117318435755,0.9142644320297952,0.8995700213340515,0.22767498932243177,1827.0,983.3333333333334,4475.0
microsomal_clearance,3,joint_w0.3,2,0.309246453604675,0.8140482426315812,1.2223259896079874,0.699143389199255,0.9238733705772812,0.7607024728672784,0.2569901999618271,1827.0,983.3333333333334,4475.0
microsomal_clearance,3,joint_w0.3,3,0.4162802274789854,0.7371863379649275,1.1182534594098799,0.7158707187650748,0.9276410998552822,0.6942455567205751,0.27988671616509586,1125.0,830.0,3455.0
microsomal_clearance,3,joint_w0.3,5,0.511269632972407,0.6780758051328978,1.0260418039695816,0.7208774583963692,0.9297781139687342,0.63919520309917,0.32279941989648775,674.0,662.0,2644.0
microsomal_clearance,3,joint_w0.3,10,0.5964700421604124,0.6196045282560885,0.9283813445029135,0.7283194057567317,0.9299907149489322,0.5821339697960539,0.3967791259753488,391.0,385.0,1795.0
microsomal_clearance,3,joint_w1,1,0.050809324930797296,0.954281978556306,1.375891525555233,0.6955679702048417,0.9234264432029796,0.8831483961738064,0.2457407938936634,1827.0,983.6666666666666,4475.0
microsomal_clearance,3,joint_w1,2,0.3418089462382908,0.7946485012934127,1.1896762792386675,0.7111359404096834,0.9273743016759776,0.7466410154165275,0.27597370660753456,1827.0,983.6666666666666,4475.0
microsomal_clearance,3,joint_w1,3,0.4403361395344076,0.7218542501559249,1.0915300245414041,0.7221418234442837,0.9306319343945972,0.68112578950149,0.3018654007297632,1125.0,830.0,3455.0
microsomal_clearance,3,joint_w1,5,0.5228625135902566,0.6700068885129661,1.0119262846269919,0.7145738779626828,0.9292738275340393,0.6280228635491446,0.3290661952011526,674.0,662.0,2644.0
microsomal_clearance,3,joint_w1,10,0.6081848921028868,0.6105657592220955,0.9101208071170319,0.7266480965645311,0.929062209842154,0.5716153001802909,0.39736237782619327,391.0,385.0,1795.0
microsomal_clearance,3,joint_w3,1,0.09164692603261759,0.9335307667367349,1.3489323003723965,0.7029422718808194,0.9259590316573556,0.8654440779473171,0.264465494412762,1827.0,983.3333333333334,4475.0
microsomal_clearance,3,joint_w3,2,0.3565840251558104,0.7856873813133606,1.1779454258708435,0.708901303538175,0.9264804469273743,0.7330736536036243,0.2922188549289277,1827.0,983.3333333333334,4475.0
microsomal_clearance,3,joint_w3,3,0.4466728662380688,0.7177571441334004,1.0874551444725191,0.7241678726483357,0.9266763145200193,0.6701068647729359,0.3233335914085853,1125.0,830.0,3455.0
microsomal_clearance,3,joint_w3,5,0.526768985301416,0.6672607647667929,1.0091352605627273,0.7174735249621785,0.9300302571860817,0.6194597064816542,0.3408692524388289,674.0,662.0,2644.0
microsomal_clearance,3,joint_w3,10,0.6076407645311978,0.610977443415218,0.9152303636921656,0.7249767873723306,0.9299907149489322,0.5658792926709002,0.4078019043811178,391.0,385.0,1795.0
microsomal_clearance,15,frozen_gp,1,0.09024419047812482,0.9228922725005261,1.3732862983866927,0.7254019292604501,0.9311897106109325,0.8991684363680214,0.280931540527277,311.0,307.0,1555.0
microsomal_clearance,15,frozen_gp,2,0.3520369217349778,0.7788677483358548,1.1952764404909364,0.7196141479099678,0.932475884244373,0.7669663396328997,0.3242495550024015,311.0,307.0,1555.0
microsomal_clearance,15,frozen_gp,3,0.45391206960522323,0.7150227824441409,1.1121196874411374,0.7241157556270097,0.9356913183279743,0.707694332799222,0.33299692828574984,311.0,307.0,1555.0
microsomal_clearance,15,frozen_gp,5,0.5233224361742889,0.668037660381738,1.0310811918650231,0.727331189710611,0.935048231511254,0.6546308388326428,0.37180903597326903,311.0,307.0,1555.0
microsomal_clearance,15,frozen_gp,10,0.6059644798985016,0.6073741121264282,0.9211539194966207,0.7344051446945338,0.9318327974276527,0.5929201040184388,0.4469534561394839,311.0,307.0,1555.0
microsomal_clearance,15,joint_tuned,1,-0.007414564528071876,0.971158619100434,1.409886386508304,0.6831725616291533,0.9181136120042872,0.8823644237290543,0.23639046663133292,311.0,307.0,1555.0
microsomal_clearance,15,joint_tuned,2,0.32116895752696106,0.7972038797711335,1.196427106397592,0.6960342979635584,0.9281886387995714,0.7500036045839403,0.26941553328388057,311.0,307.0,1555.0
microsomal_clearance,15,joint_tuned,3,0.42156808401200657,0.735890474317315,1.1195772339407324,0.7028938906752412,0.9232583065380493,0.691547896247317,0.3039353878799658,311.0,307.0,1555.0
microsomal_clearance,15,joint_tuned,5,0.4964845393153128,0.6865821345687402,1.0471711055981772,0.7140407288317258,0.9264737406216507,0.6390861152662484,0.32381289604732033,311.0,307.0,1555.0
microsomal_clearance,15,joint_tuned,10,0.5825158541617802,0.6251844403601923,0.941483984504643,0.7181136120042874,0.9260450160771704,0.5777144502586219,0.3922544061397697,311.0,307.0,1555.0
microsomal_clearance,15,joint_w0,1,-0.3338810057514426,1.1174905812335243,1.660641768999554,0.5839228295819936,0.8632368703108253,0.8620199914658714,0.21066368864872387,311.0,307.0,1555.0
microsomal_clearance,15,joint_w0,2,0.20450189255434606,0.8629640566654126,1.3240527016066774,0.6535905680600215,0.894962486602358,0.7321487506067313,0.2292299495111317,311.0,307.0,1555.0
microsomal_clearance,15,joint_w0,3,0.3595515517515775,0.7743071154061085,1.2014824927090415,0.6694533762057878,0.9041800643086817,0.6740696215785299,0.2590827089212914,311.0,307.0,1555.0
microsomal_clearance,15,joint_w0,5,0.46086474743930045,0.7104446469697177,1.1067350304313328,0.6887459807073956,0.9112540192926044,0.6219266919614025,0.2858677838683728,311.0,307.0,1555.0
microsomal_clearance,15,joint_w0,10,0.5624014587867037,0.6400524776261237,0.9862648491347987,0.692175777063237,0.9138263665594856,0.5615168363965314,0.3551056925876171,311.0,307.0,1555.0
microsomal_clearance,15,joint_w0.1,1,-0.20513260739468211,1.0619209273945422,1.5408062534599367,0.62486602357985,0.8915326902465166,0.8917888032843715,0.19113973323129466,311.0,307.0,1555.0
microsomal_clearance,15,joint_w0.1,2,0.23502836739836708,0.8461152709334172,1.2676099122256725,0.6664523043944266,0.9163987138263666,0.7581949099934505,0.22043584532680763,311.0,307.0,1555.0
microsomal_clearance,15,joint_w0.1,3,0.3766899479174472,0.7638648883683715,1.1641983563713503,0.6808145766345124,0.9187566988210074,0.6987675657414666,0.2568168589128547,311.0,307.0,1555.0
microsomal_clearance,15,joint_w0.1,5,0.4777390683886627,0.6992310622520862,1.0669039963340439,0.7046087888531618,0.92518756698821,0.6456493718675461,0.2863367288076505,311.0,307.0,1555.0
microsomal_clearance,15,joint_w0.1,10,0.5730608810685678,0.6322159213009985,0.9500087007798633,0.7084673097534834,0.9260450160771704,0.5835240508318768,0.3636350071884816,311.0,307.0,1555.0
microsomal_clearance,15,joint_w0.3,1,-0.1156826251535256,1.0219087380739502,1.4851968618738838,0.6643086816720257,0.9063236870310826,0.8981291497299068,0.23705074017868696,311.0,307.0,1555.0
microsomal_clearance,15,joint_w0.3,2,0.27067573725256383,0.8262874563209489,1.2426644750560434,0.6885316184351554,0.9155412647374063,0.7631094548684497,0.2709017083874661,311.0,307.0,1555.0
microsomal_clearance,15,joint_w0.3,3,0.39797679350594084,0.7507388973202936,1.144285705442378,0.7009646302250804,0.9217577706323686,0.7031944441594535,0.28667556546552314,311.0,307.0,1555.0
microsomal_clearance,15,joint_w0.3,5,0.4862403095797312,0.6935178025255732,1.0591021159348524,0.714898177920686,0.9258306538049302,0.6487251843292329,0.3247078673842207,311.0,307.0,1555.0
microsomal_clearance,15,joint_w0.3,10,0.5783830707225118,0.628248339146864,0.9469079305540385,0.7187566988210076,0.9286173633440514,0.5864614110899086,0.3879754699561602,311.0,307.0,1555.0
microsomal_clearance,15,joint_w1,1,0.006166066699157535,0.9645645233736518,1.3990715008940444,0.6887459807073956,0.9157556270096463,0.882550633713441,0.23898930418772293,311.0,307.0,1555.0
microsomal_clearance,15,joint_w1,2,0.3128101419190296,0.8020722815850213,1.2020006227217286,0.6943193997856377,0.9264737406216507,0.7503685909941954,0.28464164888727955,311.0,307.0,1555.0
microsomal_clearance,15,joint_w1,3,0.4229538588081501,0.7349691136126554,1.1191364129945203,0.7011789924973204,0.9256162915326902,0.6907625334843631,0.30314108852690275,311.0,307.0,1555.0
microsomal_clearance,15,joint_w1,5,0.49996989253661245,0.6841947520003163,1.0415812493609262,0.7082529474812432,0.9264737406216507,0.6377871692876864,0.33405213426034314,311.0,307.0,1555.0
microsomal_clearance,15,joint_w1,10,0.5893975733236531,0.6200056540075671,0.9288755492736703,0.7189710610932476,0.9264737406216507,0.5756869651182918,0.3915278392276897,311.0,307.0,1555.0
microsomal_clearance,15,joint_w3,1,0.03179848543976035,0.9519627749324262,1.3769202755609242,0.6911039657020365,0.9219721329046088,0.8636839204341636,0.2596130414592324,311.0,307.0,1555.0
microsomal_clearance,15,joint_w3,2,0.3253844199731375,0.7946987553773143,1.1899415570964125,0.6898177920685958,0.9262593783494105,0.7349593681136409,0.29055718909407136,311.0,307.0,1555.0
microsomal_clearance,15,joint_w3,3,0.43023321470950565,0.7303567062009247,1.1095095357475966,0.7041800643086816,0.9226152197213291,0.678549806663129,0.3264867042905974,311.0,307.0,1555.0
microsomal_clearance,15,joint_w3,5,0.5012270259619939,0.6833389588180875,1.0405330494532692,0.7097534833869239,0.9281886387995714,0.6282804120039143,0.33616993080459784,311.0,307.0,1555.0
microsomal_clearance,15,joint_w3,10,0.5892886036229149,0.6200718129821675,0.9334985732406201,0.7183279742765274,0.9275455519828509,0.5697553167871965,0.4063938845774763,311.0,307.0,1555.0
permeability,3,frozen_gp,1,0.09711441459831671,1.0122509839136253,1.439120108677297,0.7388289676425269,0.9445300462249615,1.0631278226877816,0.19575233840947337,516.0,317.0,1298.0
permeability,3,frozen_gp,2,0.3887794844679666,0.8328577075876928,1.246572180332921,0.7604006163328197,0.9429892141756548,0.8992085200597157,0.23537369237886294,516.0,317.0,1298.0
permeability,3,frozen_gp,3,0.4566153304550311,0.7926619821560179,1.1914045478842972,0.7662337662337663,0.948051948051948,0.8335628453917817,0.28859529810731266,345.0,255.0,1001.0
permeability,3,frozen_gp,5,0.6150110872503673,0.6753230997654742,1.0653742440280298,0.771505376344086,0.956989247311828,0.7647905452860366,0.35424679434480894,200.0,200.0,744.0
permeability,3,frozen_gp,10,0.6438060882960077,0.6667462434640256,1.0262422953592032,0.7517241379310344,0.9425287356321839,0.6932769252379722,0.3982395255037084,97.0,97.0,435.0
permeability,3,joint_tuned,1,-0.204365985732773,1.1690428580360608,1.922556356372018,0.48382126348228044,0.7896764252696457,0.7198224271977557,0.22200716323538824,516.0,317.0,1298.0
permeability,3,joint_tuned,2,0.2491234378602097,0.9231108558995736,1.5254688283755584,0.551617873651772,0.8415511042629688,0.610063839788859,0.22734584966144541,516.0,317.0,1298.0
permeability,3,joint_tuned,3,0.3675559385426796,0.8551303731592391,1.4432011579304111,0.559107559107559,0.8464868464868465,0.5654185696064072,0.25914715395926385,345.0,255.0,1001.0
permeability,3,joint_tuned,5,0.5649508666798855,0.7178811491133147,1.207908321482689,0.5721326164874552,0.8718637992831542,0.5194318329582982,0.38411940600378514,200.0,200.0,744.0
permeability,3,joint_tuned,10,0.6249200447680856,0.6841474464312624,1.1594243918489413,0.5854406130268199,0.860536398467433,0.4735287026530773,0.3854480572793068,97.0,97.0,435.0
permeability,3,joint_w0,1,-0.46665495120533945,1.2901133594361847,2.226152089350187,0.4357986646122239,0.7360041088854649,0.7184226658725446,0.21128700533777497,516.0,317.0,1298.0
permeability,3,joint_w0,2,0.19285845293110115,0.9569802089873377,1.6380640768086898,0.5487930148947098,0.8294812532100667,0.6082520332673232,0.2212754583635029,516.0,317.0,1298.0
permeability,3,joint_w0,3,0.34184523497198355,0.8722979514633235,1.5092457613955625,0.57009657009657,0.8351648351648352,0.5635980247024323,0.24233475197242274,345.0,255.0,1001.0
permeability,3,joint_w0,5,0.5621090006692541,0.7201730861515903,1.2349913943228907,0.5900537634408602,0.8593189964157707,0.5160803259600496,0.35787657638682263,200.0,200.0,744.0
permeability,3,joint_w0,10,0.6347722944608353,0.6750980286167634,1.150575037673786,0.5977011494252874,0.8613026819923372,0.470152548752726,0.39839042202944186,97.0,97.0,435.0
permeability,3,joint_w0.1,1,-0.318462533824883,1.2230853921228957,2.1516033021357237,0.4322033898305085,0.743708269131998,0.6831158316951758,0.20509129092838338,516.0,317.0,1298.0
permeability,3,joint_w0.1,2,0.22986072383929987,0.9348759428291057,1.6271997190513092,0.5249101181304571,0.8220338983050848,0.5794878032604543,0.22592512154462607,516.0,317.0,1298.0
permeability,3,joint_w0.1,3,0.3607771201984011,0.8597240193008805,1.5201055133745873,0.5467865467865468,0.8265068265068264,0.5378771434054583,0.25054210538786464,345.0,255.0,1001.0
permeability,3,joint_w0.1,5,0.5622107636411382,0.7201389331575747,1.2660060649264662,0.5698924731182796,0.849910394265233,0.4944821448306496,0.36746541771564595,200.0,200.0,744.0
permeability,3,joint_w0.1,10,0.62893714902434,0.6805106315296267,1.2003962630204061,0.5701149425287356,0.8444444444444444,0.4518803712074389,0.3933845892922387,97.0,97.0,435.0
permeability,3,joint_w0.3,1,-0.20454353455820687,1.1691437418698556,1.9141734979269625,0.48844375963020026,0.7953261427837699,0.7204928566950842,0.21390728200276735,516.0,317.0,1298.0
permeability,3,joint_w0.3,2,0.25220258989731376,0.9212013726275895,1.5258831087634857,0.556753980482794,0.8443759630200308,0.6103306475447249,0.22455136191002892,516.0,317.0,1298.0
permeability,3,joint_w0.3,3,0.36206568783602977,0.8588344339288264,1.4504457892866591,0.5617715617715618,0.8391608391608392,0.5658878998755023,0.2529281240878951,345.0,255.0,1001.0
permeability,3,joint_w0.3,5,0.5609081606278159,0.7212137209467758,1.220264880185279,0.5878136200716847,0.8651433691756273,0.5203832817502557,0.36844343119140016,200.0,200.0,744.0
permeability,3,joint_w0.3,10,0.6171073558949504,0.6912820954964323,1.1910842305481182,0.5869731800766284,0.8551724137931034,0.4743733636303049,0.39755589410706166,97.0,97.0,435.0
permeability,3,joint_w1,1,-0.11186035130940801,1.123163429579774,1.761157426165788,0.5336414997431946,0.8212634822804313,0.7412870579019852,0.22187469388514094,516.0,317.0,1298.0
permeability,3,joint_w1,2,0.2688119577396283,0.9108148540667002,1.460468504003613,0.5765279917822291,0.8489984591679507,0.6279555518229112,0.22926704616581625,516.0,317.0,1298.0
permeability,3,joint_w1,3,0.3777904041057318,0.8480825216573339,1.389217402265987,0.5827505827505828,0.8558108558108558,0.5819880612927406,0.2695122081995924,345.0,255.0,1001.0
permeability,3,joint_w1,5,0.5770481574107993,0.7078189673166587,1.1616578174840924,0.6017025089605735,0.8763440860215054,0.5341391313986249,0.3962089231276247,200.0,200.0,744.0
permeability,3,joint_w1,10,0.6300407875020824,0.6794898782280523,1.1234120738613669,0.6007662835249042,0.8674329501915709,0.4868108897809704,0.3971676151515888,97.0,97.0,435.0
permeability,3,joint_w3,1,-0.06603846980892485,1.0998364819446398,1.6887035907080918,0.5559835644581407,0.8415511042629688,0.7593469406458969,0.22917008875848244,516.0,317.0,1298.0
permeability,3,joint_w3,2,0.2786817380378279,0.9047326365126009,1.4314578074151754,0.5996404725218284,0.8587570621468927,0.6435859999191824,0.24071550266635713,516.0,317.0,1298.0
permeability,3,joint_w3,3,0.3900051804997687,0.8398126334258101,1.3538286025663673,0.6087246087246087,0.8697968697968698,0.5970772122399821,0.2783793320233481,345.0,255.0,1001.0
permeability,3,joint_w3,5,0.5802060030911641,0.7051800786199093,1.136744299578988,0.6061827956989247,0.885752688172043,0.5490074237293355,0.410905897871724,200.0,200.0,744.0
permeability,3,joint_w3,10,0.6233385867831466,0.6856264498903104,1.1139205752332701,0.6015325670498085,0.878927203065134,0.5003981973273776,0.39633383980137576,97.0,97.0,435.0
permeability,15,frozen_gp,1,0.11774441413074943,1.0485969648686393,1.4782896753601098,0.6972222222222222,0.9472222222222222,1.0746121036978449,0.2614088953921413,72.0,72.0,360.0
permeability,15,frozen_gp,2,0.4745988385645107,0.8092019156445549,1.2325496903146587,0.7527777777777778,0.9583333333333334,0.9043157547431259,0.24512998429113597,72.0,72.0,360.0
permeability,15,frozen_gp,3,0.5069282082720368,0.783910473224509,1.2224488222745946,0.7527777777777778,0.9527777777777777,0.837100457904518,0.2827743084693869,72.0,72.0,360.0
permeability,15,frozen_gp,5,0.5880704152218524,0.7165110294900373,1.1238459520015118,0.7611111111111111,0.9527777777777777,0.7652619001173464,0.29651887318002484,72.0,72.0,360.0
permeability,15,frozen_gp,10,0.6490580284509504,0.661346476023704,1.0232462741820583,0.7611111111111111,0.95,0.6958485216626709,0.3837393607480516,72.0,72.0,360.0
permeability,15,joint_tuned,1,-0.13122842665151727,1.1873295221250413,1.9679640638734852,0.45925925925925926,0.7685185185185185,0.726138552933454,0.3055316557436975,72.0,72.0,360.0
permeability,15,joint_tuned,2,0.361343712026778,0.8921212471370978,1.4526486123994184,0.5342592592592593,0.8425925925925926,0.6133632061026378,0.29679549452167237,72.0,72.0,360.0
permeability,15,joint_tuned,3,0.43272706673894396,0.8407525272570652,1.4646760706582096,0.5314814814814816,0.8472222222222222,0.56692877293509,0.3305917908179687,72.0,72.0,360.0
permeability,15,joint_tuned,5,0.5401592552678118,0.7569897649684814,1.3027972400389054,0.5509259259259259,0.8638888888888889,0.5203551668370959,0.3839617834139298,72.0,72.0,360.0
permeability,15,joint_tuned,10,0.6163328444593185,0.6914400791711222,1.1743888346776294,0.587037037037037,0.8648148148148148,0.4756189130890003,0.3976733123881813,72.0,72.0,360.0
permeability,15,joint_w0,1,-0.37582615045047324,1.309078521652571,2.317700288614837,0.39351851851851855,0.7175925925925926,0.7274037499428774,0.2916487032533105,72.0,72.0,360.0
permeability,15,joint_w0,2,0.26731489040506307,0.9554305430503356,1.6273982225053194,0.5268518518518519,0.8166666666666668,0.612587414342476,0.29152249670626623,72.0,72.0,360.0
permeability,15,joint_w0,3,0.4006362257882013,0.8642172342967815,1.541725981153652,0.5518518518518518,0.8314814814814815,0.5656759422731874,0.3398720587987602,72.0,72.0,360.0
permeability,15,joint_w0,5,0.5356042042341874,0.7606585963677134,1.343785105632932,0.5750000000000001,0.8518518518518517,0.5180151869118435,0.36538008451296394,72.0,72.0,360.0
permeability,15,joint_w0,10,0.6252592747442319,0.683352224009448,1.173925779319591,0.5953703703703704,0.8638888888888889,0.47232670444539043,0.38733177600989105,72.0,72.0,360.0
permeability,15,joint_w0.1,1,-0.2682467237884125,1.2568919338693851,2.2557518865934405,0.412962962962963,0.7203703703703703,0.6907374534099109,0.3162489206727949,72.0,72.0,360.0
permeability,15,joint_w0.1,2,0.3112490398640971,0.9264911864796956,1.6020020549465828,0.4962962962962963,0.812037037037037,0.5846776351987368,0.29500377774409164,72.0,72.0,360.0
permeability,15,joint_w0.1,3,0.4236366427923984,0.8474920694517339,1.564042477126824,0.5166666666666666,0.825925925925926,0.5403620681276149,0.32867980389184553,72.0,72.0,360.0
permeability,15,joint_w0.1,5,0.5433851822848087,0.754304872276277,1.3642864188264785,0.5555555555555555,0.8379629629629629,0.49630933575969965,0.37027430846938686,72.0,72.0,360.0
permeability,15,joint_w0.1,10,0.6221651265776201,0.6862090037428527,1.2023223052800602,0.5675925925925925,0.85,0.4541477353340231,0.39741176336956424,72.0,72.0,360.0
permeability,15,joint_w0.3,1,-0.20840096276806128,1.2271808818725027,2.043591609467144,0.45925925925925926,0.7592592592592592,0.7302701550377861,0.31000797948839814,72.0,72.0,360.0
permeability,15,joint_w0.3,2,0.33687442929429245,0.9090682032113401,1.4947023965392272,0.5361111111111111,0.8305555555555556,0.6167115734638595,0.3042510099884967,72.0,72.0,360.0
permeability,15,joint_w0.3,3,0.40299108341075546,0.862536842574082,1.5299024770139458,0.5518518518518518,0.8231481481481482,0.5692823811745931,0.3213806396181264,72.0,72.0,360.0
permeability,15,joint_w0.3,5,0.5257893029969832,0.768753759579612,1.3431570801801458,0.5685185185185185,0.85,0.5223620819026523,0.36435200606970225,72.0,72.0,360.0
permeability,15,joint_w0.3,10,0.6089642917989346,0.6981005316008991,1.1920108220147527,0.5851851851851851,0.8611111111111112,0.4768320788135559,0.42555933329964724,72.0,72.0,360.0
permeability,15,joint_w1,1,-0.11231074025963772,1.1772978290704124,1.8751411598982222,0.48796296296296293,0.7907407407407407,0.7494590532980147,0.29800397818774765,72.0,72.0,360.0
permeability,15,joint_w1,2,0.3632054309423027,0.8906862335595269,1.4201442283053407,0.5685185185185185,0.837037037037037,0.6327516549680198,0.2919854596692291,72.0,72.0,360.0
permeability,15,joint_w1,3,0.42884777745903396,0.8435477481233141,1.435611638399448,0.5750000000000001,0.8398148148148148,0.5845026129542247,0.3363006522584531,72.0,72.0,360.0
permeability,15,joint_w1,5,0.5516722950093366,0.7474683562407458,1.2567027604752488,0.5879629629629629,0.8657407407407408,0.536177868696848,0.38530256424340176,72.0,72.0,360.0
permeability,15,joint_w1,10,0.6253652509094475,0.6832620441174789,1.1290764442084955,0.6027777777777777,0.8731481481481481,0.4891704116686639,0.4157769760031538,72.0,72.0,360.0
permeability,15,joint_w3,1,-0.08542977855697538,1.1629518214506616,1.7923130710695927,0.5092592592592592,0.812037037037037,0.7696231443293092,0.30313265182490295,72.0,72.0,360.0
permeability,15,joint_w3,2,0.3665035192621233,0.8885500732600797,1.3970599278469684,0.5777777777777778,0.8527777777777779,0.6502462549347842,0.30551962872884325,72.0,72.0,360.0
permeability,15,joint_w3,3,0.43445227027451755,0.839513478662438,1.4105180230862249,0.5703703703703704,0.861111111111111,0.6007475357008746,0.32264925835847286,72.0,72.0,360.0
permeability,15,joint_w3,5,0.542690699114251,0.7549415518276863,1.2468891778920888,0.5750000000000001,0.8740740740740741,0.5511078160843562,0.38446082742145543,72.0,72.0,360.0
permeability,15,joint_w3,10,0.6103759086790804,0.6968375877428356,1.1287504809276394,0.600925925925926,0.8768518518518519,0.5028472329135122,0.3973756823250015,72.0,72.0,360.0
protein_binding,3,frozen_gp,1,0.19180157931957975,0.9601313256994202,1.3764050331321176,0.8216276477146043,0.9738015607580826,1.0577269949312538,0.34182817504008756,880.0,407.0,1794.0
protein_binding,3,frozen_gp,2,0.3957392268252954,0.8302021270106087,1.2763612583225716,0.8132664437012264,0.9559643255295429,0.8876816121128379,0.36898078545555485,880.0,407.0,1794.0
protein_binding,3,frozen_gp,3,0.4217536141574483,0.8639641883976134,1.2741031426203706,0.8149122807017544,0.9508771929824561,0.8216117930855361,0.3319057230641555,460.0,290.0,1140.0
protein_binding,3,frozen_gp,5,0.5633583010094407,0.6921473654465635,1.0716377942010809,0.8174474959612278,0.9434571890145396,0.7454947969469166,0.3960990202594879,177.0,173.0,619.0
protein_binding,3,frozen_gp,10,0.6053861352600935,0.5524554537526064,0.8003834509630725,0.8392857142857143,0.9642857142857143,0.6673846716742603,0.4496864811183375,64.0,62.0,280.0
protein_binding,3,joint_tuned,1,0.036194675949773325,1.0484908912548976,1.514085202220344,0.6856187290969898,0.9141583054626533,0.7785820999290802,0.3597717077765978,880.0,407.0,1794.0
protein_binding,3,joint_tuned,2,0.39362139158020004,0.8316407516130303,1.3094852005471849,0.7192493496841323,0.9256781865477518,0.6549187667410362,0.3947040945679352,880.0,407.0,1794.0
protein_binding,3,joint_tuned,3,0.4407189955755797,0.8496714908510113,1.3294819648525902,0.7204678362573099,0.9207602339181286,0.6099076798744694,0.3920161044150116,460.0,290.0,1140.0
protein_binding,3,joint_tuned,5,0.6175389532182786,0.6477589761255987,0.9605705188632795,0.7318255250403878,0.9208400646203554,0.559770387995128,0.41250779997113884,177.0,173.0,619.0
protein_binding,3,joint_tuned,10,0.6146804776357947,0.545909525677427,0.7968247651454127,0.7297619047619047,0.9523809523809524,0.49324687480552193,0.502807713115433,64.0,62.0,280.0
protein_binding,3,joint_w0,1,-0.31404003740391967,1.2241766009193047,1.9497387334443506,0.5343738387216649,0.8285024154589372,0.7199692240103083,0.3441533856372721,880.0,407.0,1794.0
protein_binding,3,joint_w0,2,0.30174721523894227,0.8923753989124661,1.50189906618347,0.6231884057971014,0.879041248606466,0.6065982039916568,0.35559099320257187,880.0,407.0,1794.0
protein_binding,3,joint_w0,3,0.4136742735466028,0.8699236477527008,1.4359259384470453,0.6494152046783626,0.8915204678362573,0.5649486805140621,0.3499420242352636,460.0,290.0,1140.0
protein_binding,3,joint_w0,5,0.5595504329751074,0.6951446157428737,1.0513309995659503,0.6602046311254712,0.8955304254173398,0.5196751847203017,0.3696480779701055,177.0,173.0,619.0
protein_binding,3,joint_w0,10,0.6049526580294872,0.552731992415638,0.8180709226681051,0.6976190476190477,0.9392857142857142,0.46295236681880647,0.47599582696512427,64.0,62.0,280.0
protein_binding,3,joint_w0.1,1,-0.16473143338325302,1.1526057868590127,1.8331890285720984,0.573950204384987,0.8454106280193238,0.7252263623596548,0.3548158417331127,880.0,407.0,1794.0
protein_binding,3,joint_w0.1,2,0.34771230606917203,0.8625539760611419,1.4636480562964271,0.6484578223708658,0.887402452619844,0.6112921808076943,0.37124370281146485,880.0,407.0,1794.0
protein_binding,3,joint_w0.1,3,0.43376707836773604,0.8549054157100046,1.4081879079860251,0.6713450292397661,0.8988304093567251,0.5697193388880076,0.37049939988675495,460.0,290.0,1140.0
protein_binding,3,joint_w0.1,5,0.5950681039685456,0.6664530883121477,1.0187748526661184,0.6903607969843835,0.9030694668820679,0.5245359701722871,0.3893350279891683,177.0,173.0,619.0
protein_binding,3,joint_w0.1,10,0.6050734299433772,0.5526676298896608,0.8389131951930887,0.7083333333333334,0.9357142857142856,0.46654017710872103,0.501386809386149,64.0,62.0,280.0
protein_binding,3,joint_w0.3,1,-0.006020166564496295,1.0711077385237864,1.5695969242956862,0.6642512077294686,0.9017094017094017,0.7823068970816962,0.34213072368594294,880.0,407.0,1794.0
protein_binding,3,joint_w0.3,2,0.37065811928185893,0.8472409074489343,1.3335433274152682,0.7075436640654033,0.9212188777406168,0.6588826610667012,0.36814766323577947,880.0,407.0,1794.0
protein_binding,3,joint_w0.3,3,0.44311677593216864,0.847754046984161,1.3203720302010973,0.7154970760233917,0.9169590643274853,0.613984825140776,0.37392477671825236,460.0,290.0,1140.0
protein_binding,3,joint_w0.3,5,0.6061898055065214,0.6572785924931372,0.9748275193771926,0.7264404954227248,0.9165320409262251,0.5645185533851929,0.39343636218433103,177.0,173.0,619.0
protein_binding,3,joint_w0.3,10,0.6229896510141867,0.539937104582994,0.7831410888316753,0.7202380952380952,0.9511904761904763,0.4980385946075924,0.5096991924355426,64.0,62.0,280.0
protein_binding,3,joint_w1,1,0.08488290666224545,1.0209960377707201,1.4857735418137814,0.6921218877740617,0.9139725009290226,0.7886793787628692,0.3570328220611673,880.0,407.0,1794.0
protein_binding,3,joint_w1,2,0.37475586743822326,0.8442750922928068,1.3216217310044476,0.7175771088814566,0.9189892233370495,0.6632703828735134,0.379393106687417,880.0,407.0,1794.0
protein_binding,3,joint_w1,3,0.4355749968053182,0.8534033448505861,1.3267080222489886,0.7263157894736842,0.9181286549707602,0.6174069900936744,0.36365504694494993,460.0,290.0,1140.0
protein_binding,3,joint_w1,5,0.5940431566059545,0.6672988080872986,1.005727238899385,0.7350565428109855,0.91437802907916,0.5659500174885564,0.3835476270281195,177.0,173.0,619.0
protein_binding,3,joint_w1,10,0.6024934966937626,0.5544648375092276,0.8285978064661199,0.725,0.9392857142857144,0.5008662634145703,0.5063756179922114,64.0,62.0,280.0
protein_binding,3,joint_w3,1,0.19517640175690001,0.9580762795172127,1.3609100306787922,0.7157190635451505,0.9258639910813824,0.7610048323648901,0.3678994493592312,880.0,407.0,1794.0
protein_binding,3,joint_w3,2,0.41846940644315894,0.8144063776993645,1.2649331858774817,0.716462281679673,0.9282794500185805,0.6390938219114021,0.4014701923802943,880.0,407.0,1794.0
protein_binding,3,joint_w3,3,0.4592307665246871,0.8354947310717286,1.3188798436793199,0.7128654970760234,0.9230994152046783,0.5949090313513036,0.39592083698425706,460.0,290.0,1140.0
protein_binding,3,joint_w3,5,0.6040946981930695,0.6590438088906833,0.9807865774908245,0.7124394184168014,0.9203015616585891,0.5466828014861894,0.3835843546418503,177.0,173.0,619.0
protein_binding,3,joint_w3,10,0.61951158472549,0.5424731963773813,0.7745275702590769,0.7226190476190476,0.9547619047619048,0.479975436434076,0.49457450472292197,64.0,62.0,280.0
protein_binding,15,frozen_gp,1,0.12300545460884527,0.7598631333953461,1.210696578485518,0.8272727272727273,0.9818181818181818,1.0543974159062384,0.36009683907894374,44.0,42.0,220.0
protein_binding,15,frozen_gp,2,0.4550341553797195,0.5989927557876499,1.0353291531878175,0.8318181818181818,0.9681818181818181,0.8789767437970313,0.37407328726840616,44.0,42.0,220.0
protein_binding,15,frozen_gp,3,0.3788514394897601,0.6394913429167165,0.9928592833056177,0.8363636363636363,0.9636363636363636,0.81083182082837,0.37272817802980407,44.0,42.0,220.0
protein_binding,15,frozen_gp,5,0.5669419246918848,0.5339615668189109,0.8453605726607758,0.8590909090909091,0.9772727272727273,0.7363628423081787,0.42279003124905445,44.0,42.0,220.0
protein_binding,15,frozen_gp,10,0.5359153405447239,0.5527586334558974,0.7783270254466893,0.8409090909090909,0.9636363636363636,0.6562905494398411,0.48525147212706965,44.0,42.0,220.0
protein_binding,15,joint_tuned,1,0.022698427618397354,0.8014149093315347,1.1520397034172296,0.743939393939394,0.9515151515151515,0.8060841013775203,0.3946721929521286,44.0,42.0,220.0
protein_binding,15,joint_tuned,2,0.47603026484879746,0.5871591304235166,0.8907514578187867,0.7757575757575758,0.9545454545454546,0.6707382013029908,0.4549124028388904,44.0,42.0,220.0
protein_binding,15,joint_tuned,3,0.4687151157633232,0.591352058952563,0.863340489116601,0.7575757575757575,0.9454545454545454,0.6211737347327021,0.4555823471940404,44.0,42.0,220.0
protein_binding,15,joint_tuned,5,0.6128911888593205,0.5047488744717408,0.7225026745059827,0.7742424242424243,0.9575757575757576,0.5583621583200485,0.4716769376760057,44.0,42.0,220.0
protein_binding,15,joint_tuned,10,0.5470327595540809,0.5460962073731741,0.7856694222522941,0.7621212121212121,0.9515151515151515,0.49636124239001106,0.5073345906993431,44.0,42.0,220.0
protein_binding,15,joint_w0,1,-0.3092954775075474,0.9281680629696312,1.3823566910131424,0.603030303030303,0.8681818181818182,0.7400561563872029,0.3708008159233544,44.0,42.0,220.0
protein_binding,15,joint_w0,2,0.34803436985114705,0.6550933870626569,0.9995400958806736,0.6727272727272727,0.9151515151515152,0.6174022446994949,0.4374160704273746,44.0,42.0,220.0
protein_binding,15,joint_w0,3,0.4237996172028051,0.6158513914200229,0.9096430942677062,0.6954545454545454,0.9242424242424242,0.5730238294422763,0.44170898770332867,44.0,42.0,220.0
protein_binding,15,joint_w0,5,0.5705673617532353,0.5315925962732733,0.7517298090503717,0.7181818181818181,0.9393939393939394,0.519383639103049,0.4554226258043415,44.0,42.0,220.0
protein_binding,15,joint_w0,10,0.5341952020895749,0.5537308307556298,0.8037908552920912,0.7272727272727272,0.9409090909090909,0.46503823631763436,0.5074376793980936,44.0,42.0,220.0
protein_binding,15,joint_w0.1,1,-0.3623463619483644,0.9458492587917472,1.4142600871513824,0.6424242424242425,0.8878787878787878,0.754732020898472,0.36223559911119657,44.0,42.0,220.0
protein_binding,15,joint_w0.1,2,0.33547056845514484,0.6611233015988708,1.011014281753839,0.7075757575757576,0.9196969696969698,0.630430834600736,0.40316015933358784,44.0,42.0,220.0
protein_binding,15,joint_w0.1,3,0.3969865878360636,0.6298472698322971,0.9371689183762612,0.706060606060606,0.9287878787878787,0.5834101833197421,0.40777773991724175,44.0,42.0,220.0
protein_binding,15,joint_w0.1,5,0.5558003868002427,0.540579970010226,0.7753363313437465,0.7424242424242425,0.9409090909090909,0.5276572695611949,0.4412760151685761,44.0,42.0,220.0
protein_binding,15,joint_w0.1,10,0.5281094786454456,0.55736356776266,0.8350975593608023,0.7393939393939394,0.9393939393939394,0.47106953804840046,0.49333230424182845,44.0,42.0,220.0
protein_binding,15,joint_w0.3,1,-0.11392513704904357,0.8561792805658127,1.2369312792814047,0.7242424242424242,0.9409090909090909,0.812848093639269,0.3514851662589837,44.0,42.0,220.0
protein_binding,15,joint_w0.3,2,0.4244478529830786,0.6153858473117529,0.9426855853280186,0.746969696969697,0.9515151515151515,0.6774991530963557,0.4300618153587143,44.0,42.0,220.0
protein_binding,15,joint_w0.3,3,0.4508991387988675,0.6009541713061551,0.8920369762300567,0.7348484848484849,0.9409090909090909,0.6271751678967258,0.4303658609266641,44.0,42.0,220.0
protein_binding,15,joint_w0.3,5,0.5967876756943286,0.5149510004202017,0.7434305291653254,0.756060606060606,0.9500000000000001,0.5646681125039685,0.4573912233902913,44.0,42.0,220.0
protein_binding,15,joint_w0.3,10,0.5561912441476325,0.5404728067797145,0.7722706653838068,0.7515151515151515,0.9500000000000001,0.5021615832132799,0.5056029649337906,44.0,42.0,220.0
protein_binding,15,joint_w1,1,-0.13584491366873044,0.8636238122674694,1.2649673669753108,0.7424242424242425,0.9363636363636364,0.8202224825690337,0.36890946876810293,44.0,42.0,220.0
protein_binding,15,joint_w1,2,0.36752006909405965,0.6445645746219637,0.985725292075531,0.7696969696969697,0.9409090909090909,0.6835615978371803,0.4482591509217342,44.0,42.0,220.0
protein_binding,15,joint_w1,3,0.4033152304949543,0.6258894132631646,0.9402381662737073,0.7545454545454545,0.9393939393939394,0.6305375311599407,0.4493774650230849,44.0,42.0,220.0
protein_binding,15,joint_w1,5,0.5690664585099613,0.5323883334648886,0.7818876435755443,0.7848484848484848,0.9469696969696969,0.5695395193373395,0.4433735397213287,44.0,42.0,220.0
protein_binding,15,joint_w1,10,0.5309940761008178,0.555654333190807,0.8204380310841186,0.75,0.9409090909090909,0.5058765418937108,0.46895070424760327,44.0,42.0,220.0
protein_binding,15,joint_w3,1,0.15133573417854207,0.7473034542471283,1.0820005422170258,0.7681818181818182,0.956060606060606,0.7858848024883355,0.3956255651354783,44.0,42.0,220.0
protein_binding,15,joint_w3,2,0.4703248968390306,0.5903882720107634,0.8805607970520217,0.7696969696969697,0.9484848484848486,0.6517698212482073,0.46038548743544544,44.0,42.0,220.0
protein_binding,15,joint_w3,3,0.4547293433708813,0.5991395622653293,0.8625315248199916,0.753030303030303,0.943939393939394,0.603816446303189,0.45816425644419206,44.0,42.0,220.0
protein_binding,15,joint_w3,5,0.596848144112632,0.515192180118821,0.720491717970816,0.7651515151515151,0.9575757575757576,0.5435517985247097,0.4654926732448003,44.0,42.0,220.0
protein_binding,15,joint_w3,10,0.5483314158740351,0.5453104860522695,0.7649725559419772,0.756060606060606,0.9530303030303031,0.48344871821743346,0.5002123512962361,44.0,42.0,220.0
