endpoint,minimum_pool_size,model,metric,baseline_purchases,augmented_purchases,augmented_minus_baseline,bootstrap_low,bootstrap_high,pools,groups,bootstrap_draws
overall,3,single_task_NAP,top1_purchases,2.9568705473900043,2.981853790175128,0.0249832427851237,-0.04096539805261717,0.07311146532334065,4625,2011,2000
overall,3,single_task_NAP,top2_purchases,2.0192779833182994,2.020195145153709,0.0009171618354093947,-0.037870675527813064,0.04050063398083245,4625,2011,2000
overall,3,single_task_NAP,top3_purchases,1.2770986311996901,1.2688702612529408,-0.008228369946749612,-0.04142086278005047,0.023695628980825643,4625,2011,2000
overall,3,single_task_NAP,top4_purchases,0.9097298562806057,0.9006669914229852,-0.009062864857620348,-0.04175517603146429,0.020885442482761713,4625,2011,2000
in_vivo_clearance,3,single_task_NAP,top1_purchases,2.5434512725015517,2.606145251396648,0.06269397889509622,-0.029625494050683064,0.14987565992414084,537,399,2000
in_vivo_clearance,3,single_task_NAP,top2_purchases,1.7385164494103043,1.7475170701427685,0.009000620732464295,-0.06524927298074368,0.0911371201559785,537,399,2000
in_vivo_clearance,3,single_task_NAP,top3_purchases,0.9514276846679082,0.9712911235257604,0.019863438857852266,-0.051543632878282994,0.10680100804795926,537,399,2000
in_vivo_clearance,3,single_task_NAP,top4_purchases,0.5923339540657976,0.6018001241464929,0.00946617008069522,-0.03762349639753858,0.07018763982102907,537,399,2000
protein_binding,3,single_task_NAP,top1_purchases,2.289772727272727,2.289772727272727,-2.27091073218782e-18,-0.1083674033600627,0.057643938654498315,880,355,2000
protein_binding,3,single_task_NAP,top2_purchases,1.521496212121212,1.5459280303030305,0.024431818181818183,-0.019524147727272734,0.08277809446254072,880,355,2000
protein_binding,3,single_task_NAP,top3_purchases,0.8446022727272727,0.8482954545454545,0.0036931818181818203,-0.03642203848346064,0.0323202173311185,880,355,2000
protein_binding,3,single_task_NAP,top4_purchases,0.5644886363636363,0.5520833333333333,-0.012405303030303032,-0.045612348856844155,0.010296074372556628,880,355,2000
cellular_clearance,3,single_task_NAP,top1_purchases,3.0306933842239183,3.092239185750636,0.061545801526717556,-0.12800532897133762,0.21284716220628183,524,222,2000
cellular_clearance,3,single_task_NAP,top2_purchases,2.123409669211196,2.138199745547074,0.01479007633587786,-0.10911636374578715,0.17025562694993265,524,222,2000
cellular_clearance,3,single_task_NAP,top3_purchases,1.4058524173027989,1.38676844783715,-0.019083969465648852,-0.13332265956814876,0.12164409281400919,524,222,2000
cellular_clearance,3,single_task_NAP,top4_purchases,1.059001272264631,1.049618320610687,-0.00938295165394402,-0.12690186870801637,0.13114403526421686,524,222,2000
permeability,3,single_task_NAP,top1_purchases,3.561369509043928,3.486111111111111,-0.07525839793281655,-0.2444562843114515,0.08434780541976425,516,376,2000
permeability,3,single_task_NAP,top2_purchases,2.3963178294573644,2.297642118863049,-0.09867571059431525,-0.22931865672475696,0.01948240872542594,516,376,2000
permeability,3,single_task_NAP,top3_purchases,1.5843023255813953,1.4967700258397933,-0.08753229974160207,-0.19138199255103996,0.004499752457408536,516,376,2000
permeability,3,single_task_NAP,top4_purchases,1.1241925064599485,1.0897932816537468,-0.03439922480620155,-0.11998017050306409,0.041682692307692226,516,376,2000
efflux,3,single_task_NAP,top1_purchases,3.5625610948191593,3.601173020527859,0.0386119257086999,-0.10574607314966362,0.16560109289617472,341,251,2000
efflux,3,single_task_NAP,top2_purchases,2.4254643206256112,2.3966275659824046,-0.028836754643206258,-0.13377419242550825,0.0645973817848818,341,251,2000
efflux,3,single_task_NAP,top3_purchases,1.6634897360703813,1.6495601173020529,-0.013929618768328456,-0.10188578082470237,0.06757630085977331,341,251,2000
efflux,3,single_task_NAP,top4_purchases,1.2165200391006843,1.164711632453568,-0.05180840664711633,-0.13863577362409138,0.02203739762749071,341,251,2000
microsomal_clearance,3,single_task_NAP,top1_purchases,2.753375296478745,2.8156814449917897,0.06230614851304506,-0.0052349452554744606,0.12801585551441713,1827,897,2000
microsomal_clearance,3,single_task_NAP,top2_purchases,1.9104634190841085,1.9952563400839263,0.08479292099981754,0.027073075970973453,0.1372557593510349,1827,897,2000
microsomal_clearance,3,single_task_NAP,top3_purchases,1.2129173508483853,1.260536398467433,0.047619047619047616,-0.00041207029741212705,0.09467496843034366,1827,897,2000
microsomal_clearance,3,single_task_NAP,top4_purchases,0.9018427294289364,0.9459952563400839,0.044152526911147606,0.0032473250751187035,0.08608752860083015,1827,897,2000
overall,3,Cross-fitted single-task NAP,top1_purchases,2.783747420925625,2.8195797252880417,0.03583230436241617,0.013544212171476845,0.06600357019279823,4625,2011,2000
overall,3,Cross-fitted single-task NAP,top2_purchases,1.8577282721078447,1.878156787390031,0.02042851528218598,0.0035531739520609207,0.04041585257340699,4625,2011,2000
overall,3,Cross-fitted single-task NAP,top3_purchases,1.153063181617713,1.164638678997034,0.011575497379321162,-0.0022643607281228354,0.02794660877081458,4625,2011,2000
overall,3,Cross-fitted single-task NAP,top4_purchases,0.8139039990685818,0.823561741562428,0.009657742493846154,0.0004268245675545575,0.021575104317900554,4625,2011,2000
in_vivo_clearance,3,Cross-fitted single-task NAP,top1_purchases,2.5926443202979517,2.5886095592799503,-0.004034761018001247,-0.03892618857065143,0.039356124161073806,537,399,2000
in_vivo_clearance,3,Cross-fitted single-task NAP,top2_purchases,1.653941651148355,1.6480446927374302,-0.005896958410924891,-0.040191049510107414,0.019098718869731798,537,399,2000
in_vivo_clearance,3,Cross-fitted single-task NAP,top3_purchases,0.8876474239602732,0.8738361266294227,-0.013811297330850405,-0.032698718014347046,0.0020388511342458583,537,399,2000
in_vivo_clearance,3,Cross-fitted single-task NAP,top4_purchases,0.537243947858473,0.5316573556797021,-0.005586592178770949,-0.01845768074144018,0.004526679520461851,537,399,2000
protein_binding,3,Cross-fitted single-task NAP,top1_purchases,2.2600378787878785,2.2607954545454545,0.0007575757575757584,-0.020619349374014814,0.02654492336399436,880,355,2000
protein_binding,3,Cross-fitted single-task NAP,top2_purchases,1.477840909090909,1.4674242424242423,-0.010416666666666664,-0.02496255760368664,0.004477587901133878,880,355,2000
protein_binding,3,Cross-fitted single-task NAP,top3_purchases,0.8133522727272727,0.800094696969697,-0.013257575757575756,-0.021891813512196,-0.0005462494592900606,880,355,2000
protein_binding,3,Cross-fitted single-task NAP,top4_purchases,0.5102272727272728,0.5005681818181819,-0.009659090909090907,-0.017740146243430552,0.0042721326402148,880,355,2000
cellular_clearance,3,Cross-fitted single-task NAP,top1_purchases,2.778466921119593,2.881838422391857,0.10337150127226465,0.03572981593512117,0.22114851102052926,524,222,2000
cellular_clearance,3,Cross-fitted single-task NAP,top2_purchases,1.8689567430025447,1.9262086513994912,0.05725190839694656,0.006490579561160035,0.13514994450265289,524,222,2000
cellular_clearance,3,Cross-fitted single-task NAP,top3_purchases,1.2495229007633588,1.284351145038168,0.03482824427480916,-0.007005535189386734,0.09319431712755383,524,222,2000
cellular_clearance,3,Cross-fitted single-task NAP,top4_purchases,0.9497455470737913,0.9670801526717557,0.01733460559796438,-0.011642851790617628,0.05414494206773617,524,222,2000
permeability,3,Cross-fitted single-task NAP,top1_purchases,3.325419896640827,3.3401162790697674,0.014696382428940578,-0.0622694586218776,0.09074084116654614,516,376,2000
permeability,3,Cross-fitted single-task NAP,top2_purchases,2.1361434108527133,2.190729974160207,0.05458656330749354,-0.0016231232328398862,0.11784497353295896,516,376,2000
permeability,3,Cross-fitted single-task NAP,top3_purchases,1.378391472868217,1.4205426356589148,0.04215116279069768,-0.010626906622658064,0.09872917099649134,516,376,2000
permeability,3,Cross-fitted single-task NAP,top4_purchases,0.9746447028423773,1.008236434108527,0.03359173126614987,-0.004217358651335106,0.07691200378829946,516,376,2000
efflux,3,Cross-fitted single-task NAP,top1_purchases,3.1478494623655915,3.2297165200391005,0.08186705767350928,0.01451440671097422,0.15576183332240268,341,251,2000
efflux,3,Cross-fitted single-task NAP,top2_purchases,2.1632453567937437,2.176197458455523,0.012952101661779092,-0.03339309553051741,0.0642112133936261,341,251,2000
efflux,3,Cross-fitted single-task NAP,top3_purchases,1.417644183773216,1.4254643206256108,0.007820136852394919,-0.02164737436476567,0.04142560973224588,341,251,2000
efflux,3,Cross-fitted single-task NAP,top4_purchases,1.0376344086021505,1.0425219941348973,0.004887585532746817,-0.021930414072816456,0.03378469784719784,341,251,2000
microsomal_clearance,3,Cross-fitted single-task NAP,top1_purchases,2.5980660463419087,2.6164021164021167,0.018336070060207994,-0.006350462924758396,0.05003541511433183,1827,897,2000
microsomal_clearance,3,Cross-fitted single-task NAP,top2_purchases,1.8462415617588033,1.8603357051632914,0.014094143404488233,-0.005890854088831803,0.03723034835009726,1827,897,2000
microsomal_clearance,3,Cross-fitted single-task NAP,top3_purchases,1.171820835613939,1.1835431490603905,0.011722313446451377,-0.005108010941837893,0.031050653889289438,1827,897,2000
microsomal_clearance,3,Cross-fitted single-task NAP,top4_purchases,0.8739281153074256,0.8913063309615035,0.01737821565407772,0.0005052244327662431,0.035660113428745414,1827,897,2000
overall,15,single_task_NAP,top1_purchases,7.888540218867097,8.05531436364343,0.1667741447763331,-0.3263344222837871,0.5812360064915474,580,334,2000
overall,15,single_task_NAP,top2_purchases,5.448413667147246,5.34606664200392,-0.10234702514332505,-0.4349508475659024,0.29607701990035773,580,334,2000
overall,15,single_task_NAP,top3_purchases,4.243347506199547,4.2397642556514565,-0.0035832505480910917,-0.3716724822407028,0.3511413719176927,580,334,2000
overall,15,single_task_NAP,top4_purchases,3.4227200416759955,3.446564015830829,0.023843974154833355,-0.2379254996601968,0.3045426654886307,580,334,2000
in_vivo_clearance,15,single_task_NAP,top1_purchases,8.8375,10.125,1.2875,-0.5000000000000001,2.9626273148148146,20,16,2000
in_vivo_clearance,15,single_task_NAP,top2_purchases,7.4125,7.079166666666666,-0.3333333333333336,-2.125,1.3338068181818152,20,16,2000
in_vivo_clearance,15,single_task_NAP,top3_purchases,5.529166666666667,5.954166666666667,0.4249999999999998,-1.412152777777778,1.9877083333333319,20,16,2000
in_vivo_clearance,15,single_task_NAP,top4_purchases,4.054166666666667,4.616666666666667,0.5625,-0.5985400883838384,1.713642939814814,20,16,2000
protein_binding,15,single_task_NAP,top1_purchases,7.4375,7.321969696969697,-0.11553030303030304,-1.3281361607142856,0.9886379686697481,44,29,2000
protein_binding,15,single_task_NAP,top2_purchases,4.160984848484849,4.255681818181818,0.09469696969696972,-0.6281616832779623,0.8056985294117639,44,29,2000
protein_binding,15,single_task_NAP,top3_purchases,3.3712121212121215,3.2253787878787876,-0.14583333333333331,-0.7547952961672474,0.2932605820105818,44,29,2000
protein_binding,15,single_task_NAP,top4_purchases,2.9431818181818183,2.7518939393939394,-0.1912878787878788,-0.7421987734487734,0.17689342403628103,44,29,2000
cellular_clearance,15,single_task_NAP,top1_purchases,7.300632911392405,7.550632911392405,0.2500000000000001,-0.5743181126331809,1.1809968677156175,79,53,2000
cellular_clearance,15,single_task_NAP,top2_purchases,4.9641350210970465,5.052742616033756,0.08860759493670887,-0.6071816770186335,0.9428444666909354,79,53,2000
cellular_clearance,15,single_task_NAP,top3_purchases,4.185654008438819,4.170886075949367,-0.014767932489451479,-0.652959638400815,0.772598039215686,79,53,2000
cellular_clearance,15,single_task_NAP,top4_purchases,3.598101265822785,3.5305907172995785,-0.06751054852320676,-0.7592621527777778,0.684003582202111,79,53,2000
permeability,15,single_task_NAP,top1_purchases,9.121527777777779,8.67824074074074,-0.4432870370370371,-1.4628240740740743,0.5648206751054828,72,62,2000
permeability,15,single_task_NAP,top2_purchases,6.310185185185185,5.954861111111111,-0.3553240740740741,-1.1245771144278607,0.415758547008546,72,62,2000
permeability,15,single_task_NAP,top3_purchases,4.6157407407407405,4.414351851851851,-0.2013888888888889,-0.8273590686274509,0.43600788288288234,72,62,2000
permeability,15,single_task_NAP,top4_purchases,3.762731481481482,3.767361111111111,0.004629629629629598,-0.5480057932263814,0.592509182052809,72,62,2000
efflux,15,single_task_NAP,top1_purchases,8.523148148148149,8.350308641975309,-0.17283950617283944,-0.8578476761074799,0.4677752009894864,54,49,2000
efflux,15,single_task_NAP,top2_purchases,5.853395061728395,5.390432098765432,-0.46296296296296297,-0.9460014849755419,0.014182972280456308,54,49,2000
efflux,15,single_task_NAP,top3_purchases,4.628086419753086,4.354938271604938,-0.2731481481481482,-0.709184726522188,0.1552696078431371,54,49,2000
efflux,15,single_task_NAP,top4_purchases,3.552469135802469,3.17283950617284,-0.37962962962962965,-0.8153681184012068,0.03762486126526052,54,49,2000
microsomal_clearance,15,single_task_NAP,top1_purchases,6.110932475884244,6.305734190782422,0.19480171489817794,-0.15052227070802376,0.5288810279129614,311,183,2000
microsomal_clearance,15,single_task_NAP,top2_purchases,3.989281886387996,4.343515541264737,0.3542336548767417,0.07227550563236045,0.6303105170511114,311,183,2000
microsomal_clearance,15,single_task_NAP,top3_purchases,3.130225080385852,3.318863879957128,0.18863879957127547,-0.07562811182668577,0.4457239743152629,311,183,2000
microsomal_clearance,15,single_task_NAP,top4_purchases,2.6256698821007505,2.840032154340836,0.21436227224008575,-0.008348471741637862,0.43851182058812854,311,183,2000
overall,15,Cross-fitted single-task NAP,top1_purchases,7.200127713661566,7.292033593352541,0.09190587969097531,-0.05829702823209783,0.28215904727152696,580,334,2000
overall,15,Cross-fitted single-task NAP,top2_purchases,4.339301601653281,4.325745517232616,-0.013556084420664777,-0.13181692724395164,0.12686850127977492,580,334,2000
overall,15,Cross-fitted single-task NAP,top3_purchases,3.3319343903124814,3.349586418203742,0.017652027891260604,-0.0666282135190897,0.10877711586835015,580,334,2000
overall,15,Cross-fitted single-task NAP,top4_purchases,2.716178138663876,2.753885133936525,0.03770699527264939,-0.025564914447173258,0.1129170470973883,580,334,2000
in_vivo_clearance,15,Cross-fitted single-task NAP,top1_purchases,9.6,9.475,-0.125,-0.7083333333333334,0.7962962962962963,20,16,2000
in_vivo_clearance,15,Cross-fitted single-task NAP,top2_purchases,4.8,4.3375,-0.4625,-0.96875,0.06770833333333331,20,16,2000
in_vivo_clearance,15,Cross-fitted single-task NAP,top3_purchases,3.3208333333333337,3.175,-0.14583333333333334,-0.388888888888889,0.050925925925925916,20,16,2000
in_vivo_clearance,15,Cross-fitted single-task NAP,top4_purchases,2.75,2.666666666666667,-0.08333333333333334,-0.21971049783549784,0.050925925925925916,20,16,2000
protein_binding,15,Cross-fitted single-task NAP,top1_purchases,6.715909090909091,6.965909090909091,0.25,-0.014296218487394994,0.6143084733893557,44,29,2000
protein_binding,15,Cross-fitted single-task NAP,top2_purchases,3.852272727272727,3.797348484848485,-0.0549242424242424,-0.19552364864864855,0.1363819648093841,44,29,2000
protein_binding,15,Cross-fitted single-task NAP,top3_purchases,3.393939393939394,3.270833333333333,-0.1231060606060606,-0.2571428571428572,0.022754329004328836,44,29,2000
protein_binding,15,Cross-fitted single-task NAP,top4_purchases,2.4469696969696972,2.339015151515152,-0.10795454545454541,-0.22685363247863252,0.040477799227799253,44,29,2000
cellular_clearance,15,Cross-fitted single-task NAP,top1_purchases,6.5,6.85126582278481,0.35126582278481017,0.012876230661040848,0.7882359601449273,79,53,2000
cellular_clearance,15,Cross-fitted single-task NAP,top2_purchases,4.162447257383966,4.356540084388186,0.19409282700421943,-0.07934234209665099,0.47468642109366244,79,53,2000
cellular_clearance,15,Cross-fitted single-task NAP,top3_purchases,3.5253164556962027,3.689873417721519,0.1645569620253165,-0.08832452904019224,0.4105535130718954,79,53,2000
cellular_clearance,15,Cross-fitted single-task NAP,top4_purchases,3.0548523206751055,3.182489451476793,0.1276371308016878,-0.029471935584740445,0.29268474157955854,79,53,2000
permeability,15,Cross-fitted single-task NAP,top1_purchases,8.127314814814815,8.010416666666666,-0.11689814814814811,-0.6013028169014085,0.2789900362318841,72,62,2000
permeability,15,Cross-fitted single-task NAP,top2_purchases,4.8969907407407405,5.076388888888889,0.17939814814814817,-0.16138888888888886,0.53344975490196,72,62,2000
permeability,15,Cross-fitted single-task NAP,top3_purchases,3.609953703703704,3.7592592592592595,0.14930555555555558,-0.18751578282828293,0.47809946895424765,72,62,2000
permeability,15,Cross-fitted single-task NAP,top4_purchases,2.8819444444444446,3.1064814814814814,0.22453703703703706,-0.018911458333333266,0.5099813432835819,72,62,2000
efflux,15,Cross-fitted single-task NAP,top1_purchases,6.8580246913580245,7.032407407407407,0.17438271604938277,-0.10340521442495107,0.48337121212121187,54,49,2000
efflux,15,Cross-fitted single-task NAP,top2_purchases,4.714506172839506,4.774691358024691,0.06018518518518525,-0.16666666666666666,0.30356203544882737,54,49,2000
efflux,15,Cross-fitted single-task NAP,top3_purchases,3.2608024691358026,3.3209876543209877,0.06018518518518517,-0.10276312229437234,0.22484276729559746,54,49,2000
efflux,15,Cross-fitted single-task NAP,top4_purchases,2.6574074074074074,2.683641975308642,0.026234567901234546,-0.12121212121212122,0.16839792934717723,54,49,2000
microsomal_clearance,15,Cross-fitted single-task NAP,top1_purchases,5.39951768488746,5.417202572347267,0.017684887459807064,-0.10355222843425253,0.15201487144378514,311,183,2000
microsomal_clearance,15,Cross-fitted single-task NAP,top2_purchases,3.6095927116827435,3.6120042872454445,0.002411575562700953,-0.09683951331333368,0.10377932811944537,311,183,2000
microsomal_clearance,15,Cross-fitted single-task NAP,top3_purchases,2.880760986066452,2.8815648445873525,0.0008038585209003144,-0.08673063048063052,0.0990340093531509,311,183,2000
microsomal_clearance,15,Cross-fitted single-task NAP,top4_purchases,2.5058949624866025,2.545016077170418,0.039121114683815655,-0.05168841832001675,0.13513714128035317,311,183,2000
