method,top_k,mean,pools,groups,endpoint,cutoff
control,1,2.5267567567567566,4625,2011,all,3
control,2,1.7418378378378379,4625,2011,all,3
control,3,1.0882702702702702,4625,2011,all,3
control,4,0.7816756756756756,4625,2011,all,3
delta_greedy,1,2.748108108108108,4625,2011,all,3
delta_greedy,2,1.8801081081081081,4625,2011,all,3
delta_greedy,3,1.1702702702702703,4625,2011,all,3
delta_greedy,4,0.8177837837837838,4625,2011,all,3
gp_ei,1,2.506,4625,2011,all,3
gp_ei,2,1.7215135135135136,4625,2011,all,3
gp_ei,3,1.0652432432432433,4625,2011,all,3
gp_ei,4,0.7631891891891892,4625,2011,all,3
graph_refined_ei,1,2.5244864864864867,4625,2011,all,3
graph_refined_ei,2,1.7393513513513514,4625,2011,all,3
graph_refined_ei,3,1.0847027027027027,4625,2011,all,3
graph_refined_ei,4,0.7792432432432432,4625,2011,all,3
option2,1,2.5183243243243245,4625,2011,all,3
option2,2,1.731081081081081,4625,2011,all,3
option2,3,1.0807027027027027,4625,2011,all,3
option2,4,0.7763243243243243,4625,2011,all,3
random,1,3.464042654092654,4625,2011,all,3
random,2,2.34872823967824,4625,2011,all,3
random,3,1.5045340233840234,4625,2011,all,3
random,4,1.084875025925026,4625,2011,all,3
control,1,2.462233169129721,1827,897,microsomal_clearance,3
control,2,1.7556102900930488,1827,897,microsomal_clearance,3
control,3,1.1183634373289546,1827,897,microsomal_clearance,3
control,4,0.8533114395183361,1827,897,microsomal_clearance,3
delta_greedy,1,2.7281061850027366,1827,897,microsomal_clearance,3
delta_greedy,2,1.8994252873563218,1827,897,microsomal_clearance,3
delta_greedy,3,1.2235905856595513,1827,897,microsomal_clearance,3
delta_greedy,4,0.8892993979200876,1827,897,microsomal_clearance,3
gp_ei,1,2.4625068418171865,1827,897,microsomal_clearance,3
gp_ei,2,1.7530103995621238,1827,897,microsomal_clearance,3
gp_ei,3,1.09168035030104,1827,897,microsomal_clearance,3
gp_ei,4,0.8342911877394636,1827,897,microsomal_clearance,3
graph_refined_ei,1,2.4703065134099615,1827,897,microsomal_clearance,3
graph_refined_ei,2,1.7464422550629448,1827,897,microsomal_clearance,3
graph_refined_ei,3,1.107416529830323,1827,897,microsomal_clearance,3
graph_refined_ei,4,0.8425013683634374,1827,897,microsomal_clearance,3
option2,1,2.4534756431308153,1827,897,microsomal_clearance,3
option2,2,1.738232074438971,1827,897,microsomal_clearance,3
option2,3,1.100711548987411,1827,897,microsomal_clearance,3
option2,4,0.837712096332786,1827,897,microsomal_clearance,3
random,1,3.5251902131246684,1827,897,microsomal_clearance,3
random,2,2.478664227251392,1827,897,microsomal_clearance,3
random,3,1.6421491033799462,1827,897,microsomal_clearance,3
random,4,1.2363718696059967,1827,897,microsomal_clearance,3
control,1,2.474860335195531,537,399,in_vivo_clearance,3
control,2,1.6457169459962757,537,399,in_vivo_clearance,3
control,3,0.8905959031657356,537,399,in_vivo_clearance,3
control,4,0.5726256983240223,537,399,in_vivo_clearance,3
delta_greedy,1,2.61731843575419,537,399,in_vivo_clearance,3
delta_greedy,2,1.738826815642458,537,399,in_vivo_clearance,3
delta_greedy,3,0.914804469273743,537,399,in_vivo_clearance,3
delta_greedy,4,0.5521415270018621,537,399,in_vivo_clearance,3
gp_ei,1,2.405027932960894,537,399,in_vivo_clearance,3
gp_ei,2,1.6424581005586592,537,399,in_vivo_clearance,3
gp_ei,3,0.8808193668528864,537,399,in_vivo_clearance,3
gp_ei,4,0.5465549348230913,537,399,in_vivo_clearance,3
graph_refined_ei,1,2.4543761638733708,537,399,in_vivo_clearance,3
graph_refined_ei,2,1.6522346368715084,537,399,in_vivo_clearance,3
graph_refined_ei,3,0.9031657355679702,537,399,in_vivo_clearance,3
graph_refined_ei,4,0.5814711359404097,537,399,in_vivo_clearance,3
option2,1,2.4655493482309123,537,399,in_vivo_clearance,3
option2,2,1.6499068901303537,537,399,in_vivo_clearance,3
option2,3,0.8957169459962756,537,399,in_vivo_clearance,3
option2,4,0.5786778398510242,537,399,in_vivo_clearance,3
random,1,2.7454996896337676,537,399,in_vivo_clearance,3
random,2,1.808659217877095,537,399,in_vivo_clearance,3
random,3,0.9932029795158287,537,399,in_vivo_clearance,3
random,4,0.617364990689013,537,399,in_vivo_clearance,3
control,1,2.0571022727272728,880,355,protein_binding,3
control,2,1.412215909090909,880,355,protein_binding,3
control,3,0.7755681818181818,880,355,protein_binding,3
control,4,0.4877840909090909,880,355,protein_binding,3
delta_greedy,1,2.194318181818182,880,355,protein_binding,3
delta_greedy,2,1.4235795454545455,880,355,protein_binding,3
delta_greedy,3,0.76875,880,355,protein_binding,3
delta_greedy,4,0.46960227272727273,880,355,protein_binding,3
gp_ei,1,2.099715909090909,880,355,protein_binding,3
gp_ei,2,1.3991477272727273,880,355,protein_binding,3
gp_ei,3,0.7553977272727272,880,355,protein_binding,3
gp_ei,4,0.47698863636363636,880,355,protein_binding,3
graph_refined_ei,1,2.0448863636363637,880,355,protein_binding,3
graph_refined_ei,2,1.4065340909090909,880,355,protein_binding,3
graph_refined_ei,3,0.7681818181818182,880,355,protein_binding,3
graph_refined_ei,4,0.48579545454545453,880,355,protein_binding,3
option2,1,2.0485795454545452,880,355,protein_binding,3
option2,2,1.4045454545454545,880,355,protein_binding,3
option2,3,0.771875,880,355,protein_binding,3
option2,4,0.4872159090909091,880,355,protein_binding,3
random,1,2.9808996212121213,880,355,protein_binding,3
random,2,1.921278409090909,880,355,protein_binding,3
random,3,1.097623106060606,880,355,protein_binding,3
random,4,0.7207440476190476,880,355,protein_binding,3
control,1,2.6040076335877864,524,222,cellular_clearance,3
control,2,1.7833969465648856,524,222,cellular_clearance,3
control,3,1.1922709923664123,524,222,cellular_clearance,3
control,4,0.8721374045801527,524,222,cellular_clearance,3
delta_greedy,1,2.898854961832061,524,222,cellular_clearance,3
delta_greedy,2,2.0477099236641223,524,222,cellular_clearance,3
delta_greedy,3,1.258587786259542,524,222,cellular_clearance,3
delta_greedy,4,0.9122137404580153,524,222,cellular_clearance,3
gp_ei,1,2.6727099236641223,524,222,cellular_clearance,3
gp_ei,2,1.838740458015267,524,222,cellular_clearance,3
gp_ei,3,1.2471374045801527,524,222,cellular_clearance,3
gp_ei,4,0.9222328244274809,524,222,cellular_clearance,3
graph_refined_ei,1,2.5958969465648853,524,222,cellular_clearance,3
graph_refined_ei,2,1.7833969465648856,524,222,cellular_clearance,3
graph_refined_ei,3,1.1951335877862594,524,222,cellular_clearance,3
graph_refined_ei,4,0.8711832061068703,524,222,cellular_clearance,3
option2,1,2.6044847328244276,524,222,cellular_clearance,3
option2,2,1.7776717557251909,524,222,cellular_clearance,3
option2,3,1.1989503816793894,524,222,cellular_clearance,3
option2,4,0.8745229007633588,524,222,cellular_clearance,3
random,1,3.5780211624677274,524,222,cellular_clearance,3
random,2,2.4859092031801953,524,222,cellular_clearance,3
random,3,1.6545160734092033,524,222,cellular_clearance,3
random,4,1.222275524517891,524,222,cellular_clearance,3
control,1,3.2218992248062017,516,376,permeability,3
control,2,2.116763565891473,516,376,permeability,3
control,3,1.426356589147287,516,376,permeability,3
control,4,1.0222868217054264,516,376,permeability,3
delta_greedy,1,3.4811046511627906,516,376,permeability,3
delta_greedy,2,2.2994186046511627,516,376,permeability,3
delta_greedy,3,1.5557170542635659,516,376,permeability,3
delta_greedy,4,1.1472868217054264,516,376,permeability,3
gp_ei,1,3.04796511627907,516,376,permeability,3
gp_ei,2,2.000968992248062,516,376,permeability,3
gp_ei,3,1.3347868217054264,516,376,permeability,3
gp_ei,4,0.9447674418604651,516,376,permeability,3
graph_refined_ei,1,3.2194767441860463,516,376,permeability,3
graph_refined_ei,2,2.126453488372093,516,376,permeability,3
graph_refined_ei,3,1.428294573643411,516,376,permeability,3
graph_refined_ei,4,1.0343992248062015,516,376,permeability,3
option2,1,3.188468992248062,516,376,permeability,3
option2,2,2.0978682170542635,516,376,permeability,3
option2,3,1.4219961240310077,516,376,permeability,3
option2,4,1.0290697674418605,516,376,permeability,3
random,1,4.265503875968992,516,376,permeability,3
random,2,2.8010981912144706,516,376,permeability,3
random,3,1.851986434108527,516,376,permeability,3
random,4,1.340889165743817,516,376,permeability,3
control,1,2.995601173020528,341,251,efflux,3
control,2,2.0388563049853374,341,251,efflux,3
control,3,1.3739002932551319,341,251,efflux,3
control,4,0.9824046920821115,341,251,efflux,3
delta_greedy,1,3.1495601173020527,341,251,efflux,3
delta_greedy,2,2.285190615835777,341,251,efflux,3
delta_greedy,3,1.6041055718475072,341,251,efflux,3
delta_greedy,4,1.1077712609970674,341,251,efflux,3
gp_ei,1,2.8702346041055717,341,251,efflux,3
gp_ei,2,1.906158357771261,341,251,efflux,3
gp_ei,3,1.3262463343108504,341,251,efflux,3
gp_ei,4,0.9428152492668622,341,251,efflux,3
graph_refined_ei,1,3.001466275659824,341,251,efflux,3
graph_refined_ei,2,2.0439882697947214,341,251,efflux,3
graph_refined_ei,3,1.3760997067448681,341,251,efflux,3
graph_refined_ei,4,0.9816715542521994,341,251,efflux,3
option2,1,3.0146627565982405,341,251,efflux,3
option2,2,2.036656891495601,341,251,efflux,3
option2,3,1.3636363636363635,341,251,efflux,3
option2,4,0.9714076246334311,341,251,efflux,3
random,1,4.126881720430108,341,251,efflux,3
random,2,2.710822510822511,341,251,efflux,3
random,3,1.866315807848066,341,251,efflux,3
random,4,1.3505708001675742,341,251,efflux,3
control,1,3.41453418632547,2501,1209,all,5
control,2,2.3262694922031186,2501,1209,all,5
control,3,1.8648540583766493,2501,1209,all,5
control,4,1.4455217912834866,2501,1209,all,5
delta_greedy,1,3.8202718912435025,2501,1209,all,5
delta_greedy,2,2.582566973210716,2501,1209,all,5
delta_greedy,3,2.0164934026389445,2501,1209,all,5
delta_greedy,4,1.5122950819672132,2501,1209,all,5
gp_ei,1,3.3814474210315875,2501,1209,all,5
gp_ei,2,2.29328268692523,2501,1209,all,5
gp_ei,3,1.8222710915633746,2501,1209,all,5
gp_ei,4,1.4113354658136745,2501,1209,all,5
graph_refined_ei,1,3.4117353058776487,2501,1209,all,5
graph_refined_ei,2,2.3223710515793683,2501,1209,all,5
graph_refined_ei,3,1.8582566973210717,2501,1209,all,5
graph_refined_ei,4,1.4410235905637745,2501,1209,all,5
option2,1,3.4006397441023593,2501,1209,all,5
option2,2,2.307576969212315,2501,1209,all,5
option2,3,1.850859656137545,2501,1209,all,5
option2,4,1.43562574970012,2501,1209,all,5
random,1,5.01723868126557,2501,1209,all,5
random,2,3.4235778122798317,2501,1209,all,5
random,3,2.6346340896245937,2501,1209,all,5
random,4,2.0062163114367233,2501,1209,all,5
control,1,3.3149062191510366,1013,531,microsomal_clearance,5
control,2,2.3240375123395856,1013,531,microsomal_clearance,5
control,3,1.888943731490622,1013,531,microsomal_clearance,5
control,4,1.5389930898321817,1013,531,microsomal_clearance,5
delta_greedy,1,3.777640671273445,1013,531,microsomal_clearance,5
delta_greedy,2,2.5836623889437313,1013,531,microsomal_clearance,5
delta_greedy,3,2.078726554787759,1013,531,microsomal_clearance,5
delta_greedy,4,1.603899308983218,1013,531,microsomal_clearance,5
gp_ei,1,3.3255182625863773,1013,531,microsomal_clearance,5
gp_ei,2,2.320582428430405,1013,531,microsomal_clearance,5
gp_ei,3,1.8408193484698914,1013,531,microsomal_clearance,5
gp_ei,4,1.5046890424481738,1013,531,microsomal_clearance,5
graph_refined_ei,1,3.3284797630799603,1013,531,microsomal_clearance,5
graph_refined_ei,2,2.307502467917078,1013,531,microsomal_clearance,5
graph_refined_ei,3,1.8692003948667324,1013,531,microsomal_clearance,5
graph_refined_ei,4,1.5194965449160909,1013,531,microsomal_clearance,5
option2,1,3.300839091806515,1013,531,microsomal_clearance,5
option2,2,2.2929417571569597,1013,531,microsomal_clearance,5
option2,3,1.8571076011846002,1013,531,microsomal_clearance,5
option2,4,1.5108588351431391,1013,531,microsomal_clearance,5
random,1,5.089278564704281,1013,531,microsomal_clearance,5
random,2,3.6025201150262847,1013,531,microsomal_clearance,5
random,3,2.833619360192657,1013,531,microsomal_clearance,5
random,4,2.2298631843733028,1013,531,microsomal_clearance,5
control,1,3.618995633187773,229,179,in_vivo_clearance,5
control,2,2.339519650655022,229,179,in_vivo_clearance,5
control,3,1.8231441048034935,229,179,in_vivo_clearance,5
control,4,1.3427947598253276,229,179,in_vivo_clearance,5
delta_greedy,1,3.9923580786026203,229,179,in_vivo_clearance,5
delta_greedy,2,2.6102620087336246,229,179,in_vivo_clearance,5
delta_greedy,3,1.8799126637554586,229,179,in_vivo_clearance,5
delta_greedy,4,1.294759825327511,229,179,in_vivo_clearance,5
gp_ei,1,3.482532751091703,229,179,in_vivo_clearance,5
gp_ei,2,2.37882096069869,229,179,in_vivo_clearance,5
gp_ei,3,1.8002183406113537,229,179,in_vivo_clearance,5
gp_ei,4,1.2816593886462881,229,179,in_vivo_clearance,5
graph_refined_ei,1,3.578602620087336,229,179,in_vivo_clearance,5
graph_refined_ei,2,2.3548034934497815,229,179,in_vivo_clearance,5
graph_refined_ei,3,1.8526200873362446,229,179,in_vivo_clearance,5
graph_refined_ei,4,1.3635371179039302,229,179,in_vivo_clearance,5
option2,1,3.5949781659388647,229,179,in_vivo_clearance,5
option2,2,2.3526200873362444,229,179,in_vivo_clearance,5
option2,3,1.8351528384279476,229,179,in_vivo_clearance,5
option2,4,1.3569868995633187,229,179,in_vivo_clearance,5
random,1,4.164483260553129,229,179,in_vivo_clearance,5
random,2,2.749636098981077,229,179,in_vivo_clearance,5
random,3,2.063755458515284,229,179,in_vivo_clearance,5
random,4,1.4477074235807859,229,179,in_vivo_clearance,5
control,1,2.726997578692494,413,183,protein_binding,5
control,2,1.8771186440677967,413,183,protein_binding,5
control,3,1.4745762711864407,413,183,protein_binding,5
control,4,1.0393462469733656,413,183,protein_binding,5
delta_greedy,1,3.00363196125908,413,183,protein_binding,5
delta_greedy,2,1.8934624697336562,413,183,protein_binding,5
delta_greedy,3,1.460048426150121,413,183,protein_binding,5
delta_greedy,4,1.0006053268765134,413,183,protein_binding,5
gp_ei,1,2.773002421307506,413,183,protein_binding,5
gp_ei,2,1.8383777239709442,413,183,protein_binding,5
gp_ei,3,1.431598062953995,413,183,protein_binding,5
gp_ei,4,1.0163438256658595,413,183,protein_binding,5
graph_refined_ei,1,2.710048426150121,413,183,protein_binding,5
graph_refined_ei,2,1.8668280871670702,413,183,protein_binding,5
graph_refined_ei,3,1.4588377723970944,413,183,protein_binding,5
graph_refined_ei,4,1.0351089588377724,413,183,protein_binding,5
option2,1,2.7167070217917675,413,183,protein_binding,5
option2,2,1.862590799031477,413,183,protein_binding,5
option2,3,1.4667070217917675,413,183,protein_binding,5
option2,4,1.0381355932203389,413,183,protein_binding,5
random,1,4.46817998385795,413,183,protein_binding,5
random,2,2.904499596448749,413,183,protein_binding,5
random,3,2.1607949959644874,413,183,protein_binding,5
random,4,1.5357258157500289,413,183,protein_binding,5
control,1,3.467391304347826,299,155,cellular_clearance,5
control,2,2.322742474916388,299,155,cellular_clearance,5
control,3,1.9573578595317727,299,155,cellular_clearance,5
control,4,1.528428093645485,299,155,cellular_clearance,5
delta_greedy,1,3.9423076923076925,299,155,cellular_clearance,5
delta_greedy,2,2.7801003344481607,299,155,cellular_clearance,5
delta_greedy,3,2.0735785953177257,299,155,cellular_clearance,5
delta_greedy,4,1.5986622073578596,299,155,cellular_clearance,5
gp_ei,1,3.576923076923077,299,155,cellular_clearance,5
gp_ei,2,2.419732441471572,299,155,cellular_clearance,5
gp_ei,3,2.0535117056856187,299,155,cellular_clearance,5
gp_ei,4,1.6162207357859533,299,155,cellular_clearance,5
graph_refined_ei,1,3.4498327759197323,299,155,cellular_clearance,5
graph_refined_ei,2,2.3244147157190636,299,155,cellular_clearance,5
graph_refined_ei,3,1.9623745819397993,299,155,cellular_clearance,5
graph_refined_ei,4,1.5267558528428093,299,155,cellular_clearance,5
option2,1,3.4581939799331103,299,155,cellular_clearance,5
option2,2,2.3118729096989967,299,155,cellular_clearance,5
option2,3,1.9690635451505016,299,155,cellular_clearance,5
option2,4,1.5326086956521738,299,155,cellular_clearance,5
random,1,5.049218804235527,299,155,cellular_clearance,5
random,2,3.5338341888509115,299,155,cellular_clearance,5
random,3,2.767446228984691,299,155,cellular_clearance,5
random,4,2.1420480764126246,299,155,cellular_clearance,5
control,1,4.2272727272727275,319,253,permeability,5
control,2,2.762539184952978,319,253,permeability,5
control,3,2.176332288401254,319,253,permeability,5
control,4,1.6536050156739812,319,253,permeability,5
delta_greedy,1,4.688871473354232,319,253,permeability,5
delta_greedy,2,3.054858934169279,319,253,permeability,5
delta_greedy,3,2.385579937304075,319,253,permeability,5
delta_greedy,4,1.8557993730407523,319,253,permeability,5
gp_ei,1,3.9976489028213167,319,253,permeability,5
gp_ei,2,2.5948275862068964,319,253,permeability,5
gp_ei,3,2.0282131661442007,319,253,permeability,5
gp_ei,4,1.5282131661442007,319,253,permeability,5
graph_refined_ei,1,4.231191222570533,319,253,permeability,5
graph_refined_ei,2,2.781347962382445,319,253,permeability,5
graph_refined_ei,3,2.1794670846394983,319,253,permeability,5
graph_refined_ei,4,1.6731974921630095,319,253,permeability,5
option2,1,4.183385579937304,319,253,permeability,5
option2,2,2.738244514106583,319,253,permeability,5
option2,3,2.169278996865204,319,253,permeability,5
option2,4,1.664576802507837,319,253,permeability,5
random,1,5.846917450365726,319,253,permeability,5
random,2,3.849634273772205,319,253,permeability,5
random,3,2.864811912225705,319,253,permeability,5
random,4,2.1689617853410956,319,253,permeability,5
control,1,3.6907894736842106,228,185,efflux,5
control,2,2.530701754385965,228,185,efflux,5
control,3,1.9495614035087718,228,185,efflux,5
control,4,1.469298245614035,228,185,efflux,5
delta_greedy,1,3.9407894736842106,228,185,efflux,5
delta_greedy,2,2.8782894736842106,228,185,efflux,5
delta_greedy,3,2.293859649122807,228,185,efflux,5
delta_greedy,4,1.656798245614035,228,185,efflux,5
gp_ei,1,3.512061403508772,228,185,efflux,5
gp_ei,2,2.3223684210526314,228,185,efflux,5
gp_ei,3,1.8782894736842106,228,185,efflux,5
gp_ei,4,1.4100877192982457,228,185,efflux,5
graph_refined_ei,1,3.68859649122807,228,185,efflux,5
graph_refined_ei,2,2.536184210526316,228,185,efflux,5
graph_refined_ei,3,1.9528508771929824,228,185,efflux,5
graph_refined_ei,4,1.468201754385965,228,185,efflux,5
option2,1,3.7171052631578947,228,185,efflux,5
option2,2,2.525219298245614,228,185,efflux,5
option2,3,1.9342105263157894,228,185,efflux,5
option2,4,1.4528508771929824,228,185,efflux,5
random,1,5.34546783625731,228,185,efflux,5
random,2,3.50500208855472,228,185,efflux,5
random,3,2.6860249582289057,228,185,efflux,5
random,4,2.0199326441102756,228,185,efflux,5
control,1,4.6715989399293285,1132,630,all,10
control,2,3.179328621908127,1132,630,all,10
control,3,2.5717756183745584,1132,630,all,10
control,4,2.164310954063604,1132,630,all,10
delta_greedy,1,5.409231448763251,1132,630,all,10
delta_greedy,2,3.635159010600707,1132,630,all,10
delta_greedy,3,2.8524734982332154,1132,630,all,10
delta_greedy,4,2.306316254416961,1132,630,all,10
gp_ei,1,4.601590106007067,1132,630,all,10
gp_ei,2,3.095627208480565,1132,630,all,10
gp_ei,3,2.4659893992932864,1132,630,all,10
gp_ei,4,2.081934628975265,1132,630,all,10
graph_refined_ei,1,4.6749116607773855,1132,630,all,10
graph_refined_ei,2,3.1711572438162543,1132,630,all,10
graph_refined_ei,3,2.560512367491166,1132,630,all,10
graph_refined_ei,4,2.1561395759717317,1132,630,all,10
option2,1,4.660335689045937,1132,630,all,10
option2,2,3.1512809187279154,1132,630,all,10
option2,3,2.5483657243816253,1132,630,all,10
option2,4,2.1477473498233217,1132,630,all,10
random,1,7.447269593586952,1132,630,all,10
random,2,5.115544770265398,1132,630,all,10
random,3,3.987388188674629,1132,630,all,10
random,4,3.272980266404516,1132,630,all,10
control,1,4.238095238095238,546,318,microsomal_clearance,10
control,2,2.9606227106227108,546,318,microsomal_clearance,10
control,3,2.416208791208791,546,318,microsomal_clearance,10
control,4,2.1153846153846154,546,318,microsomal_clearance,10
delta_greedy,1,4.930860805860806,546,318,microsomal_clearance,10
delta_greedy,2,3.337912087912088,546,318,microsomal_clearance,10
delta_greedy,3,2.707875457875458,546,318,microsomal_clearance,10
delta_greedy,4,2.2225274725274726,546,318,microsomal_clearance,10
gp_ei,1,4.316849816849817,546,318,microsomal_clearance,10
gp_ei,2,3.027930402930403,546,318,microsomal_clearance,10
gp_ei,3,2.3672161172161172,546,318,microsomal_clearance,10
gp_ei,4,2.063644688644689,546,318,microsomal_clearance,10
graph_refined_ei,1,4.254578754578755,546,318,microsomal_clearance,10
graph_refined_ei,2,2.9276556776556775,546,318,microsomal_clearance,10
graph_refined_ei,3,2.3827838827838828,546,318,microsomal_clearance,10
graph_refined_ei,4,2.07967032967033,546,318,microsomal_clearance,10
option2,1,4.2257326007326,546,318,microsomal_clearance,10
option2,2,2.9194139194139193,546,318,microsomal_clearance,10
option2,3,2.3644688644688645,546,318,microsomal_clearance,10
option2,4,2.0682234432234434,546,318,microsomal_clearance,10
random,1,6.992546804199735,546,318,microsomal_clearance,10
random,2,4.971906432666506,546,318,microsomal_clearance,10
random,3,3.9614428222028955,546,318,microsomal_clearance,10
random,4,3.2969953140740684,546,318,microsomal_clearance,10
control,1,6.1045454545454545,55,45,in_vivo_clearance,10
control,2,3.659090909090909,55,45,in_vivo_clearance,10
control,3,2.9272727272727272,55,45,in_vivo_clearance,10
control,4,2.5954545454545452,55,45,in_vivo_clearance,10
delta_greedy,1,7.0,55,45,in_vivo_clearance,10
delta_greedy,2,4.6863636363636365,55,45,in_vivo_clearance,10
delta_greedy,3,3.168181818181818,55,45,in_vivo_clearance,10
delta_greedy,4,2.35,55,45,in_vivo_clearance,10
gp_ei,1,5.586363636363636,55,45,in_vivo_clearance,10
gp_ei,2,3.6863636363636365,55,45,in_vivo_clearance,10
gp_ei,3,2.772727272727273,55,45,in_vivo_clearance,10
gp_ei,4,2.3045454545454547,55,45,in_vivo_clearance,10
graph_refined_ei,1,6.1045454545454545,55,45,in_vivo_clearance,10
graph_refined_ei,2,3.7590909090909093,55,45,in_vivo_clearance,10
graph_refined_ei,3,3.036363636363636,55,45,in_vivo_clearance,10
graph_refined_ei,4,2.6863636363636365,55,45,in_vivo_clearance,10
option2,1,6.1045454545454545,55,45,in_vivo_clearance,10
option2,2,3.713636363636364,55,45,in_vivo_clearance,10
option2,3,2.9909090909090907,55,45,in_vivo_clearance,10
option2,4,2.659090909090909,55,45,in_vivo_clearance,10
random,1,7.472727272727273,55,45,in_vivo_clearance,10
random,2,4.924242424242424,55,45,in_vivo_clearance,10
random,3,3.7100000000000004,55,45,in_vivo_clearance,10
random,4,2.952121212121212,55,45,in_vivo_clearance,10
control,1,4.457142857142857,105,61,protein_binding,10
control,2,2.9452380952380954,105,61,protein_binding,10
control,3,2.3119047619047617,105,61,protein_binding,10
control,4,1.707142857142857,105,61,protein_binding,10
delta_greedy,1,5.114285714285714,105,61,protein_binding,10
delta_greedy,2,3.0476190476190474,105,61,protein_binding,10
delta_greedy,3,2.2547619047619047,105,61,protein_binding,10
delta_greedy,4,1.6476190476190475,105,61,protein_binding,10
gp_ei,1,4.419047619047619,105,61,protein_binding,10
gp_ei,2,2.6952380952380954,105,61,protein_binding,10
gp_ei,3,2.045238095238095,105,61,protein_binding,10
gp_ei,4,1.6095238095238096,105,61,protein_binding,10
graph_refined_ei,1,4.4523809523809526,105,61,protein_binding,10
graph_refined_ei,2,2.9238095238095236,105,61,protein_binding,10
graph_refined_ei,3,2.280952380952381,105,61,protein_binding,10
graph_refined_ei,4,1.6976190476190476,105,61,protein_binding,10
option2,1,4.435714285714286,105,61,protein_binding,10
option2,2,2.895238095238095,105,61,protein_binding,10
option2,3,2.280952380952381,105,61,protein_binding,10
option2,4,1.7023809523809523,105,61,protein_binding,10
random,1,8.474603174603175,105,61,protein_binding,10
random,2,5.398412698412699,105,61,protein_binding,10
random,3,4.090793650793651,105,61,protein_binding,10
random,4,3.314727891156463,105,61,protein_binding,10
control,1,4.402317880794702,151,92,cellular_clearance,10
control,2,2.9619205298013247,151,92,cellular_clearance,10
control,3,2.607615894039735,151,92,cellular_clearance,10
control,4,2.197019867549669,151,92,cellular_clearance,10
delta_greedy,1,5.316225165562914,151,92,cellular_clearance,10
delta_greedy,2,3.693708609271523,151,92,cellular_clearance,10
delta_greedy,3,2.7549668874172184,151,92,cellular_clearance,10
delta_greedy,4,2.2996688741721854,151,92,cellular_clearance,10
gp_ei,1,4.605960264900662,151,92,cellular_clearance,10
gp_ei,2,3.109271523178808,151,92,cellular_clearance,10
gp_ei,3,2.7334437086092715,151,92,cellular_clearance,10
gp_ei,4,2.316225165562914,151,92,cellular_clearance,10
graph_refined_ei,1,4.380794701986755,151,92,cellular_clearance,10
graph_refined_ei,2,2.9652317880794703,151,92,cellular_clearance,10
graph_refined_ei,3,2.6142384105960264,151,92,cellular_clearance,10
graph_refined_ei,4,2.1887417218543046,151,92,cellular_clearance,10
option2,1,4.410596026490066,151,92,cellular_clearance,10
option2,2,2.9635761589403975,151,92,cellular_clearance,10
option2,3,2.642384105960265,151,92,cellular_clearance,10
option2,4,2.206953642384106,151,92,cellular_clearance,10
random,1,7.170940120402041,151,92,cellular_clearance,10
random,2,5.059461091704469,151,92,cellular_clearance,10
random,3,4.000189568525662,151,92,cellular_clearance,10
random,4,3.288702655879808,151,92,cellular_clearance,10
control,1,6.07258064516129,155,129,permeability,10
control,2,3.9983870967741937,155,129,permeability,10
control,3,3.140322580645161,155,129,permeability,10
control,4,2.5274193548387096,155,129,permeability,10
delta_greedy,1,7.019354838709678,155,129,permeability,10
delta_greedy,2,4.445161290322581,155,129,permeability,10
delta_greedy,3,3.535483870967742,155,129,permeability,10
delta_greedy,4,2.95,155,129,permeability,10
gp_ei,1,5.587096774193548,155,129,permeability,10
gp_ei,2,3.535483870967742,155,129,permeability,10
gp_ei,3,2.793548387096774,155,129,permeability,10
gp_ei,4,2.2806451612903227,155,129,permeability,10
graph_refined_ei,1,6.098387096774194,155,129,permeability,10
graph_refined_ei,2,4.038709677419355,155,129,permeability,10
graph_refined_ei,3,3.1564516129032256,155,129,permeability,10
graph_refined_ei,4,2.579032258064516,155,129,permeability,10
option2,1,6.003225806451613,155,129,permeability,10
option2,2,3.958064516129032,155,129,permeability,10
option2,3,3.1338709677419354,155,129,permeability,10
option2,4,2.5629032258064517,155,129,permeability,10
random,1,8.648387096774194,155,129,permeability,10
random,2,5.752903225806452,155,129,permeability,10
random,3,4.283870967741936,155,129,permeability,10
random,4,3.453701996927803,155,129,permeability,10
control,1,4.704166666666667,120,100,efflux,10
control,2,3.375,120,100,efflux,10
control,3,2.564583333333333,120,100,efflux,10
control,4,2.0791666666666666,120,100,efflux,10
delta_greedy,1,5.152083333333334,120,100,efflux,10
delta_greedy,2,3.9,120,100,efflux,10
delta_greedy,3,3.129166666666667,120,100,efflux,10
delta_greedy,4,2.4208333333333334,120,100,efflux,10
gp_ei,1,4.327083333333333,120,100,efflux,10
gp_ei,2,2.8979166666666667,120,100,efflux,10
gp_ei,3,2.3833333333333333,120,100,efflux,10
gp_ei,4,1.925,120,100,efflux,10
graph_refined_ei,1,4.658333333333333,120,100,efflux,10
graph_refined_ei,2,3.3645833333333335,120,100,efflux,10
graph_refined_ei,3,2.558333333333333,120,100,efflux,10
graph_refined_ei,4,2.075,120,100,efflux,10
option2,1,4.752083333333333,120,100,efflux,10
option2,2,3.3666666666666667,120,100,efflux,10
option2,3,2.5416666666666665,120,100,efflux,10
option2,4,2.0541666666666667,120,100,efflux,10
random,1,7.401944444444444,120,100,efflux,10
random,2,4.856587301587301,120,100,efflux,10
random,3,3.743030753968254,120,100,efflux,10
random,4,3.0210267857142856,120,100,efflux,10
control,1,5.50948275862069,580,334,all,15
control,2,3.7275862068965515,580,334,all,15
control,3,3.018103448275862,580,334,all,15
control,4,2.5116379310344827,580,334,all,15
delta_greedy,1,6.7219827586206895,580,334,all,15
delta_greedy,2,4.450862068965518,580,334,all,15
delta_greedy,3,3.494396551724138,580,334,all,15
delta_greedy,4,2.788362068965517,580,334,all,15
gp_ei,1,5.524568965517242,580,334,all,15
gp_ei,2,3.6607758620689657,580,334,all,15
gp_ei,3,2.9060344827586206,580,334,all,15
gp_ei,4,2.410344827586207,580,334,all,15
graph_refined_ei,1,5.517672413793103,580,334,all,15
graph_refined_ei,2,3.711206896551724,580,334,all,15
graph_refined_ei,3,2.9926724137931036,580,334,all,15
graph_refined_ei,4,2.4991379310344826,580,334,all,15
option2,1,5.500431034482759,580,334,all,15
option2,2,3.68448275862069,580,334,all,15
option2,3,2.9788793103448277,580,334,all,15
option2,4,2.486637931034483,580,334,all,15
random,1,9.58819341617833,580,334,all,15
random,2,6.597777775784242,580,334,all,15
random,3,5.173911744784589,580,334,all,15
random,4,4.277729057739833,580,334,all,15
control,1,4.852090032154341,311,183,microsomal_clearance,15
control,2,3.422025723472669,311,183,microsomal_clearance,15
control,3,2.7339228295819935,311,183,microsomal_clearance,15
control,4,2.4043408360128615,311,183,microsomal_clearance,15
delta_greedy,1,5.717041800643087,311,183,microsomal_clearance,15
delta_greedy,2,3.7757234726688105,311,183,microsomal_clearance,15
delta_greedy,3,3.042604501607717,311,183,microsomal_clearance,15
delta_greedy,4,2.4590032154340835,311,183,microsomal_clearance,15
gp_ei,1,4.987942122186495,311,183,microsomal_clearance,15
gp_ei,2,3.491961414790997,311,183,microsomal_clearance,15
gp_ei,3,2.6583601286173635,311,183,microsomal_clearance,15
gp_ei,4,2.3207395498392285,311,183,microsomal_clearance,15
graph_refined_ei,1,4.866559485530547,311,183,microsomal_clearance,15
graph_refined_ei,2,3.370578778135048,311,183,microsomal_clearance,15
graph_refined_ei,3,2.6736334405144695,311,183,microsomal_clearance,15
graph_refined_ei,4,2.348070739549839,311,183,microsomal_clearance,15
option2,1,4.82556270096463,311,183,microsomal_clearance,15
option2,2,3.35048231511254,311,183,microsomal_clearance,15
option2,3,2.64951768488746,311,183,microsomal_clearance,15
option2,4,2.327974276527331,311,183,microsomal_clearance,15
random,1,8.625414832428499,311,183,microsomal_clearance,15
random,2,6.140931215830734,311,183,microsomal_clearance,15
random,3,4.91886326948626,311,183,microsomal_clearance,15
random,4,4.1369454730990105,311,183,microsomal_clearance,15
control,1,7.85,20,16,in_vivo_clearance,15
control,2,4.3625,20,16,in_vivo_clearance,15
control,3,3.6625,20,16,in_vivo_clearance,15
control,4,3.175,20,16,in_vivo_clearance,15
delta_greedy,1,9.7375,20,16,in_vivo_clearance,15
delta_greedy,2,6.1875,20,16,in_vivo_clearance,15
delta_greedy,3,4.1625,20,16,in_vivo_clearance,15
delta_greedy,4,3.4375,20,16,in_vivo_clearance,15
gp_ei,1,6.925,20,16,in_vivo_clearance,15
gp_ei,2,4.9,20,16,in_vivo_clearance,15
gp_ei,3,3.825,20,16,in_vivo_clearance,15
gp_ei,4,3.0125,20,16,in_vivo_clearance,15
graph_refined_ei,1,7.9625,20,16,in_vivo_clearance,15
graph_refined_ei,2,4.5125,20,16,in_vivo_clearance,15
graph_refined_ei,3,3.825,20,16,in_vivo_clearance,15
graph_refined_ei,4,3.35,20,16,in_vivo_clearance,15
option2,1,7.825,20,16,in_vivo_clearance,15
option2,2,4.425,20,16,in_vivo_clearance,15
option2,3,3.725,20,16,in_vivo_clearance,15
option2,4,3.325,20,16,in_vivo_clearance,15
random,1,10.65,20,16,in_vivo_clearance,15
random,2,6.904166666666667,20,16,in_vivo_clearance,15
random,3,5.275,20,16,in_vivo_clearance,15
random,4,4.145952380952381,20,16,in_vivo_clearance,15
control,1,4.738636363636363,44,29,protein_binding,15
control,2,2.6193181818181817,44,29,protein_binding,15
control,3,2.2954545454545454,44,29,protein_binding,15
control,4,1.7613636363636365,44,29,protein_binding,15
delta_greedy,1,6.806818181818182,44,29,protein_binding,15
delta_greedy,2,3.852272727272727,44,29,protein_binding,15
delta_greedy,3,3.028409090909091,44,29,protein_binding,15
delta_greedy,4,1.9943181818181819,44,29,protein_binding,15
gp_ei,1,5.488636363636363,44,29,protein_binding,15
gp_ei,2,2.977272727272727,44,29,protein_binding,15
gp_ei,3,2.2613636363636362,44,29,protein_binding,15
gp_ei,4,1.6590909090909092,44,29,protein_binding,15
graph_refined_ei,1,4.7727272727272725,44,29,protein_binding,15
graph_refined_ei,2,2.6420454545454546,44,29,protein_binding,15
graph_refined_ei,3,2.2670454545454546,44,29,protein_binding,15
graph_refined_ei,4,1.7613636363636365,44,29,protein_binding,15
option2,1,4.761363636363637,44,29,protein_binding,15
option2,2,2.596590909090909,44,29,protein_binding,15
option2,3,2.272727272727273,44,29,protein_binding,15
option2,4,1.7670454545454546,44,29,protein_binding,15
random,1,12.204545454545455,44,29,protein_binding,15
random,2,7.598484848484848,44,29,protein_binding,15
random,3,5.828409090909091,44,29,protein_binding,15
random,4,4.726515151515152,44,29,protein_binding,15
control,1,5.1044303797468356,79,53,cellular_clearance,15
control,2,3.3544303797468356,79,53,cellular_clearance,15
control,3,3.1265822784810124,79,53,cellular_clearance,15
control,4,2.5316455696202533,79,53,cellular_clearance,15
delta_greedy,1,6.813291139240507,79,53,cellular_clearance,15
delta_greedy,2,4.746835443037975,79,53,cellular_clearance,15
delta_greedy,3,3.4335443037974684,79,53,cellular_clearance,15
delta_greedy,4,2.848101265822785,79,53,cellular_clearance,15
gp_ei,1,5.832278481012659,79,53,cellular_clearance,15
gp_ei,2,3.740506329113924,79,53,cellular_clearance,15
gp_ei,3,3.4240506329113924,79,53,cellular_clearance,15
gp_ei,4,2.867088607594937,79,53,cellular_clearance,15
graph_refined_ei,1,5.063291139240507,79,53,cellular_clearance,15
graph_refined_ei,2,3.348101265822785,79,53,cellular_clearance,15
graph_refined_ei,3,3.1139240506329116,79,53,cellular_clearance,15
graph_refined_ei,4,2.4936708860759493,79,53,cellular_clearance,15
option2,1,5.14873417721519,79,53,cellular_clearance,15
option2,2,3.3702531645569622,79,53,cellular_clearance,15
option2,3,3.170886075949367,79,53,cellular_clearance,15
option2,4,2.528481012658228,79,53,cellular_clearance,15
random,1,9.453352343858672,79,53,cellular_clearance,15
random,2,6.636896647656141,79,53,cellular_clearance,15
random,3,5.262213103352344,79,53,cellular_clearance,15
random,4,4.367065424027449,79,53,cellular_clearance,15
control,1,8.243055555555555,72,62,permeability,15
control,2,5.53125,72,62,permeability,15
control,3,4.166666666666667,72,62,permeability,15
control,4,3.2465277777777777,72,62,permeability,15
delta_greedy,1,9.760416666666666,72,62,permeability,15
delta_greedy,2,6.052083333333333,72,62,permeability,15
delta_greedy,3,4.875,72,62,permeability,15
delta_greedy,4,4.131944444444445,72,62,permeability,15
gp_ei,1,7.270833333333333,72,62,permeability,15
gp_ei,2,4.548611111111111,72,62,permeability,15
gp_ei,3,3.548611111111111,72,62,permeability,15
gp_ei,4,2.8125,72,62,permeability,15
graph_refined_ei,1,8.336805555555555,72,62,permeability,15
graph_refined_ei,2,5.628472222222222,72,62,permeability,15
graph_refined_ei,3,4.211805555555555,72,62,permeability,15
graph_refined_ei,4,3.3854166666666665,72,62,permeability,15
option2,1,8.17361111111111,72,62,permeability,15
option2,2,5.458333333333333,72,62,permeability,15
option2,3,4.163194444444445,72,62,permeability,15
option2,4,3.3506944444444446,72,62,permeability,15
random,1,11.921296296296298,72,62,permeability,15
random,2,8.00462962962963,72,62,permeability,15
random,3,5.921527777777778,72,62,permeability,15
random,4,4.809259259259259,72,62,permeability,15
control,1,6.00462962962963,54,49,efflux,15
control,2,4.296296296296297,54,49,efflux,15
control,3,3.314814814814815,54,49,efflux,15
control,4,2.486111111111111,54,49,efflux,15
delta_greedy,1,7.138888888888889,54,49,efflux,15
delta_greedy,2,5.6157407407407405,54,49,efflux,15
delta_greedy,3,4.476851851851852,54,49,efflux,15
delta_greedy,4,3.212962962962963,54,49,efflux,15
gp_ei,1,5.347222222222222,54,49,efflux,15
gp_ei,2,3.4305555555555554,54,49,efflux,15
gp_ei,3,2.9027777777777777,54,49,efflux,15
gp_ei,4,2.111111111111111,54,49,efflux,15
graph_refined_ei,1,5.875,54,49,efflux,15
graph_refined_ei,2,4.222222222222222,54,49,efflux,15
graph_refined_ei,3,3.310185185185185,54,49,efflux,15
graph_refined_ei,4,2.4814814814814814,54,49,efflux,15
option2,1,6.078703703703703,54,49,efflux,15
option2,2,4.314814814814815,54,49,efflux,15
option2,3,3.314814814814815,54,49,efflux,15
option2,4,2.462962962962963,54,49,efflux,15
random,1,9.694444444444445,54,49,efflux,15
random,2,6.366975308641975,54,49,efflux,15
random,3,4.9460648148148145,54,49,efflux,15
random,4,3.9322641093474426,54,49,efflux,15
control,1,6.305471124620061,329,197,all,20
control,2,4.185410334346504,329,197,all,20
control,3,3.3662613981762917,329,197,all,20
control,4,2.8434650455927053,329,197,all,20
delta_greedy,1,8.033434650455927,329,197,all,20
delta_greedy,2,5.310790273556231,329,197,all,20
delta_greedy,3,4.077507598784194,329,197,all,20
delta_greedy,4,3.3214285714285716,329,197,all,20
gp_ei,1,6.088905775075988,329,197,all,20
gp_ei,2,4.035714285714286,329,197,all,20
gp_ei,3,3.1664133738601823,329,197,all,20
gp_ei,4,2.6922492401215807,329,197,all,20
graph_refined_ei,1,6.330547112462006,329,197,all,20
graph_refined_ei,2,4.173252279635259,329,197,all,20
graph_refined_ei,3,3.344224924012158,329,197,all,20
graph_refined_ei,4,2.8366261398176293,329,197,all,20
option2,1,6.291793313069909,329,197,all,20
option2,2,4.148936170212766,329,197,all,20
option2,3,3.3290273556231003,329,197,all,20
option2,4,2.82370820668693,329,197,all,20
random,1,11.614420336361825,329,197,all,20
random,2,7.988293183372972,329,197,all,20
random,3,6.245526995659974,329,197,all,20
random,4,5.20233138681087,329,197,all,20
control,1,5.459269662921348,178,108,microsomal_clearance,20
control,2,3.6713483146067416,178,108,microsomal_clearance,20
control,3,2.8342696629213484,178,108,microsomal_clearance,20
control,4,2.5702247191011236,178,108,microsomal_clearance,20
delta_greedy,1,6.849719101123595,178,108,microsomal_clearance,20
delta_greedy,2,4.445224719101123,178,108,microsomal_clearance,20
delta_greedy,3,3.452247191011236,178,108,microsomal_clearance,20
delta_greedy,4,2.830056179775281,178,108,microsomal_clearance,20
gp_ei,1,5.587078651685394,178,108,microsomal_clearance,20
gp_ei,2,3.827247191011236,178,108,microsomal_clearance,20
gp_ei,3,2.8384831460674156,178,108,microsomal_clearance,20
gp_ei,4,2.574438202247191,178,108,microsomal_clearance,20
graph_refined_ei,1,5.473314606741573,178,108,microsomal_clearance,20
graph_refined_ei,2,3.616573033707865,178,108,microsomal_clearance,20
graph_refined_ei,3,2.758426966292135,178,108,microsomal_clearance,20
graph_refined_ei,4,2.502808988764045,178,108,microsomal_clearance,20
option2,1,5.411516853932584,178,108,microsomal_clearance,20
option2,2,3.6292134831460676,178,108,microsomal_clearance,20
option2,3,2.759831460674157,178,108,microsomal_clearance,20
option2,4,2.4887640449438204,178,108,microsomal_clearance,20
random,1,10.330305003724947,178,108,microsomal_clearance,20
random,2,7.281639273387869,178,108,microsomal_clearance,20
random,3,5.8346866005925,178,108,microsomal_clearance,20
random,4,4.937164272733093,178,108,microsomal_clearance,20
control,1,10.194444444444445,9,7,in_vivo_clearance,20
control,2,5.416666666666667,9,7,in_vivo_clearance,20
control,3,4.611111111111111,9,7,in_vivo_clearance,20
control,4,4.444444444444445,9,7,in_vivo_clearance,20
delta_greedy,1,11.916666666666666,9,7,in_vivo_clearance,20
delta_greedy,2,8.722222222222221,9,7,in_vivo_clearance,20
delta_greedy,3,5.138888888888889,9,7,in_vivo_clearance,20
delta_greedy,4,4.527777777777778,9,7,in_vivo_clearance,20
gp_ei,1,9.805555555555555,9,7,in_vivo_clearance,20
gp_ei,2,6.916666666666667,9,7,in_vivo_clearance,20
gp_ei,3,5.027777777777778,9,7,in_vivo_clearance,20
gp_ei,4,4.75,9,7,in_vivo_clearance,20
graph_refined_ei,1,10.472222222222221,9,7,in_vivo_clearance,20
graph_refined_ei,2,5.694444444444445,9,7,in_vivo_clearance,20
graph_refined_ei,3,4.888888888888889,9,7,in_vivo_clearance,20
graph_refined_ei,4,4.75,9,7,in_vivo_clearance,20
option2,1,10.083333333333334,9,7,in_vivo_clearance,20
option2,2,5.555555555555555,9,7,in_vivo_clearance,20
option2,3,4.75,9,7,in_vivo_clearance,20
option2,4,4.611111111111111,9,7,in_vivo_clearance,20
random,1,13.38888888888889,9,7,in_vivo_clearance,20
random,2,8.62962962962963,9,7,in_vivo_clearance,20
random,3,6.583333333333333,9,7,in_vivo_clearance,20
random,4,5.203703703703703,9,7,in_vivo_clearance,20
control,1,4.740384615384615,26,17,protein_binding,20
control,2,3.230769230769231,26,17,protein_binding,20
control,3,2.7115384615384617,26,17,protein_binding,20
control,4,1.8653846153846154,26,17,protein_binding,20
delta_greedy,1,7.144230769230769,26,17,protein_binding,20
delta_greedy,2,4.971153846153846,26,17,protein_binding,20
delta_greedy,3,3.730769230769231,26,17,protein_binding,20
delta_greedy,4,2.519230769230769,26,17,protein_binding,20
gp_ei,1,5.125,26,17,protein_binding,20
gp_ei,2,3.4134615384615383,26,17,protein_binding,20
gp_ei,3,2.375,26,17,protein_binding,20
gp_ei,4,1.5769230769230769,26,17,protein_binding,20
graph_refined_ei,1,4.836538461538462,26,17,protein_binding,20
graph_refined_ei,2,3.2596153846153846,26,17,protein_binding,20
graph_refined_ei,3,2.6538461538461537,26,17,protein_binding,20
graph_refined_ei,4,1.8557692307692308,26,17,protein_binding,20
option2,1,4.8076923076923075,26,17,protein_binding,20
option2,2,3.1923076923076925,26,17,protein_binding,20
option2,3,2.673076923076923,26,17,protein_binding,20
option2,4,1.875,26,17,protein_binding,20
random,1,15.0,26,17,protein_binding,20
random,2,9.666666666666668,26,17,protein_binding,20
random,3,7.3961538461538465,26,17,protein_binding,20
random,4,6.0,26,17,protein_binding,20
control,1,5.39,50,33,cellular_clearance,20
control,2,3.295,50,33,cellular_clearance,20
control,3,3.06,50,33,cellular_clearance,20
control,4,2.625,50,33,cellular_clearance,20
delta_greedy,1,7.385,50,33,cellular_clearance,20
delta_greedy,2,5.04,50,33,cellular_clearance,20
delta_greedy,3,3.325,50,33,cellular_clearance,20
delta_greedy,4,2.905,50,33,cellular_clearance,20
gp_ei,1,5.945,50,33,cellular_clearance,20
gp_ei,2,3.855,50,33,cellular_clearance,20
gp_ei,3,3.56,50,33,cellular_clearance,20
gp_ei,4,2.96,50,33,cellular_clearance,20
graph_refined_ei,1,5.395,50,33,cellular_clearance,20
graph_refined_ei,2,3.29,50,33,cellular_clearance,20
graph_refined_ei,3,3.045,50,33,cellular_clearance,20
graph_refined_ei,4,2.565,50,33,cellular_clearance,20
option2,1,5.4,50,33,cellular_clearance,20
option2,2,3.25,50,33,cellular_clearance,20
option2,3,3.05,50,33,cellular_clearance,20
option2,4,2.61,50,33,cellular_clearance,20
random,1,11.313666666666668,50,33,cellular_clearance,20
random,2,7.922000000000001,50,33,cellular_clearance,20
random,3,6.2410000000000005,50,33,cellular_clearance,20
random,4,5.217666666666666,50,33,cellular_clearance,20
control,1,10.28125,40,34,permeability,20
control,2,6.8625,40,34,permeability,20
control,3,5.575,40,34,permeability,20
control,4,4.1875,40,34,permeability,20
delta_greedy,1,12.99375,40,34,permeability,20
delta_greedy,2,7.8,40,34,permeability,20
delta_greedy,3,6.85625,40,34,permeability,20
delta_greedy,4,5.8125,40,34,permeability,20
gp_ei,1,8.25625,40,34,permeability,20
gp_ei,2,5.15,40,34,permeability,20
gp_ei,3,4.30625,40,34,permeability,20
gp_ei,4,3.35625,40,34,permeability,20
graph_refined_ei,1,10.45,40,34,permeability,20
graph_refined_ei,2,7.01875,40,34,permeability,20
graph_refined_ei,3,5.68125,40,34,permeability,20
graph_refined_ei,4,4.4,40,34,permeability,20
option2,1,10.2,40,34,permeability,20
option2,2,6.78125,40,34,permeability,20
option2,3,5.6125,40,34,permeability,20
option2,4,4.3875,40,34,permeability,20
random,1,14.9125,40,34,permeability,20
random,2,10.066666666666666,40,34,permeability,20
random,3,7.3725,40,34,permeability,20
random,4,6.04,40,34,permeability,20
control,1,7.961538461538462,26,25,efflux,20
control,2,5.826923076923077,26,25,efflux,20
control,3,4.423076923076923,26,25,efflux,20
control,4,3.4903846153846154,26,25,efflux,20
delta_greedy,1,9.298076923076923,26,25,efflux,20
delta_greedy,2,7.086538461538462,26,25,efflux,20
delta_greedy,3,5.509615384615385,26,25,efflux,20
delta_greedy,4,4.038461538461538,26,25,efflux,20
gp_ei,1,6.144230769230769,26,25,efflux,20
gp_ei,2,3.7211538461538463,26,25,efflux,20
gp_ei,3,3.048076923076923,26,25,efflux,20
gp_ei,4,2.3653846153846154,26,25,efflux,20
graph_refined_ei,1,7.721153846153846,26,25,efflux,20
graph_refined_ei,2,5.6923076923076925,26,25,efflux,20
graph_refined_ei,3,4.490384615384615,26,25,efflux,20
graph_refined_ei,4,3.5576923076923075,26,25,efflux,20
option2,1,8.192307692307692,26,25,efflux,20
option2,2,5.855769230769231,26,25,efflux,20
option2,3,4.413461538461538,26,25,efflux,20
option2,4,3.451923076923077,26,25,efflux,20
random,1,11.91025641025641,26,25,efflux,20
random,2,7.855769230769231,26,25,efflux,20
random,3,6.065544871794872,26,25,efflux,20
random,4,4.901350732600733,26,25,efflux,20
control,1,6.496341463414634,205,129,all,25
control,2,4.443902439024391,205,129,all,25
control,3,3.4695121951219514,205,129,all,25
control,4,2.9402439024390246,205,129,all,25
delta_greedy,1,9.240243902439024,205,129,all,25
delta_greedy,2,6.132926829268293,205,129,all,25
delta_greedy,3,4.684146341463415,205,129,all,25
delta_greedy,4,3.728048780487805,205,129,all,25
gp_ei,1,6.270731707317073,205,129,all,25
gp_ei,2,4.262195121951219,205,129,all,25
gp_ei,3,3.273170731707317,205,129,all,25
gp_ei,4,2.7756097560975608,205,129,all,25
graph_refined_ei,1,6.545121951219512,205,129,all,25
graph_refined_ei,2,4.418292682926829,205,129,all,25
graph_refined_ei,3,3.4341463414634146,205,129,all,25
graph_refined_ei,4,2.921951219512195,205,129,all,25
option2,1,6.4939024390243905,205,129,all,25
option2,2,4.408536585365853,205,129,all,25
option2,3,3.426829268292683,205,129,all,25
option2,4,2.9182926829268294,205,129,all,25
random,1,13.16303011803012,205,129,all,25
random,2,9.151160199330931,205,129,all,25
random,3,7.176184220025683,205,129,all,25
random,4,5.978974356718259,205,129,all,25
control,1,5.151785714285714,112,71,microsomal_clearance,25
control,2,3.7924107142857144,112,71,microsomal_clearance,25
control,3,2.875,112,71,microsomal_clearance,25
control,4,2.6026785714285716,112,71,microsomal_clearance,25
delta_greedy,1,7.53125,112,71,microsomal_clearance,25
delta_greedy,2,5.098214285714286,112,71,microsomal_clearance,25
delta_greedy,3,3.9575892857142856,112,71,microsomal_clearance,25
delta_greedy,4,3.154017857142857,112,71,microsomal_clearance,25
gp_ei,1,5.446428571428571,112,71,microsomal_clearance,25
gp_ei,2,4.0,112,71,microsomal_clearance,25
gp_ei,3,2.924107142857143,112,71,microsomal_clearance,25
gp_ei,4,2.6205357142857144,112,71,microsomal_clearance,25
graph_refined_ei,1,5.229910714285714,112,71,microsomal_clearance,25
graph_refined_ei,2,3.7544642857142856,112,71,microsomal_clearance,25
graph_refined_ei,3,2.7879464285714284,112,71,microsomal_clearance,25
graph_refined_ei,4,2.533482142857143,112,71,microsomal_clearance,25
option2,1,5.131696428571429,112,71,microsomal_clearance,25
option2,2,3.7700892857142856,112,71,microsomal_clearance,25
option2,3,2.8058035714285716,112,71,microsomal_clearance,25
option2,4,2.53125,112,71,microsomal_clearance,25
random,1,11.36373072198965,112,71,microsomal_clearance,25
random,2,8.172361674370602,112,71,microsomal_clearance,25
random,3,6.627055938439867,112,71,microsomal_clearance,25
random,4,5.62652938166331,112,71,microsomal_clearance,25
control,1,10.6,5,3,in_vivo_clearance,25
control,2,6.45,5,3,in_vivo_clearance,25
control,3,5.35,5,3,in_vivo_clearance,25
control,4,5.05,5,3,in_vivo_clearance,25
delta_greedy,1,13.75,5,3,in_vivo_clearance,25
delta_greedy,2,11.05,5,3,in_vivo_clearance,25
delta_greedy,3,4.75,5,3,in_vivo_clearance,25
delta_greedy,4,4.05,5,3,in_vivo_clearance,25
gp_ei,1,10.4,5,3,in_vivo_clearance,25
gp_ei,2,8.8,5,3,in_vivo_clearance,25
gp_ei,3,5.65,5,3,in_vivo_clearance,25
gp_ei,4,5.15,5,3,in_vivo_clearance,25
graph_refined_ei,1,10.8,5,3,in_vivo_clearance,25
graph_refined_ei,2,6.65,5,3,in_vivo_clearance,25
graph_refined_ei,3,5.5,5,3,in_vivo_clearance,25
graph_refined_ei,4,5.25,5,3,in_vivo_clearance,25
option2,1,10.5,5,3,in_vivo_clearance,25
option2,2,6.7,5,3,in_vivo_clearance,25
option2,3,5.6,5,3,in_vivo_clearance,25
option2,4,5.35,5,3,in_vivo_clearance,25
random,1,15.4,5,3,in_vivo_clearance,25
random,2,10.266666666666666,5,3,in_vivo_clearance,25
random,3,7.7,5,3,in_vivo_clearance,25
random,4,5.886666666666667,5,3,in_vivo_clearance,25
control,1,4.316666666666666,15,11,protein_binding,25
control,2,2.5,15,11,protein_binding,25
control,3,2.1,15,11,protein_binding,25
control,4,1.9666666666666666,15,11,protein_binding,25
delta_greedy,1,8.483333333333333,15,11,protein_binding,25
delta_greedy,2,5.2,15,11,protein_binding,25
delta_greedy,3,3.716666666666667,15,11,protein_binding,25
delta_greedy,4,3.1,15,11,protein_binding,25
gp_ei,1,5.033333333333333,15,11,protein_binding,25
gp_ei,2,2.6166666666666667,15,11,protein_binding,25
gp_ei,3,1.75,15,11,protein_binding,25
gp_ei,4,1.6833333333333333,15,11,protein_binding,25
graph_refined_ei,1,4.333333333333333,15,11,protein_binding,25
graph_refined_ei,2,2.5,15,11,protein_binding,25
graph_refined_ei,3,2.066666666666667,15,11,protein_binding,25
graph_refined_ei,4,1.9333333333333333,15,11,protein_binding,25
option2,1,4.416666666666667,15,11,protein_binding,25
option2,2,2.55,15,11,protein_binding,25
option2,3,2.1166666666666667,15,11,protein_binding,25
option2,4,1.9666666666666666,15,11,protein_binding,25
random,1,18.266666666666666,15,11,protein_binding,25
random,2,11.822222222222223,15,11,protein_binding,25
random,3,9.023333333333333,15,11,protein_binding,25
random,4,7.306666666666667,15,11,protein_binding,25
control,1,5.612903225806452,31,24,cellular_clearance,25
control,2,3.596774193548387,31,24,cellular_clearance,25
control,3,3.25,31,24,cellular_clearance,25
control,4,2.7096774193548385,31,24,cellular_clearance,25
delta_greedy,1,8.516129032258064,31,24,cellular_clearance,25
delta_greedy,2,6.048387096774194,31,24,cellular_clearance,25
delta_greedy,3,3.7338709677419355,31,24,cellular_clearance,25
delta_greedy,4,3.088709677419355,31,24,cellular_clearance,25
gp_ei,1,6.435483870967742,31,24,cellular_clearance,25
gp_ei,2,4.741935483870968,31,24,cellular_clearance,25
gp_ei,3,4.338709677419355,31,24,cellular_clearance,25
gp_ei,4,3.443548387096774,31,24,cellular_clearance,25
graph_refined_ei,1,5.580645161290323,31,24,cellular_clearance,25
graph_refined_ei,2,3.532258064516129,31,24,cellular_clearance,25
graph_refined_ei,3,3.2096774193548385,31,24,cellular_clearance,25
graph_refined_ei,4,2.596774193548387,31,24,cellular_clearance,25
option2,1,5.532258064516129,31,24,cellular_clearance,25
option2,2,3.4919354838709675,31,24,cellular_clearance,25
option2,3,3.1693548387096775,31,24,cellular_clearance,25
option2,4,2.6370967741935485,31,24,cellular_clearance,25
random,1,13.376881720430108,31,24,cellular_clearance,25
random,2,9.465591397849462,31,24,cellular_clearance,25
random,3,7.318817204301075,31,24,cellular_clearance,25
random,4,6.169354838709677,31,24,cellular_clearance,25
control,1,12.510416666666666,24,21,permeability,25
control,2,7.84375,24,21,permeability,25
control,3,6.09375,24,21,permeability,25
control,4,4.53125,24,21,permeability,25
delta_greedy,1,16.385416666666668,24,21,permeability,25
delta_greedy,2,9.395833333333334,24,21,permeability,25
delta_greedy,3,8.770833333333334,24,21,permeability,25
delta_greedy,4,7.302083333333333,24,21,permeability,25
gp_ei,1,9.25,24,21,permeability,25
gp_ei,2,5.09375,24,21,permeability,25
gp_ei,3,4.03125,24,21,permeability,25
gp_ei,4,3.1666666666666665,24,21,permeability,25
graph_refined_ei,1,12.8125,24,21,permeability,25
graph_refined_ei,2,7.96875,24,21,permeability,25
graph_refined_ei,3,6.1875,24,21,permeability,25
graph_refined_ei,4,4.802083333333333,24,21,permeability,25
option2,1,12.510416666666666,24,21,permeability,25
option2,2,7.729166666666667,24,21,permeability,25
option2,3,6.166666666666667,24,21,permeability,25
option2,4,4.822916666666667,24,21,permeability,25
random,1,17.84722222222222,24,21,permeability,25
random,2,12.013888888888891,24,21,permeability,25
random,3,8.893749999999999,24,21,permeability,25
random,4,7.208333333333333,24,21,permeability,25
control,1,9.041666666666666,18,18,efflux,25
control,2,6.486111111111111,18,18,efflux,25
control,3,4.666666666666667,18,18,efflux,25
control,4,3.5416666666666665,18,18,efflux,25
delta_greedy,1,10.972222222222221,18,18,efflux,25
delta_greedy,2,7.777777777777778,18,18,efflux,25
delta_greedy,3,6.180555555555555,18,18,efflux,25
delta_greedy,4,4.069444444444445,18,18,efflux,25
gp_ei,1,7.027777777777778,18,18,efflux,25
gp_ei,2,4.069444444444445,18,18,efflux,25
gp_ei,3,3.2083333333333335,18,18,efflux,25
gp_ei,4,2.3194444444444446,18,18,efflux,25
graph_refined_ei,1,8.694444444444445,18,18,efflux,25
graph_refined_ei,2,6.319444444444445,18,18,efflux,25
graph_refined_ei,3,4.736111111111111,18,18,efflux,25
graph_refined_ei,4,3.5694444444444446,18,18,efflux,25
option2,1,9.222222222222221,18,18,efflux,25
option2,2,6.444444444444445,18,18,efflux,25
option2,3,4.569444444444445,18,18,efflux,25
option2,4,3.388888888888889,18,18,efflux,25
random,1,12.87037037037037,18,18,efflux,25
random,2,8.347222222222221,18,18,efflux,25
random,3,6.3724537037037035,18,18,efflux,25
random,4,5.124173280423281,18,18,efflux,25
control,1,6.29375,120,76,all,30
control,2,4.366666666666666,120,76,all,30
control,3,3.404166666666667,120,76,all,30
control,4,2.9541666666666666,120,76,all,30
delta_greedy,1,8.875,120,76,all,30
delta_greedy,2,5.883333333333334,120,76,all,30
delta_greedy,3,4.46875,120,76,all,30
delta_greedy,4,3.745833333333333,120,76,all,30
gp_ei,1,6.295833333333333,120,76,all,30
gp_ei,2,4.483333333333333,120,76,all,30
gp_ei,3,3.4270833333333335,120,76,all,30
gp_ei,4,2.9270833333333335,120,76,all,30
graph_refined_ei,1,6.320833333333334,120,76,all,30
graph_refined_ei,2,4.345833333333333,120,76,all,30
graph_refined_ei,3,3.3354166666666667,120,76,all,30
graph_refined_ei,4,2.89375,120,76,all,30
option2,1,6.210416666666666,120,76,all,30
option2,2,4.347916666666666,120,76,all,30
option2,3,3.3875,120,76,all,30
option2,4,2.9541666666666666,120,76,all,30
random,1,14.717696623592456,120,76,all,30
random,2,10.34477995692579,120,76,all,30
random,3,8.215966825612659,120,76,all,30
random,4,6.855316642462475,120,76,all,30
control,1,4.834507042253521,71,45,microsomal_clearance,30
control,2,3.566901408450704,71,45,microsomal_clearance,30
control,3,2.591549295774648,71,45,microsomal_clearance,30
control,4,2.415492957746479,71,45,microsomal_clearance,30
delta_greedy,1,7.461267605633803,71,45,microsomal_clearance,30
delta_greedy,2,4.929577464788732,71,45,microsomal_clearance,30
delta_greedy,3,3.823943661971831,71,45,microsomal_clearance,30
delta_greedy,4,3.0316901408450705,71,45,microsomal_clearance,30
gp_ei,1,5.630281690140845,71,45,microsomal_clearance,30
gp_ei,2,4.066901408450704,71,45,microsomal_clearance,30
gp_ei,3,2.816901408450704,71,45,microsomal_clearance,30
gp_ei,4,2.5,71,45,microsomal_clearance,30
graph_refined_ei,1,4.834507042253521,71,45,microsomal_clearance,30
graph_refined_ei,2,3.507042253521127,71,45,microsomal_clearance,30
graph_refined_ei,3,2.454225352112676,71,45,microsomal_clearance,30
graph_refined_ei,4,2.288732394366197,71,45,microsomal_clearance,30
option2,1,4.732394366197183,71,45,microsomal_clearance,30
option2,2,3.538732394366197,71,45,microsomal_clearance,30
option2,3,2.5246478873239435,71,45,microsomal_clearance,30
option2,4,2.3556338028169015,71,45,microsomal_clearance,30
random,1,12.813712603254857,71,45,microsomal_clearance,30
random,2,9.32310227461636,71,45,microsomal_clearance,30
random,3,7.542009658312475,71,45,microsomal_clearance,30
random,4,6.439066357481851,71,45,microsomal_clearance,30
control,1,18.875,2,2,in_vivo_clearance,30
control,2,11.875,2,2,in_vivo_clearance,30
control,3,9.875,2,2,in_vivo_clearance,30
control,4,9.125,2,2,in_vivo_clearance,30
delta_greedy,1,13.25,2,2,in_vivo_clearance,30
delta_greedy,2,13.25,2,2,in_vivo_clearance,30
delta_greedy,3,4.75,2,2,in_vivo_clearance,30
delta_greedy,4,4.75,2,2,in_vivo_clearance,30
gp_ei,1,13.625,2,2,in_vivo_clearance,30
gp_ei,2,12.0,2,2,in_vivo_clearance,30
gp_ei,3,7.875,2,2,in_vivo_clearance,30
gp_ei,4,7.0,2,2,in_vivo_clearance,30
graph_refined_ei,1,18.75,2,2,in_vivo_clearance,30
graph_refined_ei,2,12.125,2,2,in_vivo_clearance,30
graph_refined_ei,3,10.125,2,2,in_vivo_clearance,30
graph_refined_ei,4,9.5,2,2,in_vivo_clearance,30
option2,1,18.625,2,2,in_vivo_clearance,30
option2,2,12.375,2,2,in_vivo_clearance,30
option2,3,10.375,2,2,in_vivo_clearance,30
option2,4,9.75,2,2,in_vivo_clearance,30
random,1,18.5,2,2,in_vivo_clearance,30
random,2,12.333333333333332,2,2,in_vivo_clearance,30
random,3,9.25,2,2,in_vivo_clearance,30
random,4,6.716666666666667,2,2,in_vivo_clearance,30
control,1,4.472222222222222,9,7,protein_binding,30
control,2,3.5,9,7,protein_binding,30
control,3,2.8333333333333335,9,7,protein_binding,30
control,4,2.611111111111111,9,7,protein_binding,30
delta_greedy,1,8.972222222222221,9,7,protein_binding,30
delta_greedy,2,5.222222222222222,9,7,protein_binding,30
delta_greedy,3,2.75,9,7,protein_binding,30
delta_greedy,4,2.388888888888889,9,7,protein_binding,30
gp_ei,1,4.944444444444445,9,7,protein_binding,30
gp_ei,2,3.388888888888889,9,7,protein_binding,30
gp_ei,3,1.9444444444444444,9,7,protein_binding,30
gp_ei,4,1.8333333333333333,9,7,protein_binding,30
graph_refined_ei,1,4.5,9,7,protein_binding,30
graph_refined_ei,2,3.5,9,7,protein_binding,30
graph_refined_ei,3,2.7777777777777777,9,7,protein_binding,30
graph_refined_ei,4,2.5555555555555554,9,7,protein_binding,30
option2,1,4.666666666666667,9,7,protein_binding,30
option2,2,3.5833333333333335,9,7,protein_binding,30
option2,3,2.861111111111111,9,7,protein_binding,30
option2,4,2.611111111111111,9,7,protein_binding,30
random,1,21.333333333333332,9,7,protein_binding,30
random,2,13.87962962962963,9,7,protein_binding,30
random,3,10.483333333333333,9,7,protein_binding,30
random,4,8.533333333333333,9,7,protein_binding,30
control,1,6.1125,20,15,cellular_clearance,30
control,2,3.8875,20,15,cellular_clearance,30
control,3,3.5625,20,15,cellular_clearance,30
control,4,3.05,20,15,cellular_clearance,30
delta_greedy,1,7.075,20,15,cellular_clearance,30
delta_greedy,2,6.0875,20,15,cellular_clearance,30
delta_greedy,3,4.15,20,15,cellular_clearance,30
delta_greedy,4,3.9,20,15,cellular_clearance,30
gp_ei,1,6.5875,20,15,cellular_clearance,30
gp_ei,2,5.65,20,15,cellular_clearance,30
gp_ei,3,5.35,20,15,cellular_clearance,30
gp_ei,4,4.45,20,15,cellular_clearance,30
graph_refined_ei,1,5.95,20,15,cellular_clearance,30
graph_refined_ei,2,3.65,20,15,cellular_clearance,30
graph_refined_ei,3,3.3875,20,15,cellular_clearance,30
graph_refined_ei,4,2.8375,20,15,cellular_clearance,30
option2,1,5.9,20,15,cellular_clearance,30
option2,2,3.775,20,15,cellular_clearance,30
option2,3,3.5,20,15,cellular_clearance,30
option2,4,2.9625,20,15,cellular_clearance,30
random,1,13.5675,20,15,cellular_clearance,30
random,2,9.754999999999999,20,15,cellular_clearance,30
random,3,7.791666666666667,20,15,cellular_clearance,30
random,4,6.657500000000001,20,15,cellular_clearance,30
control,1,13.75,13,12,permeability,30
control,2,8.538461538461538,13,12,permeability,30
control,3,6.826923076923077,13,12,permeability,30
control,4,5.076923076923077,13,12,permeability,30
delta_greedy,1,19.21153846153846,13,12,permeability,30
delta_greedy,2,10.653846153846153,13,12,permeability,30
delta_greedy,3,10.26923076923077,13,12,permeability,30
delta_greedy,4,9.01923076923077,13,12,permeability,30
gp_ei,1,10.115384615384615,13,12,permeability,30
gp_ei,2,5.173076923076923,13,12,permeability,30
gp_ei,3,4.480769230769231,13,12,permeability,30
gp_ei,4,3.480769230769231,13,12,permeability,30
graph_refined_ei,1,14.173076923076923,13,12,permeability,30
graph_refined_ei,2,8.961538461538462,13,12,permeability,30
graph_refined_ei,3,7.211538461538462,13,12,permeability,30
graph_refined_ei,4,5.519230769230769,13,12,permeability,30
option2,1,13.73076923076923,13,12,permeability,30
option2,2,8.51923076923077,13,12,permeability,30
option2,3,7.134615384615385,13,12,permeability,30
option2,4,5.538461538461538,13,12,permeability,30
random,1,21.73076923076923,13,12,permeability,30
random,2,14.487179487179487,13,12,permeability,30
random,3,10.865384615384615,13,12,permeability,30
random,4,8.692307692307692,13,12,permeability,30
control,1,6.6,5,5,efflux,30
control,2,5.35,5,5,efflux,30
control,3,3.85,5,5,efflux,30
control,4,2.85,5,5,efflux,30
delta_greedy,1,7.35,5,5,efflux,30
delta_greedy,2,4.45,5,5,efflux,30
delta_greedy,3,2.8,5,5,efflux,30
delta_greedy,4,1.6,5,5,efflux,30
gp_ei,1,4.15,5,5,efflux,30
gp_ei,2,2.9,5,5,efflux,30
gp_ei,3,2.55,5,5,efflux,30
gp_ei,4,1.8,5,5,efflux,30
graph_refined_ei,1,6.8,5,5,efflux,30
graph_refined_ei,2,5.45,5,5,efflux,30
graph_refined_ei,3,3.85,5,5,efflux,30
graph_refined_ei,4,2.85,5,5,efflux,30
option2,1,6.7,5,5,efflux,30
option2,2,5.45,5,5,efflux,30
option2,3,3.6,5,5,efflux,30
option2,4,2.6,5,5,efflux,30
random,1,14.7,5,5,efflux,30
random,2,9.283333333333335,5,5,efflux,30
random,3,8.1,5,5,efflux,30
random,4,5.816190476190476,5,5,efflux,30
control,1,6.223333333333334,75,50,all,35
control,2,4.346666666666667,75,50,all,35
control,3,3.37,75,50,all,35
control,4,3.013333333333333,75,50,all,35
delta_greedy,1,10.67,75,50,all,35
delta_greedy,2,6.976666666666667,75,50,all,35
delta_greedy,3,5.0,75,50,all,35
delta_greedy,4,4.48,75,50,all,35
gp_ei,1,6.75,75,50,all,35
gp_ei,2,4.696666666666666,75,50,all,35
gp_ei,3,3.5733333333333333,75,50,all,35
gp_ei,4,3.1666666666666665,75,50,all,35
graph_refined_ei,1,6.326666666666667,75,50,all,35
graph_refined_ei,2,4.446666666666666,75,50,all,35
graph_refined_ei,3,3.3766666666666665,75,50,all,35
graph_refined_ei,4,3.026666666666667,75,50,all,35
option2,1,6.273333333333333,75,50,all,35
option2,2,4.403333333333333,75,50,all,35
option2,3,3.4033333333333333,75,50,all,35
option2,4,3.0566666666666666,75,50,all,35
random,1,16.983818871252208,75,50,all,35
random,2,11.863818871252205,75,50,all,35
random,3,9.396384527817862,75,50,all,35
random,4,7.9070194484527825,75,50,all,35
control,1,4.907608695652174,46,31,microsomal_clearance,35
control,2,3.6739130434782608,46,31,microsomal_clearance,35
control,3,2.619565217391304,46,31,microsomal_clearance,35
control,4,2.5652173913043477,46,31,microsomal_clearance,35
delta_greedy,1,8.66304347826087,46,31,microsomal_clearance,35
delta_greedy,2,5.423913043478261,46,31,microsomal_clearance,35
delta_greedy,3,3.9239130434782608,46,31,microsomal_clearance,35
delta_greedy,4,3.385869565217391,46,31,microsomal_clearance,35
gp_ei,1,5.967391304347826,46,31,microsomal_clearance,35
gp_ei,2,4.358695652173913,46,31,microsomal_clearance,35
gp_ei,3,2.9456521739130435,46,31,microsomal_clearance,35
gp_ei,4,2.7717391304347827,46,31,microsomal_clearance,35
graph_refined_ei,1,4.907608695652174,46,31,microsomal_clearance,35
graph_refined_ei,2,3.6684782608695654,46,31,microsomal_clearance,35
graph_refined_ei,3,2.467391304347826,46,31,microsomal_clearance,35
graph_refined_ei,4,2.4456521739130435,46,31,microsomal_clearance,35
option2,1,4.961956521739131,46,31,microsomal_clearance,35
option2,2,3.7065217391304346,46,31,microsomal_clearance,35
option2,3,2.527173913043478,46,31,microsomal_clearance,35
option2,4,2.5,46,31,microsomal_clearance,35
random,1,15.078431389463997,46,31,microsomal_clearance,35
random,2,10.730605302507476,46,31,microsomal_clearance,35
random,3,8.72428119183554,46,31,microsomal_clearance,35
random,4,7.5695710469080035,46,31,microsomal_clearance,35
control,1,12.75,1,1,in_vivo_clearance,35
control,2,11.5,1,1,in_vivo_clearance,35
control,3,9.75,1,1,in_vivo_clearance,35
control,4,9.25,1,1,in_vivo_clearance,35
delta_greedy,1,23.0,1,1,in_vivo_clearance,35
delta_greedy,2,23.0,1,1,in_vivo_clearance,35
delta_greedy,3,6.0,1,1,in_vivo_clearance,35
delta_greedy,4,6.0,1,1,in_vivo_clearance,35
gp_ei,1,9.0,1,1,in_vivo_clearance,35
gp_ei,2,9.0,1,1,in_vivo_clearance,35
gp_ei,3,2.0,1,1,in_vivo_clearance,35
gp_ei,4,2.0,1,1,in_vivo_clearance,35
graph_refined_ei,1,13.0,1,1,in_vivo_clearance,35
graph_refined_ei,2,11.25,1,1,in_vivo_clearance,35
graph_refined_ei,3,9.75,1,1,in_vivo_clearance,35
graph_refined_ei,4,9.25,1,1,in_vivo_clearance,35
option2,1,12.75,1,1,in_vivo_clearance,35
option2,2,11.5,1,1,in_vivo_clearance,35
option2,3,9.75,1,1,in_vivo_clearance,35
option2,4,9.25,1,1,in_vivo_clearance,35
random,1,20.5,1,1,in_vivo_clearance,35
random,2,13.666666666666666,1,1,in_vivo_clearance,35
random,3,10.25,1,1,in_vivo_clearance,35
random,4,6.833333333333333,1,1,in_vivo_clearance,35
control,1,4.916666666666667,6,5,protein_binding,35
control,2,3.4583333333333335,6,5,protein_binding,35
control,3,3.2083333333333335,6,5,protein_binding,35
control,4,2.875,6,5,protein_binding,35
delta_greedy,1,11.291666666666666,6,5,protein_binding,35
delta_greedy,2,5.833333333333333,6,5,protein_binding,35
delta_greedy,3,3.2916666666666665,6,5,protein_binding,35
delta_greedy,4,2.9166666666666665,6,5,protein_binding,35
gp_ei,1,4.708333333333333,6,5,protein_binding,35
gp_ei,2,2.375,6,5,protein_binding,35
gp_ei,3,1.75,6,5,protein_binding,35
gp_ei,4,1.5833333333333333,6,5,protein_binding,35
graph_refined_ei,1,4.958333333333333,6,5,protein_binding,35
graph_refined_ei,2,3.4583333333333335,6,5,protein_binding,35
graph_refined_ei,3,3.125,6,5,protein_binding,35
graph_refined_ei,4,2.7916666666666665,6,5,protein_binding,35
option2,1,5.125,6,5,protein_binding,35
option2,2,3.5,6,5,protein_binding,35
option2,3,3.25,6,5,protein_binding,35
option2,4,2.875,6,5,protein_binding,35
random,1,23.583333333333332,6,5,protein_binding,35
random,2,15.208333333333334,6,5,protein_binding,35
random,3,11.791666666666666,6,5,protein_binding,35
random,4,9.433333333333332,6,5,protein_binding,35
control,1,4.596153846153846,13,9,cellular_clearance,35
control,2,3.5576923076923075,13,9,cellular_clearance,35
control,3,3.2884615384615383,13,9,cellular_clearance,35
control,4,2.9038461538461537,13,9,cellular_clearance,35
delta_greedy,1,9.01923076923077,13,9,cellular_clearance,35
delta_greedy,2,7.5,13,9,cellular_clearance,35
delta_greedy,3,4.519230769230769,13,9,cellular_clearance,35
delta_greedy,4,4.519230769230769,13,9,cellular_clearance,35
gp_ei,1,6.269230769230769,13,9,cellular_clearance,35
gp_ei,2,5.730769230769231,13,9,cellular_clearance,35
gp_ei,3,5.269230769230769,13,9,cellular_clearance,35
gp_ei,4,4.576923076923077,13,9,cellular_clearance,35
graph_refined_ei,1,4.365384615384615,13,9,cellular_clearance,35
graph_refined_ei,2,3.4615384615384617,13,9,cellular_clearance,35
graph_refined_ei,3,3.2884615384615383,13,9,cellular_clearance,35
graph_refined_ei,4,2.8846153846153846,13,9,cellular_clearance,35
option2,1,4.3076923076923075,13,9,cellular_clearance,35
option2,2,3.4615384615384617,13,9,cellular_clearance,35
option2,3,3.269230769230769,13,9,cellular_clearance,35
option2,4,2.8461538461538463,13,9,cellular_clearance,35
random,1,14.898351648351648,13,9,cellular_clearance,35
random,2,10.891941391941392,13,9,cellular_clearance,35
random,3,8.473992673992674,13,9,cellular_clearance,35
random,4,7.2214285714285715,13,9,cellular_clearance,35
control,1,16.46875,8,7,permeability,35
control,2,8.90625,8,7,permeability,35
control,3,7.0625,8,7,permeability,35
control,4,5.34375,8,7,permeability,35
delta_greedy,1,22.6875,8,7,permeability,35
delta_greedy,2,13.25,8,7,permeability,35
delta_greedy,3,13.25,8,7,permeability,35
delta_greedy,4,12.0,8,7,permeability,35
gp_ei,1,13.46875,8,7,permeability,35
gp_ei,2,6.09375,8,7,permeability,35
gp_ei,3,5.84375,8,7,permeability,35
gp_ei,4,4.75,8,7,permeability,35
graph_refined_ei,1,17.6875,8,7,permeability,35
graph_refined_ei,2,10.0,8,7,permeability,35
graph_refined_ei,3,8.0625,8,7,permeability,35
graph_refined_ei,4,6.25,8,7,permeability,35
option2,1,16.90625,8,7,permeability,35
option2,2,9.34375,8,7,permeability,35
option2,3,7.90625,8,7,permeability,35
option2,4,6.21875,8,7,permeability,35
random,1,25.5625,8,7,permeability,35
random,2,17.041666666666668,8,7,permeability,35
random,3,12.78125,8,7,permeability,35
random,4,10.225,8,7,permeability,35
control,1,7.25,1,1,efflux,35
control,2,7.25,1,1,efflux,35
control,3,4.0,1,1,efflux,35
control,4,1.0,1,1,efflux,35
delta_greedy,1,12.25,1,1,efflux,35
delta_greedy,2,12.25,1,1,efflux,35
delta_greedy,3,4.0,1,1,efflux,35
delta_greedy,4,2.0,1,1,efflux,35
gp_ei,1,5.25,1,1,efflux,35
gp_ei,2,5.25,1,1,efflux,35
gp_ei,3,4.75,1,1,efflux,35
gp_ei,4,1.0,1,1,efflux,35
graph_refined_ei,1,7.75,1,1,efflux,35
graph_refined_ei,2,7.75,1,1,efflux,35
graph_refined_ei,3,4.0,1,1,efflux,35
graph_refined_ei,4,1.0,1,1,efflux,35
option2,1,7.5,1,1,efflux,35
option2,2,7.5,1,1,efflux,35
option2,3,4.0,1,1,efflux,35
option2,4,1.0,1,1,efflux,35
random,1,20.0,1,1,efflux,35
random,2,13.333333333333334,1,1,efflux,35
random,3,10.0,1,1,efflux,35
random,4,5.714285714285714,1,1,efflux,35
control,1,6.668269230769231,52,34,all,40
control,2,4.625,52,34,all,40
control,3,3.3846153846153846,52,34,all,40
control,4,2.9375,52,34,all,40
delta_greedy,1,10.725961538461538,52,34,all,40
delta_greedy,2,7.043269230769231,52,34,all,40
delta_greedy,3,5.052884615384615,52,34,all,40
delta_greedy,4,4.471153846153846,52,34,all,40
gp_ei,1,6.456730769230769,52,34,all,40
gp_ei,2,4.673076923076923,52,34,all,40
gp_ei,3,3.389423076923077,52,34,all,40
gp_ei,4,3.110576923076923,52,34,all,40
graph_refined_ei,1,6.865384615384615,52,34,all,40
graph_refined_ei,2,4.778846153846154,52,34,all,40
graph_refined_ei,3,3.5288461538461537,52,34,all,40
graph_refined_ei,4,3.0625,52,34,all,40
option2,1,6.697115384615385,52,34,all,40
option2,2,4.673076923076923,52,34,all,40
option2,3,3.5288461538461537,52,34,all,40
option2,4,3.0721153846153846,52,34,all,40
random,1,17.93884132071632,52,34,all,40
random,2,12.442046448921449,52,34,all,40
random,3,9.900875120250122,52,34,all,40
random,4,8.323906255781255,52,34,all,40
control,1,5.0234375,32,21,microsomal_clearance,40
control,2,3.578125,32,21,microsomal_clearance,40
control,3,2.3359375,32,21,microsomal_clearance,40
control,4,2.3359375,32,21,microsomal_clearance,40
delta_greedy,1,8.796875,32,21,microsomal_clearance,40
delta_greedy,2,5.046875,32,21,microsomal_clearance,40
delta_greedy,3,3.4140625,32,21,microsomal_clearance,40
delta_greedy,4,2.90625,32,21,microsomal_clearance,40
gp_ei,1,5.8359375,32,21,microsomal_clearance,40
gp_ei,2,4.5703125,32,21,microsomal_clearance,40
gp_ei,3,2.828125,32,21,microsomal_clearance,40
gp_ei,4,2.8046875,32,21,microsomal_clearance,40
graph_refined_ei,1,5.0859375,32,21,microsomal_clearance,40
graph_refined_ei,2,3.5703125,32,21,microsomal_clearance,40
graph_refined_ei,3,2.3203125,32,21,microsomal_clearance,40
graph_refined_ei,4,2.3203125,32,21,microsomal_clearance,40
option2,1,5.0625,32,21,microsomal_clearance,40
option2,2,3.5703125,32,21,microsomal_clearance,40
option2,3,2.359375,32,21,microsomal_clearance,40
option2,4,2.359375,32,21,microsomal_clearance,40
random,1,16.04607845568783,32,21,microsomal_clearance,40
random,2,11.12420345568783,32,21,microsomal_clearance,40
random,3,9.104175046596922,32,21,microsomal_clearance,40
random,4,7.963029213263589,32,21,microsomal_clearance,40
control,1,12.75,1,1,in_vivo_clearance,40
control,2,11.5,1,1,in_vivo_clearance,40
control,3,9.75,1,1,in_vivo_clearance,40
control,4,9.25,1,1,in_vivo_clearance,40
delta_greedy,1,23.0,1,1,in_vivo_clearance,40
delta_greedy,2,23.0,1,1,in_vivo_clearance,40
delta_greedy,3,6.0,1,1,in_vivo_clearance,40
delta_greedy,4,6.0,1,1,in_vivo_clearance,40
gp_ei,1,9.0,1,1,in_vivo_clearance,40
gp_ei,2,9.0,1,1,in_vivo_clearance,40
gp_ei,3,2.0,1,1,in_vivo_clearance,40
gp_ei,4,2.0,1,1,in_vivo_clearance,40
graph_refined_ei,1,13.0,1,1,in_vivo_clearance,40
graph_refined_ei,2,11.25,1,1,in_vivo_clearance,40
graph_refined_ei,3,9.75,1,1,in_vivo_clearance,40
graph_refined_ei,4,9.25,1,1,in_vivo_clearance,40
option2,1,12.75,1,1,in_vivo_clearance,40
option2,2,11.5,1,1,in_vivo_clearance,40
option2,3,9.75,1,1,in_vivo_clearance,40
option2,4,9.25,1,1,in_vivo_clearance,40
random,1,20.5,1,1,in_vivo_clearance,40
random,2,13.666666666666666,1,1,in_vivo_clearance,40
random,3,10.25,1,1,in_vivo_clearance,40
random,4,6.833333333333333,1,1,in_vivo_clearance,40
control,1,6.25,2,2,protein_binding,40
control,2,6.25,2,2,protein_binding,40
control,3,5.5,2,2,protein_binding,40
control,4,5.0,2,2,protein_binding,40
delta_greedy,1,13.25,2,2,protein_binding,40
delta_greedy,2,13.25,2,2,protein_binding,40
delta_greedy,3,5.625,2,2,protein_binding,40
delta_greedy,4,4.625,2,2,protein_binding,40
gp_ei,1,2.75,2,2,protein_binding,40
gp_ei,2,2.75,2,2,protein_binding,40
gp_ei,3,2.0,2,2,protein_binding,40
gp_ei,4,1.5,2,2,protein_binding,40
graph_refined_ei,1,6.375,2,2,protein_binding,40
graph_refined_ei,2,6.25,2,2,protein_binding,40
graph_refined_ei,3,5.25,2,2,protein_binding,40
graph_refined_ei,4,4.75,2,2,protein_binding,40
option2,1,6.375,2,2,protein_binding,40
option2,2,6.375,2,2,protein_binding,40
option2,3,5.625,2,2,protein_binding,40
option2,4,5.0,2,2,protein_binding,40
random,1,32.75,2,2,protein_binding,40
random,2,21.833333333333332,2,2,protein_binding,40
random,3,16.375,2,2,protein_binding,40
random,4,13.1,2,2,protein_binding,40
control,1,4.777777777777778,9,6,cellular_clearance,40
control,2,3.638888888888889,9,6,cellular_clearance,40
control,3,3.25,9,6,cellular_clearance,40
control,4,2.6944444444444446,9,6,cellular_clearance,40
delta_greedy,1,7.555555555555555,9,6,cellular_clearance,40
delta_greedy,2,5.527777777777778,9,6,cellular_clearance,40
delta_greedy,3,4.333333333333333,9,6,cellular_clearance,40
delta_greedy,4,4.333333333333333,9,6,cellular_clearance,40
gp_ei,1,4.722222222222222,9,6,cellular_clearance,40
gp_ei,2,4.5,9,6,cellular_clearance,40
gp_ei,3,4.5,9,6,cellular_clearance,40
gp_ei,4,4.472222222222222,9,6,cellular_clearance,40
graph_refined_ei,1,4.444444444444445,9,6,cellular_clearance,40
graph_refined_ei,2,3.5,9,6,cellular_clearance,40
graph_refined_ei,3,3.25,9,6,cellular_clearance,40
graph_refined_ei,4,2.6666666666666665,9,6,cellular_clearance,40
option2,1,4.361111111111111,9,6,cellular_clearance,40
option2,2,3.5,9,6,cellular_clearance,40
option2,3,3.2222222222222223,9,6,cellular_clearance,40
option2,4,2.611111111111111,9,6,cellular_clearance,40
random,1,14.093915343915345,9,6,cellular_clearance,40
random,2,10.667989417989418,9,6,cellular_clearance,40
random,3,8.584656084656084,9,6,cellular_clearance,40
random,4,7.186507936507937,9,6,cellular_clearance,40
control,1,15.785714285714286,7,6,permeability,40
control,2,8.857142857142858,7,6,permeability,40
control,3,6.75,7,6,permeability,40
control,4,4.785714285714286,7,6,permeability,40
delta_greedy,1,20.928571428571427,7,6,permeability,40
delta_greedy,2,13.321428571428571,7,6,permeability,40
delta_greedy,3,13.321428571428571,7,6,permeability,40
delta_greedy,4,11.892857142857142,7,6,permeability,40
gp_ei,1,12.392857142857142,7,6,permeability,40
gp_ei,2,5.214285714285714,7,6,permeability,40
gp_ei,3,4.928571428571429,7,6,permeability,40
gp_ei,4,3.6785714285714284,7,6,permeability,40
graph_refined_ei,1,17.25,7,6,permeability,40
graph_refined_ei,2,10.178571428571429,7,6,permeability,40
graph_refined_ei,3,7.964285714285714,7,6,permeability,40
graph_refined_ei,4,5.892857142857143,7,6,permeability,40
option2,1,16.285714285714285,7,6,permeability,40
option2,2,9.357142857142858,7,6,permeability,40
option2,3,7.714285714285714,7,6,permeability,40
option2,4,5.785714285714286,7,6,permeability,40
random,1,26.642857142857142,7,6,permeability,40
random,2,17.761904761904763,7,6,permeability,40
random,3,13.321428571428571,7,6,permeability,40
random,4,10.657142857142857,7,6,permeability,40
control,1,7.25,1,1,efflux,40
control,2,7.25,1,1,efflux,40
control,3,4.0,1,1,efflux,40
control,4,1.0,1,1,efflux,40
delta_greedy,1,12.25,1,1,efflux,40
delta_greedy,2,12.25,1,1,efflux,40
delta_greedy,3,4.0,1,1,efflux,40
delta_greedy,4,2.0,1,1,efflux,40
gp_ei,1,5.25,1,1,efflux,40
gp_ei,2,5.25,1,1,efflux,40
gp_ei,3,4.75,1,1,efflux,40
gp_ei,4,1.0,1,1,efflux,40
graph_refined_ei,1,7.75,1,1,efflux,40
graph_refined_ei,2,7.75,1,1,efflux,40
graph_refined_ei,3,4.0,1,1,efflux,40
graph_refined_ei,4,1.0,1,1,efflux,40
option2,1,7.5,1,1,efflux,40
option2,2,7.5,1,1,efflux,40
option2,3,4.0,1,1,efflux,40
option2,4,1.0,1,1,efflux,40
random,1,20.0,1,1,efflux,40
random,2,13.333333333333334,1,1,efflux,40
random,3,10.0,1,1,efflux,40
random,4,5.714285714285714,1,1,efflux,40
control,1,6.691666666666666,30,20,all,45
control,2,4.35,30,20,all,45
control,3,3.841666666666667,30,20,all,45
control,4,3.308333333333333,30,20,all,45
delta_greedy,1,11.308333333333334,30,20,all,45
delta_greedy,2,6.275,30,20,all,45
delta_greedy,3,5.733333333333333,30,20,all,45
delta_greedy,4,5.15,30,20,all,45
gp_ei,1,5.908333333333333,30,20,all,45
gp_ei,2,4.075,30,20,all,45
gp_ei,3,3.8916666666666666,30,20,all,45
gp_ei,4,3.75,30,20,all,45
graph_refined_ei,1,6.65,30,20,all,45
graph_refined_ei,2,4.325,30,20,all,45
graph_refined_ei,3,3.8583333333333334,30,20,all,45
graph_refined_ei,4,3.308333333333333,30,20,all,45
option2,1,6.483333333333333,30,20,all,45
option2,2,4.225,30,20,all,45
option2,3,3.85,30,20,all,45
option2,4,3.308333333333333,30,20,all,45
random,1,19.794670634920635,30,20,all,45
random,2,13.622448412698413,30,20,all,45
random,3,11.1513373015873,30,20,all,45
random,4,9.535781746031747,30,20,all,45
control,1,3.8194444444444446,18,11,microsomal_clearance,45
control,2,2.9027777777777777,18,11,microsomal_clearance,45
control,3,2.7916666666666665,18,11,microsomal_clearance,45
control,4,2.7916666666666665,18,11,microsomal_clearance,45
delta_greedy,1,9.069444444444445,18,11,microsomal_clearance,45
delta_greedy,2,4.277777777777778,18,11,microsomal_clearance,45
delta_greedy,3,3.8333333333333335,18,11,microsomal_clearance,45
delta_greedy,4,3.0277777777777777,18,11,microsomal_clearance,45
gp_ei,1,3.875,18,11,microsomal_clearance,45
gp_ei,2,3.3472222222222223,18,11,microsomal_clearance,45
gp_ei,3,3.1527777777777777,18,11,microsomal_clearance,45
gp_ei,4,3.111111111111111,18,11,microsomal_clearance,45
graph_refined_ei,1,3.7777777777777777,18,11,microsomal_clearance,45
graph_refined_ei,2,2.8333333333333335,18,11,microsomal_clearance,45
graph_refined_ei,3,2.7777777777777777,18,11,microsomal_clearance,45
graph_refined_ei,4,2.7777777777777777,18,11,microsomal_clearance,45
option2,1,3.8055555555555554,18,11,microsomal_clearance,45
option2,2,2.9305555555555554,18,11,microsomal_clearance,45
option2,3,2.8194444444444446,18,11,microsomal_clearance,45
option2,4,2.8194444444444446,18,11,microsomal_clearance,45
random,1,18.268234126984126,18,11,microsomal_clearance,45
random,2,12.499715608465609,18,11,microsomal_clearance,45
random,3,10.64045634920635,18,11,microsomal_clearance,45
random,4,9.303419312169313,18,11,microsomal_clearance,45
control,1,2.0,1,1,protein_binding,45
control,2,2.0,1,1,protein_binding,45
control,3,2.0,1,1,protein_binding,45
control,4,1.0,1,1,protein_binding,45
delta_greedy,1,5.0,1,1,protein_binding,45
delta_greedy,2,5.0,1,1,protein_binding,45
delta_greedy,3,5.0,1,1,protein_binding,45
delta_greedy,4,3.0,1,1,protein_binding,45
gp_ei,1,4.5,1,1,protein_binding,45
gp_ei,2,4.5,1,1,protein_binding,45
gp_ei,3,3.0,1,1,protein_binding,45
gp_ei,4,2.0,1,1,protein_binding,45
graph_refined_ei,1,2.25,1,1,protein_binding,45
graph_refined_ei,2,2.0,1,1,protein_binding,45
graph_refined_ei,3,2.0,1,1,protein_binding,45
graph_refined_ei,4,1.0,1,1,protein_binding,45
option2,1,2.25,1,1,protein_binding,45
option2,2,2.25,1,1,protein_binding,45
option2,3,2.25,1,1,protein_binding,45
option2,4,1.0,1,1,protein_binding,45
random,1,45.5,1,1,protein_binding,45
random,2,30.333333333333332,1,1,protein_binding,45
random,3,22.75,1,1,protein_binding,45
random,4,18.2,1,1,protein_binding,45
control,1,5.285714285714286,7,5,cellular_clearance,45
control,2,4.392857142857143,7,5,cellular_clearance,45
control,3,3.892857142857143,7,5,cellular_clearance,45
control,4,3.1785714285714284,7,5,cellular_clearance,45
delta_greedy,1,8.464285714285714,7,5,cellular_clearance,45
delta_greedy,2,5.857142857142857,7,5,cellular_clearance,45
delta_greedy,3,4.678571428571429,7,5,cellular_clearance,45
delta_greedy,4,4.678571428571429,7,5,cellular_clearance,45
gp_ei,1,5.392857142857143,7,5,cellular_clearance,45
gp_ei,2,5.107142857142857,7,5,cellular_clearance,45
gp_ei,3,5.107142857142857,7,5,cellular_clearance,45
gp_ei,4,5.071428571428571,7,5,cellular_clearance,45
graph_refined_ei,1,4.928571428571429,7,5,cellular_clearance,45
graph_refined_ei,2,4.214285714285714,7,5,cellular_clearance,45
graph_refined_ei,3,3.892857142857143,7,5,cellular_clearance,45
graph_refined_ei,4,3.142857142857143,7,5,cellular_clearance,45
option2,1,4.964285714285714,7,5,cellular_clearance,45
option2,2,4.214285714285714,7,5,cellular_clearance,45
option2,3,3.857142857142857,7,5,cellular_clearance,45
option2,4,3.0714285714285716,7,5,cellular_clearance,45
random,1,13.358843537414966,7,5,cellular_clearance,45
random,2,9.906462585034015,7,5,cellular_clearance,45
random,3,8.180272108843537,7,5,cellular_clearance,45
random,4,7.144557823129252,7,5,cellular_clearance,45
control,1,23.25,4,4,permeability,45
control,2,11.375,4,4,permeability,45
control,3,8.9375,4,4,permeability,45
control,4,6.4375,4,4,permeability,45
delta_greedy,1,27.9375,4,4,permeability,45
delta_greedy,2,16.3125,4,4,permeability,45
delta_greedy,3,16.3125,4,4,permeability,45
delta_greedy,4,16.0625,4,4,permeability,45
gp_ei,1,16.3125,4,4,permeability,45
gp_ei,2,5.4375,4,4,permeability,45
gp_ei,3,5.3125,4,4,permeability,45
gp_ei,4,4.75,4,4,permeability,45
graph_refined_ei,1,23.6875,4,4,permeability,45
graph_refined_ei,2,11.8125,4,4,permeability,45
graph_refined_ei,3,9.125,4,4,permeability,45
graph_refined_ei,4,6.5625,4,4,permeability,45
option2,1,22.25,4,4,permeability,45
option2,2,10.5625,4,4,permeability,45
option2,3,8.875,4,4,permeability,45
option2,4,6.5,4,4,permeability,45
random,1,31.5,4,4,permeability,45
random,2,21.0,4,4,permeability,45
random,3,15.75,4,4,permeability,45
random,4,12.6,4,4,permeability,45
control,1,8.05,20,14,all,50
control,2,5.0125,20,14,all,50
control,3,4.3875,20,14,all,50
control,4,3.8375,20,14,all,50
delta_greedy,1,13.575,20,14,all,50
delta_greedy,2,7.1375,20,14,all,50
delta_greedy,3,6.8375,20,14,all,50
delta_greedy,4,5.9625,20,14,all,50
gp_ei,1,6.725,20,14,all,50
gp_ei,2,4.225,20,14,all,50
gp_ei,3,4.025,20,14,all,50
gp_ei,4,3.85,20,14,all,50
graph_refined_ei,1,8.1125,20,14,all,50
graph_refined_ei,2,5.075,20,14,all,50
graph_refined_ei,3,4.4125,20,14,all,50
graph_refined_ei,4,3.85,20,14,all,50
option2,1,7.85,20,14,all,50
option2,2,4.8875,20,14,all,50
option2,3,4.4125,20,14,all,50
option2,4,3.875,20,14,all,50
random,1,23.88069642857143,20,14,all,50
random,2,15.789029761904763,20,14,all,50
random,3,12.780696428571428,20,14,all,50
random,4,10.707363095238096,20,14,all,50
control,1,4.196428571428571,14,8,microsomal_clearance,50
control,2,3.3214285714285716,14,8,microsomal_clearance,50
control,3,3.25,14,8,microsomal_clearance,50
control,4,3.25,14,8,microsomal_clearance,50
delta_greedy,1,10.410714285714286,14,8,microsomal_clearance,50
delta_greedy,2,4.535714285714286,14,8,microsomal_clearance,50
delta_greedy,3,4.321428571428571,14,8,microsomal_clearance,50
delta_greedy,4,3.2857142857142856,14,8,microsomal_clearance,50
gp_ei,1,3.5535714285714284,14,8,microsomal_clearance,50
gp_ei,2,3.1964285714285716,14,8,microsomal_clearance,50
gp_ei,3,3.0535714285714284,14,8,microsomal_clearance,50
gp_ei,4,3.0535714285714284,14,8,microsomal_clearance,50
graph_refined_ei,1,4.160714285714286,14,8,microsomal_clearance,50
graph_refined_ei,2,3.3035714285714284,14,8,microsomal_clearance,50
graph_refined_ei,3,3.232142857142857,14,8,microsomal_clearance,50
graph_refined_ei,4,3.232142857142857,14,8,microsomal_clearance,50
option2,1,4.178571428571429,14,8,microsomal_clearance,50
option2,2,3.357142857142857,14,8,microsomal_clearance,50
option2,3,3.2857142857142856,14,8,microsomal_clearance,50
option2,4,3.2857142857142856,14,8,microsomal_clearance,50
random,1,20.043852040816326,14,8,microsomal_clearance,50
random,2,13.174804421768709,14,8,microsomal_clearance,50
random,3,11.222423469387754,14,8,microsomal_clearance,50
random,4,9.66766156462585,14,8,microsomal_clearance,50
control,1,2.0,1,1,protein_binding,50
control,2,2.0,1,1,protein_binding,50
control,3,2.0,1,1,protein_binding,50
control,4,1.0,1,1,protein_binding,50
delta_greedy,1,5.0,1,1,protein_binding,50
delta_greedy,2,5.0,1,1,protein_binding,50
delta_greedy,3,5.0,1,1,protein_binding,50
delta_greedy,4,3.0,1,1,protein_binding,50
gp_ei,1,4.5,1,1,protein_binding,50
gp_ei,2,4.5,1,1,protein_binding,50
gp_ei,3,3.0,1,1,protein_binding,50
gp_ei,4,2.0,1,1,protein_binding,50
graph_refined_ei,1,2.25,1,1,protein_binding,50
graph_refined_ei,2,2.0,1,1,protein_binding,50
graph_refined_ei,3,2.0,1,1,protein_binding,50
graph_refined_ei,4,1.0,1,1,protein_binding,50
option2,1,2.25,1,1,protein_binding,50
option2,2,2.25,1,1,protein_binding,50
option2,3,2.25,1,1,protein_binding,50
option2,4,1.0,1,1,protein_binding,50
random,1,45.5,1,1,protein_binding,50
random,2,30.333333333333332,1,1,protein_binding,50
random,3,22.75,1,1,protein_binding,50
random,4,18.2,1,1,protein_binding,50
control,1,7.25,1,1,cellular_clearance,50
control,2,6.25,1,1,cellular_clearance,50
control,3,4.5,1,1,cellular_clearance,50
control,4,4.5,1,1,cellular_clearance,50
delta_greedy,1,9.0,1,1,cellular_clearance,50
delta_greedy,2,9.0,1,1,cellular_clearance,50
delta_greedy,3,6.0,1,1,cellular_clearance,50
delta_greedy,4,6.0,1,1,cellular_clearance,50
gp_ei,1,15.0,1,1,cellular_clearance,50
gp_ei,2,13.5,1,1,cellular_clearance,50
gp_ei,3,13.5,1,1,cellular_clearance,50
gp_ei,4,13.25,1,1,cellular_clearance,50
graph_refined_ei,1,7.0,1,1,cellular_clearance,50
graph_refined_ei,2,6.0,1,1,cellular_clearance,50
graph_refined_ei,3,4.5,1,1,cellular_clearance,50
graph_refined_ei,4,4.5,1,1,cellular_clearance,50
option2,1,7.25,1,1,cellular_clearance,50
option2,2,6.25,1,1,cellular_clearance,50
option2,3,4.5,1,1,cellular_clearance,50
option2,4,4.5,1,1,cellular_clearance,50
random,1,25.5,1,1,cellular_clearance,50
random,2,17.0,1,1,cellular_clearance,50
random,3,12.75,1,1,cellular_clearance,50
random,4,10.2,1,1,cellular_clearance,50
control,1,23.25,4,4,permeability,50
control,2,11.375,4,4,permeability,50
control,3,8.9375,4,4,permeability,50
control,4,6.4375,4,4,permeability,50
delta_greedy,1,27.9375,4,4,permeability,50
delta_greedy,2,16.3125,4,4,permeability,50
delta_greedy,3,16.3125,4,4,permeability,50
delta_greedy,4,16.0625,4,4,permeability,50
gp_ei,1,16.3125,4,4,permeability,50
gp_ei,2,5.4375,4,4,permeability,50
gp_ei,3,5.3125,4,4,permeability,50
gp_ei,4,4.75,4,4,permeability,50
graph_refined_ei,1,23.6875,4,4,permeability,50
graph_refined_ei,2,11.8125,4,4,permeability,50
graph_refined_ei,3,9.125,4,4,permeability,50
graph_refined_ei,4,6.5625,4,4,permeability,50
option2,1,22.25,4,4,permeability,50
option2,2,10.5625,4,4,permeability,50
option2,3,8.875,4,4,permeability,50
option2,4,6.5,4,4,permeability,50
random,1,31.5,4,4,permeability,50
random,2,21.0,4,4,permeability,50
random,3,15.75,4,4,permeability,50
random,4,12.6,4,4,permeability,50
