endpoint,species,minimum_pool_size,arm,pools,groups,top1_purchases,top2_purchases,top3_purchases,top4_purchases
Equal endpoint mean,All,3,pooled_ei,4625,2011,2.7837474209256245,1.8577282721078447,1.1530631816177133,0.8139039990685816
Equal endpoint mean,All,3,pooled_inputs,4625,2011,2.7945707596490172,1.8656211021487088,1.1474445657979124,0.8068194214789822
Equal endpoint mean,All,3,species_ei,4625,2011,2.8868259872411,1.9243112287876993,1.1851837524748967,0.8333304878926572
Equal endpoint mean,All,3,species_inputs,4625,2011,2.8422763681090633,1.9038370054125586,1.1612112928867238,0.8254139692093067
Equal endpoint mean,All,5,pooled_ei,2501,1209,3.768883675079943,2.485299850983509,1.9278972209385932,1.452674607235261
Equal endpoint mean,All,5,pooled_inputs,2501,1209,3.8095102388933415,2.498599250640702,1.9099491447965768,1.4353918231460465
Equal endpoint mean,All,5,species_ei,2501,1209,3.920536917556938,2.6031945209324543,1.98609100536756,1.4887547604287101
Equal endpoint mean,All,5,species_inputs,2501,1209,3.865713061498404,2.563127867815463,1.933259317963268,1.466649450465556
Equal endpoint mean,All,10,pooled_ei,1132,630,5.48808783813724,3.504230907101555,2.7025985743360494,2.2274475042066095
Equal endpoint mean,All,10,pooled_inputs,1132,630,5.638094662093941,3.6021222311191075,2.714567466608296,2.203027438412506
Equal endpoint mean,All,10,species_ei,1132,630,5.766798271044826,3.718651233747501,2.8222123866771107,2.286415960643556
Equal endpoint mean,All,10,species_inputs,1132,630,5.683153014792222,3.7183040140694743,2.7773111614217942,2.2782663291642415
Equal endpoint mean,All,15,pooled_ei,580,334,7.200127713661566,4.33930160165328,3.331934390312482,2.716178138663876
Equal endpoint mean,All,15,pooled_inputs,580,334,7.487244706674226,4.647665706651737,3.4711084596003374,2.7847633698318535
Equal endpoint mean,All,15,species_ei,580,334,7.262047438534309,4.633888210298863,3.525632706351704,2.8146828176155725
Equal endpoint mean,All,15,species_inputs,580,334,7.278034460993042,4.725944003863417,3.5503945713970437,2.886560697321562
Equal endpoint mean,All,20,pooled_ei,329,197,8.555768010339639,5.009133454976152,3.7685288421524383,3.1690270775312914
Equal endpoint mean,All,20,pooled_inputs,329,197,8.959610476220961,5.473410593862372,4.070342500560198,3.38914140444103
Equal endpoint mean,All,20,species_ei,329,197,8.154891535153707,5.408204914796674,4.008879872381745,3.2873684937097867
Equal endpoint mean,All,20,species_inputs,329,197,8.49140234029045,5.757477131950446,4.196326173479732,3.5181218522253155
Equal endpoint mean,All,25,pooled_ei,205,129,9.489498972378676,5.69902455979405,4.252122358053138,3.653392394891051
Equal endpoint mean,All,25,pooled_inputs,205,129,10.341649332223929,6.304689900153609,4.756367785316038,4.057334780537065
Equal endpoint mean,All,25,species_ei,205,129,9.440755852819025,6.246861576918701,4.5277537762416795,3.6339598623200775
Equal endpoint mean,All,25,species_inputs,205,129,9.734754579848667,6.829918892586903,4.850802362462309,4.107226773624623
Equal endpoint mean,All,30,pooled_ei,120,76,7.937709996923612,5.295416348996161,4.225062530931075,3.7344919111057604
Equal endpoint mean,All,30,pooled_inputs,120,76,8.881180697671308,5.731856750665436,4.288361305057314,3.8114960776052325
Equal endpoint mean,All,30,species_ei,120,76,8.28907965838717,6.1949649224883965,5.043589492797239,4.1235282659871855
Equal endpoint mean,All,30,species_inputs,120,76,9.686038799272367,7.019714798764093,4.9834648322030946,4.365764733223654
Equal endpoint mean,All,35,pooled_ei,75,50,9.36267883686362,7.078239192369627,5.1071588938436765,4.49904388083736
Equal endpoint mean,All,35,pooled_inputs,75,50,10.730287300260125,7.928401384243776,5.293247940666419,4.6968424842066145
Equal endpoint mean,All,35,species_ei,75,50,8.733258237334324,7.100473801560759,5.458112690449647,4.167796977579587
Equal endpoint mean,All,35,species_inputs,75,50,10.790836352657005,8.18375874829679,5.357807274247492,4.376745788430571
Equal endpoint mean,All,40,pooled_ei,52,34,8.751867008377424,7.122733410493827,5.060667438271605,4.348193617724869
Equal endpoint mean,All,40,pooled_inputs,52,34,9.567467206790122,7.9678819444444455,5.151351686507936,4.425533234126984
Equal endpoint mean,All,40,species_ei,52,34,7.776337907848325,6.457217261904762,5.0856343694885355,3.9035769400352733
Equal endpoint mean,All,40,species_inputs,52,34,9.655926201499119,7.617283950617285,4.803385416666667,4.053633432539683
