endpoint,criterion,subset,recipe,size,validation_nll,validation_r2,validation_rho
microsomal_clearance,raw_nll,MIC+PPB,shared_mean_context,2,0.6601227794366904,0.3479757408727088,0.35887635398980233
microsomal_clearance,r2,MIC+PPB,shared_mean_context,2,0.6601227794366904,0.3479757408727088,0.35887635398980233
microsomal_clearance,rho,MIC+CLC,shared_mean_context,2,0.6677476398881599,0.34723358543095834,0.3642621833298034
in_vivo_clearance,raw_nll,IVC+PAP+EFF,shared_mean_context,3,0.7592392598541496,0.19661948791426972,0.14823480148648088
in_vivo_clearance,r2,IVC+PPB+PAP+EFF,shared_mean_context,4,0.7602185530781579,0.1999641220543031,0.14390676622211748
in_vivo_clearance,rho,IVC+PPB+PAP+EFF,shared_mean,4,0.7671721213368865,0.19189267973014718,0.14878500243869247
protein_binding,raw_nll,IVC+PPB,shared_mean_context,2,0.7746791575725611,0.4836602098607282,0.43911843330735245
protein_binding,r2,IVC+PPB+EFF,shared_mean_context,3,0.7831603066686338,0.4859222385860966,0.44443137991528775
protein_binding,rho,PPB,shared_mean_context,1,0.7810951405864929,0.4820411489283455,0.4506841816969593
cellular_clearance,raw_nll,MIC+IVC+CLC+PAP,shared_mean_context,4,0.6062956901585147,0.3324162606606863,0.3295725841889168
cellular_clearance,r2,MIC+IVC+CLC+EFF,shared_mean_context,4,0.6145106901033784,0.33255074057646505,0.3277822376975258
cellular_clearance,rho,MIC+PPB+CLC+EFF,shared_mean,4,0.6253135968179255,0.32368481311627517,0.34830289014529914
permeability,raw_nll,MIC+PPB+CLC+PAP+EFF,shared_mean_context,5,0.7284777878631441,0.39731417096944366,0.37526365734153816
permeability,r2,MIC+PPB+PAP+EFF,shared_mean,4,0.7446075132169826,0.3982417017397305,0.38294864796072997
permeability,rho,MIC+IVC+PPB+PAP+EFF,shared_mean_context,5,0.7412708365160319,0.3918940362943495,0.38399610218336777
efflux,raw_nll,IVC+PPB+PAP+EFF,shared_mean,4,0.9044490136397749,0.3453952402202257,0.3882660200309778
efflux,r2,MIC+IVC+PAP+EFF,shared_mean_context,4,0.9125145954107085,0.35311764836554405,0.398031212849841
efflux,rho,IVC+PPB+PAP+EFF,shared_mean_context,4,0.9208823027008078,0.3500002781217788,0.40036658106623346
