method,top_k,mean,pools,groups,endpoint,minimum_pool_size
analytic_ei,1,2.506,4625,2011,all,3
analytic_ei,2,1.7215135135135136,4625,2011,all,3
analytic_ei,3,1.0652432432432433,4625,2011,all,3
analytic_ei,4,0.7631891891891892,4625,2011,all,3
imitate_ei,1,2.503189189189189,4625,2011,all,3
imitate_ei,2,1.7176036036036038,4625,2011,all,3
imitate_ei,3,1.0640180180180179,4625,2011,all,3
imitate_ei,4,0.7628828828828829,4625,2011,all,3
ingredients,1,2.5692072072072074,4625,2011,all,3
ingredients,2,1.7631171171171172,4625,2011,all,3
ingredients,3,1.0989369369369368,4625,2011,all,3
ingredients,4,0.7839279279279279,4625,2011,all,3
moments,1,2.56581981981982,4625,2011,all,3
moments,2,1.7638018018018018,4625,2011,all,3
moments,3,1.0994054054054054,4625,2011,all,3
moments,4,0.7840720720720721,4625,2011,all,3
random,1,3.464042654092654,4625,2011,all,3
random,2,2.34872823967824,4625,2011,all,3
random,3,1.5045340233840232,4625,2011,all,3
random,4,1.084875025925026,4625,2011,all,3
analytic_ei,1,2.4625068418171865,1827,897,microsomal_clearance,3
analytic_ei,2,1.7530103995621238,1827,897,microsomal_clearance,3
analytic_ei,3,1.09168035030104,1827,897,microsomal_clearance,3
analytic_ei,4,0.8342911877394636,1827,897,microsomal_clearance,3
imitate_ei,1,2.4553001277139206,1827,897,microsomal_clearance,3
imitate_ei,2,1.745165115854771,1827,897,microsomal_clearance,3
imitate_ei,3,1.09168035030104,1827,897,microsomal_clearance,3
imitate_ei,4,0.8336982302499544,1827,897,microsomal_clearance,3
ingredients,1,2.492838898011312,1827,897,microsomal_clearance,3
ingredients,2,1.7756340083926292,1827,897,microsomal_clearance,3
ingredients,3,1.1334610472541509,1827,897,microsomal_clearance,3
ingredients,4,0.8588761174968071,1827,897,microsomal_clearance,3
moments,1,2.4973544973544977,1827,897,microsomal_clearance,3
moments,2,1.7781426746943987,1827,897,microsomal_clearance,3
moments,3,1.1338259441707716,1827,897,microsomal_clearance,3
moments,4,0.8603357051632913,1827,897,microsomal_clearance,3
random,1,3.5251902131246684,1827,897,microsomal_clearance,3
random,2,2.478664227251392,1827,897,microsomal_clearance,3
random,3,1.6421491033799462,1827,897,microsomal_clearance,3
random,4,1.2363718696059967,1827,897,microsomal_clearance,3
analytic_ei,1,2.405027932960894,537,399,in_vivo_clearance,3
analytic_ei,2,1.6424581005586592,537,399,in_vivo_clearance,3
analytic_ei,3,0.8808193668528864,537,399,in_vivo_clearance,3
analytic_ei,4,0.5465549348230913,537,399,in_vivo_clearance,3
imitate_ei,1,2.4118559900682808,537,399,in_vivo_clearance,3
imitate_ei,2,1.6426132836747362,537,399,in_vivo_clearance,3
imitate_ei,3,0.8803538175046555,537,399,in_vivo_clearance,3
imitate_ei,4,0.5502793296089385,537,399,in_vivo_clearance,3
ingredients,1,2.511949099937927,537,399,in_vivo_clearance,3
ingredients,2,1.6727188081936686,537,399,in_vivo_clearance,3
ingredients,3,0.9050279329608939,537,399,in_vivo_clearance,3
ingredients,4,0.5524518932340162,537,399,in_vivo_clearance,3
moments,1,2.493171942892613,537,399,in_vivo_clearance,3
moments,2,1.6739602731222842,537,399,in_vivo_clearance,3
moments,3,0.9107697082557418,537,399,in_vivo_clearance,3
moments,4,0.5561762880198635,537,399,in_vivo_clearance,3
random,1,2.7454996896337676,537,399,in_vivo_clearance,3
random,2,1.808659217877095,537,399,in_vivo_clearance,3
random,3,0.9932029795158287,537,399,in_vivo_clearance,3
random,4,0.617364990689013,537,399,in_vivo_clearance,3
analytic_ei,1,2.099715909090909,880,355,protein_binding,3
analytic_ei,2,1.3991477272727273,880,355,protein_binding,3
analytic_ei,3,0.7553977272727272,880,355,protein_binding,3
analytic_ei,4,0.47698863636363636,880,355,protein_binding,3
imitate_ei,1,2.0993371212121215,880,355,protein_binding,3
imitate_ei,2,1.4010416666666667,880,355,protein_binding,3
imitate_ei,3,0.7556818181818182,880,355,protein_binding,3
imitate_ei,4,0.4772727272727273,880,355,protein_binding,3
ingredients,1,2.103503787878788,880,355,protein_binding,3
ingredients,2,1.4082386363636363,880,355,protein_binding,3
ingredients,3,0.7588068181818182,880,355,protein_binding,3
ingredients,4,0.4851325757575758,880,355,protein_binding,3
moments,1,2.1053977272727273,880,355,protein_binding,3
moments,2,1.412784090909091,880,355,protein_binding,3
moments,3,0.7601325757575758,880,355,protein_binding,3
moments,4,0.484375,880,355,protein_binding,3
random,1,2.9808996212121213,880,355,protein_binding,3
random,2,1.921278409090909,880,355,protein_binding,3
random,3,1.097623106060606,880,355,protein_binding,3
random,4,0.7207440476190475,880,355,protein_binding,3
analytic_ei,1,2.6727099236641223,524,222,cellular_clearance,3
analytic_ei,2,1.838740458015267,524,222,cellular_clearance,3
analytic_ei,3,1.2471374045801527,524,222,cellular_clearance,3
analytic_ei,4,0.9222328244274809,524,222,cellular_clearance,3
imitate_ei,1,2.6695292620865136,524,222,cellular_clearance,3
imitate_ei,2,1.837150127226463,524,222,cellular_clearance,3
imitate_ei,3,1.245706106870229,524,222,cellular_clearance,3
imitate_ei,4,0.9236641221374046,524,222,cellular_clearance,3
ingredients,1,2.8007315521628495,524,222,cellular_clearance,3
ingredients,2,1.9352735368956744,524,222,cellular_clearance,3
ingredients,3,1.2892811704834606,524,222,cellular_clearance,3
ingredients,4,0.9231870229007634,524,222,cellular_clearance,3
moments,1,2.799459287531807,524,222,cellular_clearance,3
moments,2,1.934001272264631,524,222,cellular_clearance,3
moments,3,1.2900763358778626,524,222,cellular_clearance,3
moments,4,0.9281170483460559,524,222,cellular_clearance,3
random,1,3.578021162467727,524,222,cellular_clearance,3
random,2,2.4859092031801953,524,222,cellular_clearance,3
random,3,1.654516073409203,524,222,cellular_clearance,3
random,4,1.222275524517891,524,222,cellular_clearance,3
analytic_ei,1,3.04796511627907,516,376,permeability,3
analytic_ei,2,2.000968992248062,516,376,permeability,3
analytic_ei,3,1.3347868217054264,516,376,permeability,3
analytic_ei,4,0.9447674418604651,516,376,permeability,3
imitate_ei,1,3.0424741602067185,516,376,permeability,3
imitate_ei,2,1.9877260981912146,516,376,permeability,3
imitate_ei,3,1.3262273901808785,516,376,permeability,3
imitate_ei,4,0.937015503875969,516,376,permeability,3
ingredients,1,3.2267441860465116,516,376,permeability,3
ingredients,2,2.09140826873385,516,376,permeability,3
ingredients,3,1.3922803617571058,516,376,permeability,3
ingredients,4,1.0025839793281655,516,376,permeability,3
moments,1,3.2010658914728682,516,376,permeability,3
moments,2,2.083171834625323,516,376,permeability,3
moments,3,1.3880813953488371,516,376,permeability,3
moments,4,0.9958010335917313,516,376,permeability,3
random,1,4.265503875968992,516,376,permeability,3
random,2,2.80109819121447,516,376,permeability,3
random,3,1.8519864341085268,516,376,permeability,3
random,4,1.340889165743817,516,376,permeability,3
analytic_ei,1,2.8702346041055717,341,251,efflux,3
analytic_ei,2,1.906158357771261,341,251,efflux,3
analytic_ei,3,1.3262463343108504,341,251,efflux,3
analytic_ei,4,0.9428152492668622,341,251,efflux,3
imitate_ei,1,2.874144672531769,341,251,efflux,3
imitate_ei,2,1.9125122189638317,341,251,efflux,3
imitate_ei,3,1.3247800586510263,341,251,efflux,3
imitate_ei,4,0.944770283479961,341,251,efflux,3
ingredients,1,2.919599217986315,341,251,efflux,3
ingredients,2,1.9929130009775171,341,251,efflux,3
ingredients,3,1.3607038123167154,341,251,efflux,3
ingredients,4,0.9731182795698924,341,251,efflux,3
moments,1,2.9149560117302054,341,251,efflux,3
moments,2,1.9894916911045941,341,251,efflux,3
moments,3,1.3577712609970674,341,251,efflux,3
moments,4,0.9660312805474096,341,251,efflux,3
random,1,4.126881720430108,341,251,efflux,3
random,2,2.710822510822511,341,251,efflux,3
random,3,1.866315807848066,341,251,efflux,3
random,4,1.3505708001675742,341,251,efflux,3
analytic_ei,1,3.3814474210315875,2501,1209,all,5
analytic_ei,2,2.29328268692523,2501,1209,all,5
analytic_ei,3,1.8222710915633746,2501,1209,all,5
analytic_ei,4,1.4113354658136745,2501,1209,all,5
imitate_ei,1,3.3750166600026654,2501,1209,all,5
imitate_ei,2,2.286018925763028,2501,1209,all,5
imitate_ei,3,1.8200053312008528,2501,1209,all,5
imitate_ei,4,1.410769025723044,2501,1209,all,5
ingredients,1,3.486272157803545,2501,1209,all,5
ingredients,2,2.3649206983873117,2501,1209,all,5
ingredients,3,1.88457950153272,2501,1209,all,5
ingredients,4,1.4496867919498866,2501,1209,all,5
moments,1,3.4817406370785022,2501,1209,all,5
moments,2,2.3652538984406237,2501,1209,all,5
moments,3,1.8854458216713315,2501,1209,all,5
moments,4,1.4499533519925363,2501,1209,all,5
random,1,5.01723868126557,2501,1209,all,5
random,2,3.4235778122798317,2501,1209,all,5
random,3,2.6346340896245932,2501,1209,all,5
random,4,2.0062163114367233,2501,1209,all,5
analytic_ei,1,3.3255182625863773,1013,531,microsomal_clearance,5
analytic_ei,2,2.320582428430405,1013,531,microsomal_clearance,5
analytic_ei,3,1.8408193484698914,1013,531,microsomal_clearance,5
analytic_ei,4,1.5046890424481738,1013,531,microsomal_clearance,5
imitate_ei,1,3.312849621586048,1013,531,microsomal_clearance,5
imitate_ei,2,2.306268509378085,1013,531,microsomal_clearance,5
imitate_ei,3,1.8408193484698914,1013,531,microsomal_clearance,5
imitate_ei,4,1.5036196117143799,1013,531,microsomal_clearance,5
ingredients,1,3.3854886475814414,1013,531,microsomal_clearance,5
ingredients,2,2.361632115827575,1013,531,microsomal_clearance,5
ingredients,3,1.9161730832510693,1013,531,microsomal_clearance,5
ingredients,4,1.5490292859493255,1013,531,microsomal_clearance,5
moments,1,3.395113524185587,1013,531,microsomal_clearance,5
moments,2,2.366732477788746,1013,531,microsomal_clearance,5
moments,3,1.9168311944718657,1013,531,microsomal_clearance,5
moments,4,1.5516617308325107,1013,531,microsomal_clearance,5
random,1,5.089278564704281,1013,531,microsomal_clearance,5
random,2,3.6025201150262847,1013,531,microsomal_clearance,5
random,3,2.833619360192657,1013,531,microsomal_clearance,5
random,4,2.2298631843733028,1013,531,microsomal_clearance,5
analytic_ei,1,3.482532751091703,229,179,in_vivo_clearance,5
analytic_ei,2,2.37882096069869,229,179,in_vivo_clearance,5
analytic_ei,3,1.8002183406113537,229,179,in_vivo_clearance,5
analytic_ei,4,1.2816593886462881,229,179,in_vivo_clearance,5
imitate_ei,1,3.4963609898107713,229,179,in_vivo_clearance,5
imitate_ei,2,2.381004366812227,229,179,in_vivo_clearance,5
imitate_ei,3,1.7991266375545851,229,179,in_vivo_clearance,5
imitate_ei,4,1.2903930131004366,229,179,in_vivo_clearance,5
ingredients,1,3.6648471615720526,229,179,in_vivo_clearance,5
ingredients,2,2.438864628820961,229,179,in_vivo_clearance,5
ingredients,3,1.8569868995633187,229,179,in_vivo_clearance,5
ingredients,4,1.2954876273653566,229,179,in_vivo_clearance,5
moments,1,3.6353711790393013,229,179,in_vivo_clearance,5
moments,2,2.4363173216885006,229,179,in_vivo_clearance,5
moments,3,1.8704512372634643,229,179,in_vivo_clearance,5
moments,4,1.304221251819505,229,179,in_vivo_clearance,5
random,1,4.164483260553129,229,179,in_vivo_clearance,5
random,2,2.749636098981077,229,179,in_vivo_clearance,5
random,3,2.0637554585152835,229,179,in_vivo_clearance,5
random,4,1.4477074235807859,229,179,in_vivo_clearance,5
analytic_ei,1,2.773002421307506,413,183,protein_binding,5
analytic_ei,2,1.8383777239709442,413,183,protein_binding,5
analytic_ei,3,1.431598062953995,413,183,protein_binding,5
analytic_ei,4,1.0163438256658595,413,183,protein_binding,5
imitate_ei,1,2.7681598062953996,413,183,protein_binding,5
imitate_ei,2,1.842816787732042,413,183,protein_binding,5
imitate_ei,3,1.4322033898305084,413,183,protein_binding,5
imitate_ei,4,1.0169491525423728,413,183,protein_binding,5
ingredients,1,2.8002421307506054,413,183,protein_binding,5
ingredients,2,1.8577481840193704,413,183,protein_binding,5
ingredients,3,1.438861985472155,413,183,protein_binding,5
ingredients,4,1.0336965294592413,413,183,protein_binding,5
moments,1,2.801452784503632,413,183,protein_binding,5
moments,2,1.864003228410008,413,183,protein_binding,5
moments,3,1.441686844229217,413,183,protein_binding,5
moments,4,1.0320823244552058,413,183,protein_binding,5
random,1,4.46817998385795,413,183,protein_binding,5
random,2,2.904499596448749,413,183,protein_binding,5
random,3,2.1607949959644874,413,183,protein_binding,5
random,4,1.5357258157500286,413,183,protein_binding,5
analytic_ei,1,3.576923076923077,299,155,cellular_clearance,5
analytic_ei,2,2.419732441471572,299,155,cellular_clearance,5
analytic_ei,3,2.0535117056856187,299,155,cellular_clearance,5
analytic_ei,4,1.6162207357859533,299,155,cellular_clearance,5
imitate_ei,1,3.5707915273132667,299,155,cellular_clearance,5
imitate_ei,2,2.415830546265329,299,155,cellular_clearance,5
imitate_ei,3,2.051003344481605,299,155,cellular_clearance,5
imitate_ei,4,1.6187290969899666,299,155,cellular_clearance,5
ingredients,1,3.7689520624303237,299,155,cellular_clearance,5
ingredients,2,2.5766443701226307,299,155,cellular_clearance,5
ingredients,3,2.1273690078037903,299,155,cellular_clearance,5
ingredients,4,1.6178929765886287,299,155,cellular_clearance,5
moments,1,3.7678372352285394,299,155,cellular_clearance,5
moments,2,2.5744147157190636,299,155,cellular_clearance,5
moments,3,2.12876254180602,299,155,cellular_clearance,5
moments,4,1.6265328874024525,299,155,cellular_clearance,5
random,1,5.049218804235526,299,155,cellular_clearance,5
random,2,3.533834188850911,299,155,cellular_clearance,5
random,3,2.7674462289846904,299,155,cellular_clearance,5
random,4,2.1420480764126246,299,155,cellular_clearance,5
analytic_ei,1,3.9976489028213167,319,253,permeability,5
analytic_ei,2,2.5948275862068964,319,253,permeability,5
analytic_ei,3,2.0282131661442007,319,253,permeability,5
analytic_ei,4,1.5282131661442007,319,253,permeability,5
imitate_ei,1,3.9856321839080464,319,253,permeability,5
imitate_ei,2,2.5734064785788924,319,253,permeability,5
imitate_ei,3,2.014367816091954,319,253,permeability,5
imitate_ei,4,1.5156739811912225,319,253,permeability,5
ingredients,1,4.244252873563219,319,253,permeability,5
ingredients,2,2.7324973876698015,319,253,permeability,5
ingredients,3,2.121212121212121,319,253,permeability,5
ingredients,4,1.6217345872518287,319,253,permeability,5
moments,1,4.202194357366771,319,253,permeability,5
moments,2,2.7168234064785786,319,253,permeability,5
moments,3,2.114420062695925,319,253,permeability,5
moments,4,1.610762800417973,319,253,permeability,5
random,1,5.8469174503657255,319,253,permeability,5
random,2,3.849634273772205,319,253,permeability,5
random,3,2.864811912225705,319,253,permeability,5
random,4,2.1689617853410956,319,253,permeability,5
analytic_ei,1,3.512061403508772,228,185,efflux,5
analytic_ei,2,2.3223684210526314,228,185,efflux,5
analytic_ei,3,1.8782894736842106,228,185,efflux,5
analytic_ei,4,1.4100877192982457,228,185,efflux,5
imitate_ei,1,3.517543859649123,228,185,efflux,5
imitate_ei,2,2.331140350877193,228,185,efflux,5
imitate_ei,3,1.8760964912280702,228,185,efflux,5
imitate_ei,4,1.413011695906433,228,185,efflux,5
ingredients,1,3.566154970760234,228,185,efflux,5
ingredients,2,2.432017543859649,228,185,efflux,5
ingredients,3,1.9298245614035088,228,185,efflux,5
ingredients,4,1.455409356725146,228,185,efflux,5
moments,1,3.56140350877193,228,185,efflux,5
moments,2,2.429093567251462,228,185,efflux,5
moments,3,1.9254385964912282,228,185,efflux,5
moments,4,1.4448099415204678,228,185,efflux,5
random,1,5.34546783625731,228,185,efflux,5
random,2,3.50500208855472,228,185,efflux,5
random,3,2.6860249582289057,228,185,efflux,5
random,4,2.0199326441102756,228,185,efflux,5
analytic_ei,1,4.601590106007067,1132,630,all,10
analytic_ei,2,3.095627208480565,1132,630,all,10
analytic_ei,3,2.4659893992932864,1132,630,all,10
analytic_ei,4,2.081934628975265,1132,630,all,10
imitate_ei,1,4.589958775029446,1132,630,all,10
imitate_ei,2,3.083627797408716,1132,630,all,10
imitate_ei,3,2.4642226148409896,1132,630,all,10
imitate_ei,4,2.0811248527679624,1132,630,all,10
ingredients,1,4.760232626619552,1132,630,all,10
ingredients,2,3.2237190812720846,1132,630,all,10
ingredients,3,2.5913574793875145,1132,630,all,10
ingredients,4,2.161955241460542,1132,630,all,10
moments,1,4.757214369846879,1132,630,all,10
moments,2,3.2207744405182566,1132,630,all,10
moments,3,2.5885600706713783,1132,630,all,10
moments,4,2.161881625441696,1132,630,all,10
random,1,7.447269593586952,1132,630,all,10
random,2,5.115544770265398,1132,630,all,10
random,3,3.987388188674628,1132,630,all,10
random,4,3.272980266404516,1132,630,all,10
analytic_ei,1,4.316849816849817,546,318,microsomal_clearance,10
analytic_ei,2,3.027930402930403,546,318,microsomal_clearance,10
analytic_ei,3,2.3672161172161172,546,318,microsomal_clearance,10
analytic_ei,4,2.063644688644689,546,318,microsomal_clearance,10
imitate_ei,1,4.296550671550671,546,318,microsomal_clearance,10
imitate_ei,2,3.007936507936508,546,318,microsomal_clearance,10
imitate_ei,3,2.370115995115995,546,318,microsomal_clearance,10
imitate_ei,4,2.0645604395604398,546,318,microsomal_clearance,10
ingredients,1,4.341727716727717,546,318,microsomal_clearance,10
ingredients,2,3.0273199023199027,546,318,microsomal_clearance,10
ingredients,3,2.458485958485958,546,318,microsomal_clearance,10
ingredients,4,2.139194139194139,546,318,microsomal_clearance,10
moments,1,4.362637362637362,546,318,microsomal_clearance,10
moments,2,3.038919413919414,546,318,microsomal_clearance,10
moments,3,2.461080586080586,546,318,microsomal_clearance,10
moments,4,2.1427045177045176,546,318,microsomal_clearance,10
random,1,6.992546804199734,546,318,microsomal_clearance,10
random,2,4.971906432666506,546,318,microsomal_clearance,10
random,3,3.9614428222028955,546,318,microsomal_clearance,10
random,4,3.2969953140740684,546,318,microsomal_clearance,10
analytic_ei,1,5.586363636363636,55,45,in_vivo_clearance,10
analytic_ei,2,3.6863636363636365,55,45,in_vivo_clearance,10
analytic_ei,3,2.772727272727273,55,45,in_vivo_clearance,10
analytic_ei,4,2.3045454545454547,55,45,in_vivo_clearance,10
imitate_ei,1,5.574242424242424,55,45,in_vivo_clearance,10
imitate_ei,2,3.6833333333333336,55,45,in_vivo_clearance,10
imitate_ei,3,2.7590909090909093,55,45,in_vivo_clearance,10
imitate_ei,4,2.3181818181818183,55,45,in_vivo_clearance,10
ingredients,1,6.075757575757576,55,45,in_vivo_clearance,10
ingredients,2,4.025757575757575,55,45,in_vivo_clearance,10
ingredients,3,3.146969696969697,55,45,in_vivo_clearance,10
ingredients,4,2.3848484848484848,55,45,in_vivo_clearance,10
moments,1,6.0,55,45,in_vivo_clearance,10
moments,2,3.9575757575757575,55,45,in_vivo_clearance,10
moments,3,3.146969696969697,55,45,in_vivo_clearance,10
moments,4,2.401515151515152,55,45,in_vivo_clearance,10
random,1,7.472727272727273,55,45,in_vivo_clearance,10
random,2,4.924242424242424,55,45,in_vivo_clearance,10
random,3,3.7099999999999995,55,45,in_vivo_clearance,10
random,4,2.952121212121212,55,45,in_vivo_clearance,10
analytic_ei,1,4.419047619047619,105,61,protein_binding,10
analytic_ei,2,2.6952380952380954,105,61,protein_binding,10
analytic_ei,3,2.045238095238095,105,61,protein_binding,10
analytic_ei,4,1.6095238095238096,105,61,protein_binding,10
imitate_ei,1,4.419841269841269,105,61,protein_binding,10
imitate_ei,2,2.7055555555555553,105,61,protein_binding,10
imitate_ei,3,2.050793650793651,105,61,protein_binding,10
imitate_ei,4,1.6158730158730157,105,61,protein_binding,10
ingredients,1,4.542857142857143,105,61,protein_binding,10
ingredients,2,2.829365079365079,105,61,protein_binding,10
ingredients,3,2.115079365079365,105,61,protein_binding,10
ingredients,4,1.676984126984127,105,61,protein_binding,10
moments,1,4.566666666666666,105,61,protein_binding,10
moments,2,2.855555555555555,105,61,protein_binding,10
moments,3,2.119047619047619,105,61,protein_binding,10
moments,4,1.6690476190476191,105,61,protein_binding,10
random,1,8.474603174603175,105,61,protein_binding,10
random,2,5.398412698412699,105,61,protein_binding,10
random,3,4.090793650793651,105,61,protein_binding,10
random,4,3.314727891156463,105,61,protein_binding,10
analytic_ei,1,4.605960264900662,151,92,cellular_clearance,10
analytic_ei,2,3.109271523178808,151,92,cellular_clearance,10
analytic_ei,3,2.7334437086092715,151,92,cellular_clearance,10
analytic_ei,4,2.316225165562914,151,92,cellular_clearance,10
imitate_ei,1,4.597682119205298,151,92,cellular_clearance,10
imitate_ei,2,3.107615894039735,151,92,cellular_clearance,10
imitate_ei,3,2.729580573951435,151,92,cellular_clearance,10
imitate_ei,4,2.316225165562914,151,92,cellular_clearance,10
ingredients,1,4.903973509933775,151,92,cellular_clearance,10
ingredients,2,3.383002207505519,151,92,cellular_clearance,10
ingredients,3,2.879690949227373,151,92,cellular_clearance,10
ingredients,4,2.328918322295806,151,92,cellular_clearance,10
moments,1,4.910044150110375,151,92,cellular_clearance,10
moments,2,3.384105960264901,151,92,cellular_clearance,10
moments,3,2.8879690949227372,151,92,cellular_clearance,10
moments,4,2.3443708609271523,151,92,cellular_clearance,10
random,1,7.170940120402041,151,92,cellular_clearance,10
random,2,5.059461091704469,151,92,cellular_clearance,10
random,3,4.000189568525661,151,92,cellular_clearance,10
random,4,3.288702655879808,151,92,cellular_clearance,10
analytic_ei,1,5.587096774193548,155,129,permeability,10
analytic_ei,2,3.535483870967742,155,129,permeability,10
analytic_ei,3,2.793548387096774,155,129,permeability,10
analytic_ei,4,2.2806451612903227,155,129,permeability,10
imitate_ei,1,5.576344086021505,155,129,permeability,10
imitate_ei,2,3.5059139784946236,155,129,permeability,10
imitate_ei,3,2.774193548387097,155,129,permeability,10
imitate_ei,4,2.2564516129032257,155,129,permeability,10
ingredients,1,6.003763440860215,155,129,permeability,10
ingredients,2,3.8129032258064517,155,129,permeability,10
ingredients,3,2.9951612903225806,155,129,permeability,10
ingredients,4,2.443548387096774,155,129,permeability,10
moments,1,5.921505376344086,155,129,permeability,10
moments,2,3.7650537634408603,155,129,permeability,10
moments,3,2.9634408602150537,155,129,permeability,10
moments,4,2.428494623655914,155,129,permeability,10
random,1,8.648387096774194,155,129,permeability,10
random,2,5.752903225806452,155,129,permeability,10
random,3,4.283870967741935,155,129,permeability,10
random,4,3.453701996927803,155,129,permeability,10
analytic_ei,1,4.327083333333333,120,100,efflux,10
analytic_ei,2,2.8979166666666667,120,100,efflux,10
analytic_ei,3,2.3833333333333333,120,100,efflux,10
analytic_ei,4,1.925,120,100,efflux,10
imitate_ei,1,4.338888888888889,120,100,efflux,10
imitate_ei,2,2.908333333333333,120,100,efflux,10
imitate_ei,3,2.3847222222222224,120,100,efflux,10
imitate_ei,4,1.9326388888888888,120,100,efflux,10
ingredients,1,4.464583333333334,120,100,efflux,10
ingredients,2,3.1333333333333333,120,100,efflux,10
ingredients,3,2.473611111111111,120,100,efflux,10
ingredients,4,2.013888888888889,120,100,efflux,10
moments,1,4.453472222222222,120,100,efflux,10
moments,2,3.1215277777777777,120,100,efflux,10
moments,3,2.4625,120,100,efflux,10
moments,4,1.996527777777778,120,100,efflux,10
random,1,7.401944444444443,120,100,efflux,10
random,2,4.856587301587301,120,100,efflux,10
random,3,3.7430307539682537,120,100,efflux,10
random,4,3.0210267857142856,120,100,efflux,10
analytic_ei,1,5.524568965517242,580,334,all,15
analytic_ei,2,3.6607758620689657,580,334,all,15
analytic_ei,3,2.9060344827586206,580,334,all,15
analytic_ei,4,2.410344827586207,580,334,all,15
imitate_ei,1,5.4975574712643684,580,334,all,15
imitate_ei,2,3.6346264367816095,580,334,all,15
imitate_ei,3,2.8961206896551723,580,334,all,15
imitate_ei,4,2.4030172413793105,580,334,all,15
ingredients,1,5.709051724137931,580,334,all,15
ingredients,2,3.836206896551724,580,334,all,15
ingredients,3,3.095977011494253,580,334,all,15
ingredients,4,2.549137931034483,580,334,all,15
moments,1,5.69037356321839,580,334,all,15
moments,2,3.8324712643678165,580,334,all,15
moments,3,3.0886494252873566,580,334,all,15
moments,4,2.5413793103448277,580,334,all,15
random,1,9.588193416178328,580,334,all,15
random,2,6.597777775784241,580,334,all,15
random,3,5.173911744784589,580,334,all,15
random,4,4.277729057739833,580,334,all,15
analytic_ei,1,4.987942122186495,311,183,microsomal_clearance,15
analytic_ei,2,3.491961414790997,311,183,microsomal_clearance,15
analytic_ei,3,2.6583601286173635,311,183,microsomal_clearance,15
analytic_ei,4,2.3207395498392285,311,183,microsomal_clearance,15
imitate_ei,1,4.933815648445874,311,183,microsomal_clearance,15
imitate_ei,2,3.45016077170418,311,183,microsomal_clearance,15
imitate_ei,3,2.6516613076098605,311,183,microsomal_clearance,15
imitate_ei,4,2.311897106109325,311,183,microsomal_clearance,15
ingredients,1,5.007770632368703,311,183,microsomal_clearance,15
ingredients,2,3.514469453376206,311,183,microsomal_clearance,15
ingredients,3,2.808413719185423,311,183,microsomal_clearance,15
ingredients,4,2.4565916398713825,311,183,microsomal_clearance,15
moments,1,5.022240085744909,311,183,microsomal_clearance,15
moments,2,3.5337620578778135,311,183,microsomal_clearance,15
moments,3,2.810289389067524,311,183,microsomal_clearance,15
moments,4,2.4590032154340835,311,183,microsomal_clearance,15
random,1,8.625414832428497,311,183,microsomal_clearance,15
random,2,6.140931215830734,311,183,microsomal_clearance,15
random,3,4.91886326948626,311,183,microsomal_clearance,15
random,4,4.1369454730990105,311,183,microsomal_clearance,15
analytic_ei,1,6.925,20,16,in_vivo_clearance,15
analytic_ei,2,4.9,20,16,in_vivo_clearance,15
analytic_ei,3,3.825,20,16,in_vivo_clearance,15
analytic_ei,4,3.0125,20,16,in_vivo_clearance,15
imitate_ei,1,6.879166666666667,20,16,in_vivo_clearance,15
imitate_ei,2,4.870833333333333,20,16,in_vivo_clearance,15
imitate_ei,3,3.7875,20,16,in_vivo_clearance,15
imitate_ei,4,2.9875,20,16,in_vivo_clearance,15
ingredients,1,7.6,20,16,in_vivo_clearance,15
ingredients,2,5.5375,20,16,in_vivo_clearance,15
ingredients,3,4.395833333333333,20,16,in_vivo_clearance,15
ingredients,4,3.083333333333333,20,16,in_vivo_clearance,15
moments,1,7.370833333333333,20,16,in_vivo_clearance,15
moments,2,5.320833333333334,20,16,in_vivo_clearance,15
moments,3,4.329166666666667,20,16,in_vivo_clearance,15
moments,4,3.0541666666666667,20,16,in_vivo_clearance,15
random,1,10.65,20,16,in_vivo_clearance,15
random,2,6.904166666666666,20,16,in_vivo_clearance,15
random,3,5.275,20,16,in_vivo_clearance,15
random,4,4.145952380952381,20,16,in_vivo_clearance,15
analytic_ei,1,5.488636363636363,44,29,protein_binding,15
analytic_ei,2,2.977272727272727,44,29,protein_binding,15
analytic_ei,3,2.2613636363636362,44,29,protein_binding,15
analytic_ei,4,1.6590909090909092,44,29,protein_binding,15
imitate_ei,1,5.494318181818182,44,29,protein_binding,15
imitate_ei,2,3.0,44,29,protein_binding,15
imitate_ei,3,2.2708333333333335,44,29,protein_binding,15
imitate_ei,4,1.6704545454545454,44,29,protein_binding,15
ingredients,1,5.725378787878788,44,29,protein_binding,15
ingredients,2,3.1420454545454546,44,29,protein_binding,15
ingredients,3,2.3958333333333335,44,29,protein_binding,15
ingredients,4,1.8295454545454546,44,29,protein_binding,15
moments,1,5.753787878787879,44,29,protein_binding,15
moments,2,3.196969696969697,44,29,protein_binding,15
moments,3,2.409090909090909,44,29,protein_binding,15
moments,4,1.8181818181818181,44,29,protein_binding,15
random,1,12.204545454545455,44,29,protein_binding,15
random,2,7.598484848484848,44,29,protein_binding,15
random,3,5.828409090909091,44,29,protein_binding,15
random,4,4.726515151515152,44,29,protein_binding,15
analytic_ei,1,5.832278481012659,79,53,cellular_clearance,15
analytic_ei,2,3.740506329113924,79,53,cellular_clearance,15
analytic_ei,3,3.4240506329113924,79,53,cellular_clearance,15
analytic_ei,4,2.867088607594937,79,53,cellular_clearance,15
imitate_ei,1,5.844936708860759,79,53,cellular_clearance,15
imitate_ei,2,3.740506329113924,79,53,cellular_clearance,15
imitate_ei,3,3.421940928270042,79,53,cellular_clearance,15
imitate_ei,4,2.8755274261603376,79,53,cellular_clearance,15
ingredients,1,6.0590717299578065,79,53,cellular_clearance,15
ingredients,2,4.129746835443038,79,53,cellular_clearance,15
ingredients,3,3.6413502109704643,79,53,cellular_clearance,15
ingredients,4,2.894514767932489,79,53,cellular_clearance,15
moments,1,6.0590717299578065,79,53,cellular_clearance,15
moments,2,4.135021097046414,79,53,cellular_clearance,15
moments,3,3.6540084388185656,79,53,cellular_clearance,15
moments,4,2.9272151898734178,79,53,cellular_clearance,15
random,1,9.453352343858672,79,53,cellular_clearance,15
random,2,6.636896647656141,79,53,cellular_clearance,15
random,3,5.262213103352344,79,53,cellular_clearance,15
random,4,4.36706542402745,79,53,cellular_clearance,15
analytic_ei,1,7.270833333333333,72,62,permeability,15
analytic_ei,2,4.548611111111111,72,62,permeability,15
analytic_ei,3,3.548611111111111,72,62,permeability,15
analytic_ei,4,2.8125,72,62,permeability,15
imitate_ei,1,7.255787037037036,72,62,permeability,15
imitate_ei,2,4.4884259259259265,72,62,permeability,15
imitate_ei,3,3.4930555555555554,72,62,permeability,15
imitate_ei,4,2.7615740740740744,72,62,permeability,15
ingredients,1,7.877314814814814,72,62,permeability,15
ingredients,2,4.836805555555555,72,62,permeability,15
ingredients,3,3.775462962962963,72,62,permeability,15
ingredients,4,3.0254629629629632,72,62,permeability,15
moments,1,7.743055555555555,72,62,permeability,15
moments,2,4.77662037037037,72,62,permeability,15
moments,3,3.731481481481482,72,62,permeability,15
moments,4,2.959490740740741,72,62,permeability,15
random,1,11.921296296296296,72,62,permeability,15
random,2,8.004629629629628,72,62,permeability,15
random,3,5.9215277777777775,72,62,permeability,15
random,4,4.809259259259259,72,62,permeability,15
analytic_ei,1,5.347222222222222,54,49,efflux,15
analytic_ei,2,3.4305555555555554,54,49,efflux,15
analytic_ei,3,2.9027777777777777,54,49,efflux,15
analytic_ei,4,2.111111111111111,54,49,efflux,15
imitate_ei,1,5.382716049382716,54,49,efflux,15
imitate_ei,2,3.462962962962963,54,49,efflux,15
imitate_ei,3,2.91820987654321,54,49,efflux,15
imitate_ei,4,2.138888888888889,54,49,efflux,15
ingredients,1,5.631172839506172,54,49,efflux,15
ingredients,2,3.861111111111111,54,49,efflux,15
ingredients,3,3.1373456790123453,54,49,efflux,15
ingredients,4,2.330246913580247,54,49,efflux,15
moments,1,5.587962962962963,54,49,efflux,15
moments,2,3.817901234567901,54,49,efflux,15
moments,3,3.1018518518518516,54,49,efflux,15
moments,4,2.2932098765432096,54,49,efflux,15
random,1,9.694444444444445,54,49,efflux,15
random,2,6.366975308641975,54,49,efflux,15
random,3,4.9460648148148145,54,49,efflux,15
random,4,3.9322641093474426,54,49,efflux,15
analytic_ei,1,6.088905775075988,329,197,all,20
analytic_ei,2,4.035714285714286,329,197,all,20
analytic_ei,3,3.1664133738601823,329,197,all,20
analytic_ei,4,2.6922492401215807,329,197,all,20
imitate_ei,1,6.045086119554204,329,197,all,20
imitate_ei,2,3.9969604863221884,329,197,all,20
imitate_ei,3,3.155521783181358,329,197,all,20
imitate_ei,4,2.684903748733536,329,197,all,20
ingredients,1,6.395390070921986,329,197,all,20
ingredients,2,4.286474164133739,329,197,all,20
ingredients,3,3.3948834853090175,329,197,all,20
ingredients,4,2.847771023302938,329,197,all,20
moments,1,6.353343465045593,329,197,all,20
moments,2,4.26418439716312,329,197,all,20
moments,3,3.383485309017224,329,197,all,20
moments,4,2.8383991894630194,329,197,all,20
random,1,11.614420336361825,329,197,all,20
random,2,7.98829318337297,329,197,all,20
random,3,6.245526995659974,329,197,all,20
random,4,5.2023313868108705,329,197,all,20
analytic_ei,1,5.587078651685394,178,108,microsomal_clearance,20
analytic_ei,2,3.827247191011236,178,108,microsomal_clearance,20
analytic_ei,3,2.8384831460674156,178,108,microsomal_clearance,20
analytic_ei,4,2.574438202247191,178,108,microsomal_clearance,20
imitate_ei,1,5.505149812734082,178,108,microsomal_clearance,20
imitate_ei,2,3.7621722846441945,178,108,microsomal_clearance,20
imitate_ei,3,2.832865168539326,178,108,microsomal_clearance,20
imitate_ei,4,2.5725655430711614,178,108,microsomal_clearance,20
ingredients,1,5.65308988764045,178,108,microsomal_clearance,20
ingredients,2,3.855337078651685,178,108,microsomal_clearance,20
ingredients,3,3.009831460674157,178,108,microsomal_clearance,20
ingredients,4,2.716292134831461,178,108,microsomal_clearance,20
moments,1,5.648408239700374,178,108,microsomal_clearance,20
moments,2,3.8637640449438204,178,108,microsomal_clearance,20
moments,3,3.0,178,108,microsomal_clearance,20
moments,4,2.713951310861423,178,108,microsomal_clearance,20
random,1,10.330305003724947,178,108,microsomal_clearance,20
random,2,7.281639273387869,178,108,microsomal_clearance,20
random,3,5.8346866005925,178,108,microsomal_clearance,20
random,4,4.937164272733093,178,108,microsomal_clearance,20
analytic_ei,1,9.805555555555555,9,7,in_vivo_clearance,20
analytic_ei,2,6.916666666666667,9,7,in_vivo_clearance,20
analytic_ei,3,5.027777777777778,9,7,in_vivo_clearance,20
analytic_ei,4,4.75,9,7,in_vivo_clearance,20
imitate_ei,1,9.75,9,7,in_vivo_clearance,20
imitate_ei,2,6.861111111111111,9,7,in_vivo_clearance,20
imitate_ei,3,4.953703703703704,9,7,in_vivo_clearance,20
imitate_ei,4,4.694444444444445,9,7,in_vivo_clearance,20
ingredients,1,11.185185185185185,9,7,in_vivo_clearance,20
ingredients,2,8.064814814814817,9,7,in_vivo_clearance,20
ingredients,3,5.925925925925926,9,7,in_vivo_clearance,20
ingredients,4,4.842592592592592,9,7,in_vivo_clearance,20
moments,1,10.731481481481483,9,7,in_vivo_clearance,20
moments,2,7.638888888888889,9,7,in_vivo_clearance,20
moments,3,5.833333333333333,9,7,in_vivo_clearance,20
moments,4,4.787037037037037,9,7,in_vivo_clearance,20
random,1,13.38888888888889,9,7,in_vivo_clearance,20
random,2,8.629629629629628,9,7,in_vivo_clearance,20
random,3,6.583333333333333,9,7,in_vivo_clearance,20
random,4,5.203703703703704,9,7,in_vivo_clearance,20
analytic_ei,1,5.125,26,17,protein_binding,20
analytic_ei,2,3.4134615384615383,26,17,protein_binding,20
analytic_ei,3,2.375,26,17,protein_binding,20
analytic_ei,4,1.5769230769230769,26,17,protein_binding,20
imitate_ei,1,5.157051282051283,26,17,protein_binding,20
imitate_ei,2,3.423076923076923,26,17,protein_binding,20
imitate_ei,3,2.3685897435897436,26,17,protein_binding,20
imitate_ei,4,1.5737179487179487,26,17,protein_binding,20
ingredients,1,5.429487179487179,26,17,protein_binding,20
ingredients,2,3.951923076923077,26,17,protein_binding,20
ingredients,3,2.8621794871794872,26,17,protein_binding,20
ingredients,4,2.048076923076923,26,17,protein_binding,20
moments,1,5.493589743589744,26,17,protein_binding,20
moments,2,4.032051282051282,26,17,protein_binding,20
moments,3,2.894230769230769,26,17,protein_binding,20
moments,4,2.0512820512820515,26,17,protein_binding,20
random,1,15.0,26,17,protein_binding,20
random,2,9.666666666666666,26,17,protein_binding,20
random,3,7.396153846153846,26,17,protein_binding,20
random,4,6.0,26,17,protein_binding,20
analytic_ei,1,5.945,50,33,cellular_clearance,20
analytic_ei,2,3.855,50,33,cellular_clearance,20
analytic_ei,3,3.56,50,33,cellular_clearance,20
analytic_ei,4,2.96,50,33,cellular_clearance,20
imitate_ei,1,5.956666666666666,50,33,cellular_clearance,20
imitate_ei,2,3.86,50,33,cellular_clearance,20
imitate_ei,3,3.565,50,33,cellular_clearance,20
imitate_ei,4,2.9683333333333333,50,33,cellular_clearance,20
ingredients,1,6.06,50,33,cellular_clearance,20
ingredients,2,4.216666666666667,50,33,cellular_clearance,20
ingredients,3,3.651666666666667,50,33,cellular_clearance,20
ingredients,4,2.893333333333333,50,33,cellular_clearance,20
moments,1,6.056666666666667,50,33,cellular_clearance,20
moments,2,4.206666666666667,50,33,cellular_clearance,20
moments,3,3.658333333333333,50,33,cellular_clearance,20
moments,4,2.93,50,33,cellular_clearance,20
random,1,11.313666666666666,50,33,cellular_clearance,20
random,2,7.922,50,33,cellular_clearance,20
random,3,6.2410000000000005,50,33,cellular_clearance,20
random,4,5.217666666666666,50,33,cellular_clearance,20
analytic_ei,1,8.25625,40,34,permeability,20
analytic_ei,2,5.15,40,34,permeability,20
analytic_ei,3,4.30625,40,34,permeability,20
analytic_ei,4,3.35625,40,34,permeability,20
imitate_ei,1,8.21875,40,34,permeability,20
imitate_ei,2,5.083333333333334,40,34,permeability,20
imitate_ei,3,4.23125,40,34,permeability,20
imitate_ei,4,3.2895833333333337,40,34,permeability,20
ingredients,1,9.427083333333332,40,34,permeability,20
ingredients,2,5.575,40,34,permeability,20
ingredients,3,4.570833333333334,40,34,permeability,20
ingredients,4,3.55,40,34,permeability,20
moments,1,9.208333333333332,40,34,permeability,20
moments,2,5.44375,40,34,permeability,20
moments,3,4.53125,40,34,permeability,20
moments,4,3.4729166666666664,40,34,permeability,20
random,1,14.9125,40,34,permeability,20
random,2,10.066666666666666,40,34,permeability,20
random,3,7.3725,40,34,permeability,20
random,4,6.04,40,34,permeability,20
analytic_ei,1,6.144230769230769,26,25,efflux,20
analytic_ei,2,3.7211538461538463,26,25,efflux,20
analytic_ei,3,3.048076923076923,26,25,efflux,20
analytic_ei,4,2.3653846153846154,26,25,efflux,20
imitate_ei,1,6.173076923076923,26,25,efflux,20
imitate_ei,2,3.7788461538461537,26,25,efflux,20
imitate_ei,3,3.0865384615384617,26,25,efflux,20
imitate_ei,4,2.394230769230769,26,25,efflux,20
ingredients,1,6.7660256410256405,26,25,efflux,20
ingredients,2,4.416666666666666,26,25,efflux,20
ingredients,3,3.3846153846153846,26,25,efflux,20
ingredients,4,2.6891025641025643,26,25,efflux,20
moments,1,6.701923076923077,26,25,efflux,20
moments,2,4.365384615384615,26,25,efflux,20
moments,3,3.355769230769231,26,25,efflux,20
moments,4,2.650641025641026,26,25,efflux,20
random,1,11.910256410256409,26,25,efflux,20
random,2,7.85576923076923,26,25,efflux,20
random,3,6.065544871794871,26,25,efflux,20
random,4,4.901350732600733,26,25,efflux,20
analytic_ei,1,6.270731707317073,205,129,all,25
analytic_ei,2,4.262195121951219,205,129,all,25
analytic_ei,3,3.273170731707317,205,129,all,25
analytic_ei,4,2.7756097560975608,205,129,all,25
imitate_ei,1,6.208536585365854,205,129,all,25
imitate_ei,2,4.213414634146342,205,129,all,25
imitate_ei,3,3.2662601626016263,205,129,all,25
imitate_ei,4,2.7686991869918702,205,129,all,25
ingredients,1,6.43739837398374,205,129,all,25
ingredients,2,4.404878048780488,205,129,all,25
ingredients,3,3.4398373983739834,205,129,all,25
ingredients,4,2.9121951219512194,205,129,all,25
moments,1,6.400406504065041,205,129,all,25
moments,2,4.369918699186992,205,129,all,25
moments,3,3.4109756097560977,205,129,all,25
moments,4,2.8861788617886175,205,129,all,25
random,1,13.163030118030116,205,129,all,25
random,2,9.151160199330931,205,129,all,25
random,3,7.176184220025683,205,129,all,25
random,4,5.978974356718259,205,129,all,25
analytic_ei,1,5.446428571428571,112,71,microsomal_clearance,25
analytic_ei,2,4.0,112,71,microsomal_clearance,25
analytic_ei,3,2.924107142857143,112,71,microsomal_clearance,25
analytic_ei,4,2.6205357142857144,112,71,microsomal_clearance,25
imitate_ei,1,5.333333333333334,112,71,microsomal_clearance,25
imitate_ei,2,3.908482142857143,112,71,microsomal_clearance,25
imitate_ei,3,2.9188988095238098,112,71,microsomal_clearance,25
imitate_ei,4,2.616815476190476,112,71,microsomal_clearance,25
ingredients,1,5.395089285714286,112,71,microsomal_clearance,25
ingredients,2,3.9486607142857144,112,71,microsomal_clearance,25
ingredients,3,3.098958333333333,112,71,microsomal_clearance,25
ingredients,4,2.802827380952381,112,71,microsomal_clearance,25
moments,1,5.421875,112,71,microsomal_clearance,25
moments,2,3.9516369047619047,112,71,microsomal_clearance,25
moments,3,3.081845238095238,112,71,microsomal_clearance,25
moments,4,2.784970238095238,112,71,microsomal_clearance,25
random,1,11.363730721989649,112,71,microsomal_clearance,25
random,2,8.172361674370602,112,71,microsomal_clearance,25
random,3,6.627055938439867,112,71,microsomal_clearance,25
random,4,5.62652938166331,112,71,microsomal_clearance,25
analytic_ei,1,10.4,5,3,in_vivo_clearance,25
analytic_ei,2,8.8,5,3,in_vivo_clearance,25
analytic_ei,3,5.65,5,3,in_vivo_clearance,25
analytic_ei,4,5.15,5,3,in_vivo_clearance,25
imitate_ei,1,10.416666666666666,5,3,in_vivo_clearance,25
imitate_ei,2,8.783333333333333,5,3,in_vivo_clearance,25
imitate_ei,3,5.6,5,3,in_vivo_clearance,25
imitate_ei,4,5.133333333333333,5,3,in_vivo_clearance,25
ingredients,1,10.166666666666668,5,3,in_vivo_clearance,25
ingredients,2,8.016666666666667,5,3,in_vivo_clearance,25
ingredients,3,4.983333333333333,5,3,in_vivo_clearance,25
ingredients,4,4.383333333333334,5,3,in_vivo_clearance,25
moments,1,9.933333333333334,5,3,in_vivo_clearance,25
moments,2,7.866666666666665,5,3,in_vivo_clearance,25
moments,3,4.95,5,3,in_vivo_clearance,25
moments,4,4.383333333333334,5,3,in_vivo_clearance,25
random,1,15.4,5,3,in_vivo_clearance,25
random,2,10.266666666666667,5,3,in_vivo_clearance,25
random,3,7.7,5,3,in_vivo_clearance,25
random,4,5.886666666666668,5,3,in_vivo_clearance,25
analytic_ei,1,5.033333333333333,15,11,protein_binding,25
analytic_ei,2,2.6166666666666667,15,11,protein_binding,25
analytic_ei,3,1.75,15,11,protein_binding,25
analytic_ei,4,1.6833333333333333,15,11,protein_binding,25
imitate_ei,1,5.094444444444444,15,11,protein_binding,25
imitate_ei,2,2.6388888888888884,15,11,protein_binding,25
imitate_ei,3,1.7666666666666666,15,11,protein_binding,25
imitate_ei,4,1.7,15,11,protein_binding,25
ingredients,1,4.933333333333334,15,11,protein_binding,25
ingredients,2,3.188888888888889,15,11,protein_binding,25
ingredients,3,2.388888888888889,15,11,protein_binding,25
ingredients,4,2.3333333333333335,15,11,protein_binding,25
moments,1,4.883333333333334,15,11,protein_binding,25
moments,2,3.122222222222222,15,11,protein_binding,25
moments,3,2.2944444444444443,15,11,protein_binding,25
moments,4,2.2555555555555555,15,11,protein_binding,25
random,1,18.266666666666666,15,11,protein_binding,25
random,2,11.822222222222223,15,11,protein_binding,25
random,3,9.023333333333333,15,11,protein_binding,25
random,4,7.3066666666666675,15,11,protein_binding,25
analytic_ei,1,6.435483870967742,31,24,cellular_clearance,25
analytic_ei,2,4.741935483870968,31,24,cellular_clearance,25
analytic_ei,3,4.338709677419355,31,24,cellular_clearance,25
analytic_ei,4,3.443548387096774,31,24,cellular_clearance,25
imitate_ei,1,6.435483870967742,31,24,cellular_clearance,25
imitate_ei,2,4.75,31,24,cellular_clearance,25
imitate_ei,3,4.346774193548387,31,24,cellular_clearance,25
imitate_ei,4,3.456989247311828,31,24,cellular_clearance,25
ingredients,1,6.155913978494624,31,24,cellular_clearance,25
ingredients,2,4.919354838709677,31,24,cellular_clearance,25
ingredients,3,4.276881720430108,31,24,cellular_clearance,25
ingredients,4,3.129032258064516,31,24,cellular_clearance,25
moments,1,6.129032258064516,31,24,cellular_clearance,25
moments,2,4.887096774193548,31,24,cellular_clearance,25
moments,3,4.274193548387097,31,24,cellular_clearance,25
moments,4,3.1774193548387095,31,24,cellular_clearance,25
random,1,13.376881720430106,31,24,cellular_clearance,25
random,2,9.465591397849462,31,24,cellular_clearance,25
random,3,7.318817204301075,31,24,cellular_clearance,25
random,4,6.169354838709678,31,24,cellular_clearance,25
analytic_ei,1,9.25,24,21,permeability,25
analytic_ei,2,5.09375,24,21,permeability,25
analytic_ei,3,4.03125,24,21,permeability,25
analytic_ei,4,3.1666666666666665,24,21,permeability,25
imitate_ei,1,9.184027777777777,24,21,permeability,25
imitate_ei,2,5.03125,24,21,permeability,25
imitate_ei,3,3.954861111111111,24,21,permeability,25
imitate_ei,4,3.0833333333333335,24,21,permeability,25
ingredients,1,10.885416666666666,24,21,permeability,25
ingredients,2,5.538194444444444,24,21,permeability,25
ingredients,3,4.260416666666667,24,21,permeability,25
ingredients,4,3.371527777777778,24,21,permeability,25
moments,1,10.600694444444445,24,21,permeability,25
moments,2,5.378472222222222,24,21,permeability,25
moments,3,4.194444444444445,24,21,permeability,25
moments,4,3.253472222222222,24,21,permeability,25
random,1,17.847222222222218,24,21,permeability,25
random,2,12.013888888888888,24,21,permeability,25
random,3,8.893749999999999,24,21,permeability,25
random,4,7.208333333333333,24,21,permeability,25
analytic_ei,1,7.027777777777778,18,18,efflux,25
analytic_ei,2,4.069444444444445,18,18,efflux,25
analytic_ei,3,3.2083333333333335,18,18,efflux,25
analytic_ei,4,2.3194444444444446,18,18,efflux,25
imitate_ei,1,7.055555555555555,18,18,efflux,25
imitate_ei,2,4.138888888888889,18,18,efflux,25
imitate_ei,3,3.25,18,18,efflux,25
imitate_ei,4,2.3425925925925926,18,18,efflux,25
ingredients,1,7.694444444444445,18,18,efflux,25
ingredients,2,4.856481481481482,18,18,efflux,25
ingredients,3,3.4722222222222223,18,18,efflux,25
ingredients,4,2.6805555555555554,18,18,efflux,25
moments,1,7.638888888888889,18,18,efflux,25
moments,2,4.805555555555555,18,18,efflux,25
moments,3,3.4305555555555554,18,18,efflux,25
moments,4,2.634259259259259,18,18,efflux,25
random,1,12.870370370370368,18,18,efflux,25
random,2,8.347222222222221,18,18,efflux,25
random,3,6.3724537037037035,18,18,efflux,25
random,4,5.124173280423281,18,18,efflux,25
analytic_ei,1,6.295833333333333,120,76,all,30
analytic_ei,2,4.483333333333333,120,76,all,30
analytic_ei,3,3.4270833333333335,120,76,all,30
analytic_ei,4,2.9270833333333335,120,76,all,30
imitate_ei,1,6.190277777777778,120,76,all,30
imitate_ei,2,4.392361111111112,120,76,all,30
imitate_ei,3,3.405555555555556,120,76,all,30
imitate_ei,4,2.908333333333333,120,76,all,30
ingredients,1,6.1375,120,76,all,30
ingredients,2,4.404861111111112,120,76,all,30
ingredients,3,3.3243055555555556,120,76,all,30
ingredients,4,2.7965277777777775,120,76,all,30
moments,1,6.124305555555555,120,76,all,30
moments,2,4.411111111111111,120,76,all,30
moments,3,3.3215277777777774,120,76,all,30
moments,4,2.7944444444444443,120,76,all,30
random,1,14.717696623592454,120,76,all,30
random,2,10.344779956925793,120,76,all,30
random,3,8.215966825612659,120,76,all,30
random,4,6.855316642462475,120,76,all,30
analytic_ei,1,5.630281690140845,71,45,microsomal_clearance,30
analytic_ei,2,4.066901408450704,71,45,microsomal_clearance,30
analytic_ei,3,2.816901408450704,71,45,microsomal_clearance,30
analytic_ei,4,2.5,71,45,microsomal_clearance,30
imitate_ei,1,5.438967136150235,71,45,microsomal_clearance,30
imitate_ei,2,3.9190140845070425,71,45,microsomal_clearance,30
imitate_ei,3,2.8004694835680755,71,45,microsomal_clearance,30
imitate_ei,4,2.488262910798122,71,45,microsomal_clearance,30
ingredients,1,5.183098591549296,71,45,microsomal_clearance,30
ingredients,2,3.8732394366197185,71,45,microsomal_clearance,30
ingredients,3,2.7347417840375585,71,45,microsomal_clearance,30
ingredients,4,2.4507042253521125,71,45,microsomal_clearance,30
moments,1,5.160798122065728,71,45,microsomal_clearance,30
moments,2,3.874413145539906,71,45,microsomal_clearance,30
moments,3,2.721830985915493,71,45,microsomal_clearance,30
moments,4,2.426056338028169,71,45,microsomal_clearance,30
random,1,12.813712603254855,71,45,microsomal_clearance,30
random,2,9.32310227461636,71,45,microsomal_clearance,30
random,3,7.542009658312475,71,45,microsomal_clearance,30
random,4,6.439066357481851,71,45,microsomal_clearance,30
analytic_ei,1,13.625,2,2,in_vivo_clearance,30
analytic_ei,2,12.0,2,2,in_vivo_clearance,30
analytic_ei,3,7.875,2,2,in_vivo_clearance,30
analytic_ei,4,7.0,2,2,in_vivo_clearance,30
imitate_ei,1,13.708333333333332,2,2,in_vivo_clearance,30
imitate_ei,2,11.958333333333332,2,2,in_vivo_clearance,30
imitate_ei,3,7.708333333333334,2,2,in_vivo_clearance,30
imitate_ei,4,6.916666666666667,2,2,in_vivo_clearance,30
ingredients,1,16.125,2,2,in_vivo_clearance,30
ingredients,2,12.833333333333334,2,2,in_vivo_clearance,30
ingredients,3,7.791666666666666,2,2,in_vivo_clearance,30
ingredients,4,6.666666666666666,2,2,in_vivo_clearance,30
moments,1,16.125,2,2,in_vivo_clearance,30
moments,2,12.916666666666666,2,2,in_vivo_clearance,30
moments,3,7.708333333333333,2,2,in_vivo_clearance,30
moments,4,6.625,2,2,in_vivo_clearance,30
random,1,18.5,2,2,in_vivo_clearance,30
random,2,12.333333333333334,2,2,in_vivo_clearance,30
random,3,9.25,2,2,in_vivo_clearance,30
random,4,6.716666666666667,2,2,in_vivo_clearance,30
analytic_ei,1,4.944444444444445,9,7,protein_binding,30
analytic_ei,2,3.388888888888889,9,7,protein_binding,30
analytic_ei,3,1.9444444444444444,9,7,protein_binding,30
analytic_ei,4,1.8333333333333333,9,7,protein_binding,30
imitate_ei,1,5.027777777777778,9,7,protein_binding,30
imitate_ei,2,3.398148148148148,9,7,protein_binding,30
imitate_ei,3,1.9444444444444444,9,7,protein_binding,30
imitate_ei,4,1.8333333333333333,9,7,protein_binding,30
ingredients,1,4.731481481481482,9,7,protein_binding,30
ingredients,2,3.8981481481481484,9,7,protein_binding,30
ingredients,3,2.564814814814815,9,7,protein_binding,30
ingredients,4,2.509259259259259,9,7,protein_binding,30
moments,1,4.731481481481482,9,7,protein_binding,30
moments,2,3.8981481481481484,9,7,protein_binding,30
moments,3,2.5185185185185186,9,7,protein_binding,30
moments,4,2.5,9,7,protein_binding,30
random,1,21.333333333333332,9,7,protein_binding,30
random,2,13.87962962962963,9,7,protein_binding,30
random,3,10.483333333333333,9,7,protein_binding,30
random,4,8.533333333333335,9,7,protein_binding,30
analytic_ei,1,6.5875,20,15,cellular_clearance,30
analytic_ei,2,5.65,20,15,cellular_clearance,30
analytic_ei,3,5.35,20,15,cellular_clearance,30
analytic_ei,4,4.45,20,15,cellular_clearance,30
imitate_ei,1,6.583333333333333,20,15,cellular_clearance,30
imitate_ei,2,5.666666666666666,20,15,cellular_clearance,30
imitate_ei,3,5.3625,20,15,cellular_clearance,30
imitate_ei,4,4.466666666666667,20,15,cellular_clearance,30
ingredients,1,6.7333333333333325,20,15,cellular_clearance,30
ingredients,2,5.845833333333333,20,15,cellular_clearance,30
ingredients,3,5.2,20,15,cellular_clearance,30
ingredients,4,3.825,20,15,cellular_clearance,30
moments,1,6.654166666666667,20,15,cellular_clearance,30
moments,2,5.791666666666667,20,15,cellular_clearance,30
moments,3,5.179166666666666,20,15,cellular_clearance,30
moments,4,3.8875,20,15,cellular_clearance,30
random,1,13.567499999999999,20,15,cellular_clearance,30
random,2,9.755,20,15,cellular_clearance,30
random,3,7.791666666666667,20,15,cellular_clearance,30
random,4,6.657500000000001,20,15,cellular_clearance,30
analytic_ei,1,10.115384615384615,13,12,permeability,30
analytic_ei,2,5.173076923076923,13,12,permeability,30
analytic_ei,3,4.480769230769231,13,12,permeability,30
analytic_ei,4,3.480769230769231,13,12,permeability,30
imitate_ei,1,10.115384615384615,13,12,permeability,30
imitate_ei,2,5.115384615384615,13,12,permeability,30
imitate_ei,3,4.378205128205128,13,12,permeability,30
imitate_ei,4,3.3589743589743586,13,12,permeability,30
ingredients,1,10.608974358974358,13,12,permeability,30
ingredients,2,4.384615384615385,13,12,permeability,30
ingredients,3,3.801282051282051,13,12,permeability,30
ingredients,4,3.0641025641025643,13,12,permeability,30
moments,1,10.717948717948719,13,12,permeability,30
moments,2,4.493589743589744,13,12,permeability,30
moments,3,3.9166666666666665,13,12,permeability,30
moments,4,3.0897435897435894,13,12,permeability,30
random,1,21.73076923076923,13,12,permeability,30
random,2,14.48717948717949,13,12,permeability,30
random,3,10.865384615384613,13,12,permeability,30
random,4,8.692307692307692,13,12,permeability,30
analytic_ei,1,4.15,5,5,efflux,30
analytic_ei,2,2.9,5,5,efflux,30
analytic_ei,3,2.55,5,5,efflux,30
analytic_ei,4,1.8,5,5,efflux,30
imitate_ei,1,4.166666666666666,5,5,efflux,30
imitate_ei,2,2.9,5,5,efflux,30
imitate_ei,3,2.55,5,5,efflux,30
imitate_ei,4,1.8,5,5,efflux,30
ingredients,1,4.216666666666667,5,5,efflux,30
ingredients,2,3.7833333333333328,5,5,efflux,30
ingredients,3,2.5333333333333337,5,5,efflux,30
ingredients,4,1.8666666666666665,5,5,efflux,30
moments,1,4.25,5,5,efflux,30
moments,2,3.8166666666666664,5,5,efflux,30
moments,3,2.55,5,5,efflux,30
moments,4,1.8833333333333333,5,5,efflux,30
random,1,14.699999999999998,5,5,efflux,30
random,2,9.283333333333333,5,5,efflux,30
random,3,8.1,5,5,efflux,30
random,4,5.816190476190476,5,5,efflux,30
analytic_ei,1,6.75,75,50,all,35
analytic_ei,2,4.696666666666666,75,50,all,35
analytic_ei,3,3.5733333333333333,75,50,all,35
analytic_ei,4,3.1666666666666665,75,50,all,35
imitate_ei,1,6.583333333333333,75,50,all,35
imitate_ei,2,4.546666666666667,75,50,all,35
imitate_ei,3,3.546666666666667,75,50,all,35
imitate_ei,4,3.145555555555555,75,50,all,35
ingredients,1,6.568888888888889,75,50,all,35
ingredients,2,4.351111111111111,75,50,all,35
ingredients,3,3.3155555555555556,75,50,all,35
ingredients,4,2.9,75,50,all,35
moments,1,6.518888888888889,75,50,all,35
moments,2,4.337777777777777,75,50,all,35
moments,3,3.2933333333333334,75,50,all,35
moments,4,2.8966666666666665,75,50,all,35
random,1,16.9838188712522,75,50,all,35
random,2,11.863818871252207,75,50,all,35
random,3,9.39638452781786,75,50,all,35
random,4,7.9070194484527825,75,50,all,35
analytic_ei,1,5.967391304347826,46,31,microsomal_clearance,35
analytic_ei,2,4.358695652173913,46,31,microsomal_clearance,35
analytic_ei,3,2.9456521739130435,46,31,microsomal_clearance,35
analytic_ei,4,2.7717391304347827,46,31,microsomal_clearance,35
imitate_ei,1,5.68659420289855,46,31,microsomal_clearance,35
imitate_ei,2,4.130434782608695,46,31,microsomal_clearance,35
imitate_ei,3,2.9293478260869565,46,31,microsomal_clearance,35
imitate_ei,4,2.7644927536231885,46,31,microsomal_clearance,35
ingredients,1,5.518115942028985,46,31,microsomal_clearance,35
ingredients,2,3.86231884057971,46,31,microsomal_clearance,35
ingredients,3,2.7355072463768115,46,31,microsomal_clearance,35
ingredients,4,2.6105072463768115,46,31,microsomal_clearance,35
moments,1,5.471014492753623,46,31,microsomal_clearance,35
moments,2,3.869565217391304,46,31,microsomal_clearance,35
moments,3,2.7192028985507246,46,31,microsomal_clearance,35
moments,4,2.5960144927536235,46,31,microsomal_clearance,35
random,1,15.078431389463995,46,31,microsomal_clearance,35
random,2,10.730605302507477,46,31,microsomal_clearance,35
random,3,8.72428119183554,46,31,microsomal_clearance,35
random,4,7.5695710469080035,46,31,microsomal_clearance,35
analytic_ei,1,9.0,1,1,in_vivo_clearance,35
analytic_ei,2,9.0,1,1,in_vivo_clearance,35
analytic_ei,3,2.0,1,1,in_vivo_clearance,35
analytic_ei,4,2.0,1,1,in_vivo_clearance,35
imitate_ei,1,8.916666666666666,1,1,in_vivo_clearance,35
imitate_ei,2,8.916666666666666,1,1,in_vivo_clearance,35
imitate_ei,3,1.8333333333333333,1,1,in_vivo_clearance,35
imitate_ei,4,1.8333333333333333,1,1,in_vivo_clearance,35
ingredients,1,7.75,1,1,in_vivo_clearance,35
ingredients,2,7.75,1,1,in_vivo_clearance,35
ingredients,3,1.9166666666666667,1,1,in_vivo_clearance,35
ingredients,4,1.9166666666666667,1,1,in_vivo_clearance,35
moments,1,7.75,1,1,in_vivo_clearance,35
moments,2,7.75,1,1,in_vivo_clearance,35
moments,3,1.9166666666666667,1,1,in_vivo_clearance,35
moments,4,1.9166666666666667,1,1,in_vivo_clearance,35
random,1,20.5,1,1,in_vivo_clearance,35
random,2,13.66666666666667,1,1,in_vivo_clearance,35
random,3,10.249999999999996,1,1,in_vivo_clearance,35
random,4,6.833333333333335,1,1,in_vivo_clearance,35
analytic_ei,1,4.708333333333333,6,5,protein_binding,35
analytic_ei,2,2.375,6,5,protein_binding,35
analytic_ei,3,1.75,6,5,protein_binding,35
analytic_ei,4,1.5833333333333333,6,5,protein_binding,35
imitate_ei,1,4.819444444444444,6,5,protein_binding,35
imitate_ei,2,2.375,6,5,protein_binding,35
imitate_ei,3,1.75,6,5,protein_binding,35
imitate_ei,4,1.5833333333333333,6,5,protein_binding,35
ingredients,1,4.972222222222222,6,5,protein_binding,35
ingredients,2,3.722222222222222,6,5,protein_binding,35
ingredients,3,3.0555555555555554,6,5,protein_binding,35
ingredients,4,2.972222222222222,6,5,protein_binding,35
moments,1,4.916666666666667,6,5,protein_binding,35
moments,2,3.6666666666666665,6,5,protein_binding,35
moments,3,2.986111111111111,6,5,protein_binding,35
moments,4,2.9583333333333335,6,5,protein_binding,35
random,1,23.583333333333332,6,5,protein_binding,35
random,2,15.208333333333334,6,5,protein_binding,35
random,3,11.791666666666666,6,5,protein_binding,35
random,4,9.433333333333335,6,5,protein_binding,35
analytic_ei,1,6.269230769230769,13,9,cellular_clearance,35
analytic_ei,2,5.730769230769231,13,9,cellular_clearance,35
analytic_ei,3,5.269230769230769,13,9,cellular_clearance,35
analytic_ei,4,4.576923076923077,13,9,cellular_clearance,35
imitate_ei,1,6.2756410256410255,13,9,cellular_clearance,35
imitate_ei,2,5.737179487179487,13,9,cellular_clearance,35
imitate_ei,3,5.269230769230769,13,9,cellular_clearance,35
imitate_ei,4,4.576923076923077,13,9,cellular_clearance,35
ingredients,1,6.070512820512821,13,9,cellular_clearance,35
ingredients,2,5.570512820512821,13,9,cellular_clearance,35
ingredients,3,4.576923076923077,13,9,cellular_clearance,35
ingredients,4,3.3910256410256414,13,9,cellular_clearance,35
moments,1,5.9743589743589745,13,9,cellular_clearance,35
moments,2,5.506410256410257,13,9,cellular_clearance,35
moments,3,4.564102564102564,13,9,cellular_clearance,35
moments,4,3.474358974358974,13,9,cellular_clearance,35
random,1,14.898351648351646,13,9,cellular_clearance,35
random,2,10.891941391941392,13,9,cellular_clearance,35
random,3,8.473992673992674,13,9,cellular_clearance,35
random,4,7.2214285714285715,13,9,cellular_clearance,35
analytic_ei,1,13.46875,8,7,permeability,35
analytic_ei,2,6.09375,8,7,permeability,35
analytic_ei,3,5.84375,8,7,permeability,35
analytic_ei,4,4.75,8,7,permeability,35
imitate_ei,1,13.4375,8,7,permeability,35
imitate_ei,2,6.0,8,7,permeability,35
imitate_ei,3,5.708333333333333,8,7,permeability,35
imitate_ei,4,4.614583333333333,8,7,permeability,35
ingredients,1,14.489583333333332,8,7,permeability,35
ingredients,2,4.96875,8,7,permeability,35
ingredients,3,4.864583333333333,8,7,permeability,35
ingredients,4,4.072916666666667,8,7,permeability,35
moments,1,14.479166666666666,8,7,permeability,35
moments,2,4.9375,8,7,permeability,35
moments,3,4.822916666666667,8,7,permeability,35
moments,4,4.0,8,7,permeability,35
random,1,25.562499999999996,8,7,permeability,35
random,2,17.04166666666667,8,7,permeability,35
random,3,12.781249999999996,8,7,permeability,35
random,4,10.225,8,7,permeability,35
analytic_ei,1,5.25,1,1,efflux,35
analytic_ei,2,5.25,1,1,efflux,35
analytic_ei,3,4.75,1,1,efflux,35
analytic_ei,4,1.0,1,1,efflux,35
imitate_ei,1,5.25,1,1,efflux,35
imitate_ei,2,5.25,1,1,efflux,35
imitate_ei,3,4.75,1,1,efflux,35
imitate_ei,4,1.0,1,1,efflux,35
ingredients,1,6.416666666666667,1,1,efflux,35
ingredients,2,6.416666666666667,1,1,efflux,35
ingredients,3,4.166666666666667,1,1,efflux,35
ingredients,4,1.0,1,1,efflux,35
moments,1,6.5,1,1,efflux,35
moments,2,6.5,1,1,efflux,35
moments,3,4.166666666666667,1,1,efflux,35
moments,4,1.0,1,1,efflux,35
random,1,19.999999999999982,1,1,efflux,35
random,2,13.333333333333334,1,1,efflux,35
random,3,10.0,1,1,efflux,35
random,4,5.714285714285716,1,1,efflux,35
analytic_ei,1,6.456730769230769,52,34,all,40
analytic_ei,2,4.673076923076923,52,34,all,40
analytic_ei,3,3.389423076923077,52,34,all,40
analytic_ei,4,3.110576923076923,52,34,all,40
imitate_ei,1,6.243589743589744,52,34,all,40
imitate_ei,2,4.451923076923077,52,34,all,40
imitate_ei,3,3.3509615384615383,52,34,all,40
imitate_ei,4,3.081730769230769,52,34,all,40
ingredients,1,5.875,52,34,all,40
ingredients,2,3.969551282051282,52,34,all,40
ingredients,3,2.919871794871795,52,34,all,40
ingredients,4,2.642628205128205,52,34,all,40
moments,1,5.939102564102564,52,34,all,40
moments,2,3.9871794871794872,52,34,all,40
moments,3,2.8990384615384617,52,34,all,40
moments,4,2.6474358974358974,52,34,all,40
random,1,17.938841320716314,52,34,all,40
random,2,12.442046448921449,52,34,all,40
random,3,9.900875120250118,52,34,all,40
random,4,8.323906255781257,52,34,all,40
analytic_ei,1,5.8359375,32,21,microsomal_clearance,40
analytic_ei,2,4.5703125,32,21,microsomal_clearance,40
analytic_ei,3,2.828125,32,21,microsomal_clearance,40
analytic_ei,4,2.8046875,32,21,microsomal_clearance,40
imitate_ei,1,5.479166666666667,32,21,microsomal_clearance,40
imitate_ei,2,4.229166666666667,32,21,microsomal_clearance,40
imitate_ei,3,2.796875,32,21,microsomal_clearance,40
imitate_ei,4,2.7890625,32,21,microsomal_clearance,40
ingredients,1,4.807291666666667,32,21,microsomal_clearance,40
ingredients,2,3.7890625,32,21,microsomal_clearance,40
ingredients,3,2.5572916666666665,32,21,microsomal_clearance,40
ingredients,4,2.5494791666666665,32,21,microsomal_clearance,40
moments,1,4.963541666666667,32,21,microsomal_clearance,40
moments,2,3.875,32,21,microsomal_clearance,40
moments,3,2.5625,32,21,microsomal_clearance,40
moments,4,2.5546875,32,21,microsomal_clearance,40
random,1,16.046078455687827,32,21,microsomal_clearance,40
random,2,11.124203455687832,32,21,microsomal_clearance,40
random,3,9.104175046596922,32,21,microsomal_clearance,40
random,4,7.963029213263589,32,21,microsomal_clearance,40
analytic_ei,1,9.0,1,1,in_vivo_clearance,40
analytic_ei,2,9.0,1,1,in_vivo_clearance,40
analytic_ei,3,2.0,1,1,in_vivo_clearance,40
analytic_ei,4,2.0,1,1,in_vivo_clearance,40
imitate_ei,1,8.916666666666666,1,1,in_vivo_clearance,40
imitate_ei,2,8.916666666666666,1,1,in_vivo_clearance,40
imitate_ei,3,1.8333333333333333,1,1,in_vivo_clearance,40
imitate_ei,4,1.8333333333333333,1,1,in_vivo_clearance,40
ingredients,1,7.75,1,1,in_vivo_clearance,40
ingredients,2,7.75,1,1,in_vivo_clearance,40
ingredients,3,1.9166666666666667,1,1,in_vivo_clearance,40
ingredients,4,1.9166666666666667,1,1,in_vivo_clearance,40
moments,1,7.75,1,1,in_vivo_clearance,40
moments,2,7.75,1,1,in_vivo_clearance,40
moments,3,1.9166666666666667,1,1,in_vivo_clearance,40
moments,4,1.9166666666666667,1,1,in_vivo_clearance,40
random,1,20.5,1,1,in_vivo_clearance,40
random,2,13.66666666666667,1,1,in_vivo_clearance,40
random,3,10.249999999999996,1,1,in_vivo_clearance,40
random,4,6.833333333333335,1,1,in_vivo_clearance,40
analytic_ei,1,2.75,2,2,protein_binding,40
analytic_ei,2,2.75,2,2,protein_binding,40
analytic_ei,3,2.0,2,2,protein_binding,40
analytic_ei,4,1.5,2,2,protein_binding,40
imitate_ei,1,2.75,2,2,protein_binding,40
imitate_ei,2,2.75,2,2,protein_binding,40
imitate_ei,3,2.0,2,2,protein_binding,40
imitate_ei,4,1.5,2,2,protein_binding,40
ingredients,1,1.875,2,2,protein_binding,40
ingredients,2,1.875,2,2,protein_binding,40
ingredients,3,1.8333333333333333,2,2,protein_binding,40
ingredients,4,1.5833333333333333,2,2,protein_binding,40
moments,1,1.7083333333333333,2,2,protein_binding,40
moments,2,1.7083333333333333,2,2,protein_binding,40
moments,3,1.7083333333333333,2,2,protein_binding,40
moments,4,1.625,2,2,protein_binding,40
random,1,32.75,2,2,protein_binding,40
random,2,21.833333333333336,2,2,protein_binding,40
random,3,16.375,2,2,protein_binding,40
random,4,13.100000000000001,2,2,protein_binding,40
analytic_ei,1,4.722222222222222,9,6,cellular_clearance,40
analytic_ei,2,4.5,9,6,cellular_clearance,40
analytic_ei,3,4.5,9,6,cellular_clearance,40
analytic_ei,4,4.472222222222222,9,6,cellular_clearance,40
imitate_ei,1,4.75,9,6,cellular_clearance,40
imitate_ei,2,4.527777777777778,9,6,cellular_clearance,40
imitate_ei,3,4.527777777777778,9,6,cellular_clearance,40
imitate_ei,4,4.5,9,6,cellular_clearance,40
ingredients,1,4.333333333333333,9,6,cellular_clearance,40
ingredients,2,4.055555555555555,9,6,cellular_clearance,40
ingredients,3,3.3703703703703707,9,6,cellular_clearance,40
ingredients,4,2.9074074074074074,9,6,cellular_clearance,40
moments,1,4.194444444444445,9,6,cellular_clearance,40
moments,2,3.9629629629629637,9,6,cellular_clearance,40
moments,3,3.351851851851852,9,6,cellular_clearance,40
moments,4,3.0277777777777777,9,6,cellular_clearance,40
random,1,14.09391534391534,9,6,cellular_clearance,40
random,2,10.66798941798942,9,6,cellular_clearance,40
random,3,8.584656084656084,9,6,cellular_clearance,40
random,4,7.186507936507937,9,6,cellular_clearance,40
analytic_ei,1,12.392857142857142,7,6,permeability,40
analytic_ei,2,5.214285714285714,7,6,permeability,40
analytic_ei,3,4.928571428571429,7,6,permeability,40
analytic_ei,4,3.6785714285714284,7,6,permeability,40
imitate_ei,1,12.416666666666668,7,6,permeability,40
imitate_ei,2,5.107142857142857,7,6,permeability,40
imitate_ei,3,4.773809523809524,7,6,permeability,40
imitate_ei,4,3.523809523809524,7,6,permeability,40
ingredients,1,13.535714285714286,7,6,permeability,40
ingredients,2,4.392857142857143,7,6,permeability,40
ingredients,3,4.273809523809524,7,6,permeability,40
ingredients,4,3.369047619047619,7,6,permeability,40
moments,1,13.511904761904761,7,6,permeability,40
moments,2,4.285714285714286,7,6,permeability,40
moments,3,4.154761904761904,7,6,permeability,40
moments,4,3.2142857142857144,7,6,permeability,40
random,1,26.64285714285714,7,6,permeability,40
random,2,17.761904761904766,7,6,permeability,40
random,3,13.321428571428568,7,6,permeability,40
random,4,10.657142857142857,7,6,permeability,40
analytic_ei,1,5.25,1,1,efflux,40
analytic_ei,2,5.25,1,1,efflux,40
analytic_ei,3,4.75,1,1,efflux,40
analytic_ei,4,1.0,1,1,efflux,40
imitate_ei,1,5.25,1,1,efflux,40
imitate_ei,2,5.25,1,1,efflux,40
imitate_ei,3,4.75,1,1,efflux,40
imitate_ei,4,1.0,1,1,efflux,40
ingredients,1,6.416666666666667,1,1,efflux,40
ingredients,2,6.416666666666667,1,1,efflux,40
ingredients,3,4.166666666666667,1,1,efflux,40
ingredients,4,1.0,1,1,efflux,40
moments,1,6.5,1,1,efflux,40
moments,2,6.5,1,1,efflux,40
moments,3,4.166666666666667,1,1,efflux,40
moments,4,1.0,1,1,efflux,40
random,1,19.999999999999982,1,1,efflux,40
random,2,13.333333333333334,1,1,efflux,40
random,3,10.0,1,1,efflux,40
random,4,5.714285714285716,1,1,efflux,40
analytic_ei,1,5.908333333333333,30,20,all,45
analytic_ei,2,4.075,30,20,all,45
analytic_ei,3,3.8916666666666666,30,20,all,45
analytic_ei,4,3.75,30,20,all,45
imitate_ei,1,5.891666666666667,30,20,all,45
imitate_ei,2,4.0472222222222225,30,20,all,45
imitate_ei,3,3.838888888888889,30,20,all,45
imitate_ei,4,3.716666666666667,30,20,all,45
ingredients,1,5.541666666666667,30,20,all,45
ingredients,2,3.5166666666666666,30,20,all,45
ingredients,3,3.2972222222222225,30,20,all,45
ingredients,4,3.066666666666667,30,20,all,45
moments,1,5.5055555555555555,30,20,all,45
moments,2,3.4805555555555556,30,20,all,45
moments,3,3.2944444444444443,30,20,all,45
moments,4,3.113888888888889,30,20,all,45
random,1,19.794670634920635,30,20,all,45
random,2,13.622448412698414,30,20,all,45
random,3,11.1513373015873,30,20,all,45
random,4,9.535781746031747,30,20,all,45
analytic_ei,1,3.875,18,11,microsomal_clearance,45
analytic_ei,2,3.3472222222222223,18,11,microsomal_clearance,45
analytic_ei,3,3.1527777777777777,18,11,microsomal_clearance,45
analytic_ei,4,3.111111111111111,18,11,microsomal_clearance,45
imitate_ei,1,3.861111111111111,18,11,microsomal_clearance,45
imitate_ei,2,3.351851851851852,18,11,microsomal_clearance,45
imitate_ei,3,3.115740740740741,18,11,microsomal_clearance,45
imitate_ei,4,3.101851851851852,18,11,microsomal_clearance,45
ingredients,1,3.3287037037037037,18,11,microsomal_clearance,45
ingredients,2,2.935185185185185,18,11,microsomal_clearance,45
ingredients,3,2.7314814814814814,18,11,microsomal_clearance,45
ingredients,4,2.7175925925925926,18,11,microsomal_clearance,45
moments,1,3.4027777777777777,18,11,microsomal_clearance,45
moments,2,2.990740740740741,18,11,microsomal_clearance,45
moments,3,2.8055555555555554,18,11,microsomal_clearance,45
moments,4,2.7916666666666665,18,11,microsomal_clearance,45
random,1,18.268234126984126,18,11,microsomal_clearance,45
random,2,12.49971560846561,18,11,microsomal_clearance,45
random,3,10.64045634920635,18,11,microsomal_clearance,45
random,4,9.303419312169313,18,11,microsomal_clearance,45
analytic_ei,1,4.5,1,1,protein_binding,45
analytic_ei,2,4.5,1,1,protein_binding,45
analytic_ei,3,3.0,1,1,protein_binding,45
analytic_ei,4,2.0,1,1,protein_binding,45
imitate_ei,1,4.5,1,1,protein_binding,45
imitate_ei,2,4.5,1,1,protein_binding,45
imitate_ei,3,3.0,1,1,protein_binding,45
imitate_ei,4,2.0,1,1,protein_binding,45
ingredients,1,2.75,1,1,protein_binding,45
ingredients,2,2.75,1,1,protein_binding,45
ingredients,3,2.6666666666666665,1,1,protein_binding,45
ingredients,4,2.1666666666666665,1,1,protein_binding,45
moments,1,2.4166666666666665,1,1,protein_binding,45
moments,2,2.4166666666666665,1,1,protein_binding,45
moments,3,2.4166666666666665,1,1,protein_binding,45
moments,4,2.25,1,1,protein_binding,45
random,1,45.500000000000014,1,1,protein_binding,45
random,2,30.333333333333336,1,1,protein_binding,45
random,3,22.75,1,1,protein_binding,45
random,4,18.200000000000003,1,1,protein_binding,45
analytic_ei,1,5.392857142857143,7,5,cellular_clearance,45
analytic_ei,2,5.107142857142857,7,5,cellular_clearance,45
analytic_ei,3,5.107142857142857,7,5,cellular_clearance,45
analytic_ei,4,5.071428571428571,7,5,cellular_clearance,45
imitate_ei,1,5.392857142857143,7,5,cellular_clearance,45
imitate_ei,2,5.107142857142857,7,5,cellular_clearance,45
imitate_ei,3,5.107142857142857,7,5,cellular_clearance,45
imitate_ei,4,5.071428571428571,7,5,cellular_clearance,45
ingredients,1,4.333333333333334,7,5,cellular_clearance,45
ingredients,2,3.976190476190476,7,5,cellular_clearance,45
ingredients,3,3.6904761904761907,7,5,cellular_clearance,45
ingredients,4,3.0952380952380953,7,5,cellular_clearance,45
moments,1,4.154761904761905,7,5,cellular_clearance,45
moments,2,3.857142857142857,7,5,cellular_clearance,45
moments,3,3.666666666666667,7,5,cellular_clearance,45
moments,4,3.25,7,5,cellular_clearance,45
random,1,13.358843537414964,7,5,cellular_clearance,45
random,2,9.906462585034015,7,5,cellular_clearance,45
random,3,8.180272108843537,7,5,cellular_clearance,45
random,4,7.144557823129252,7,5,cellular_clearance,45
analytic_ei,1,16.3125,4,4,permeability,45
analytic_ei,2,5.4375,4,4,permeability,45
analytic_ei,3,5.3125,4,4,permeability,45
analytic_ei,4,4.75,4,4,permeability,45
imitate_ei,1,16.25,4,4,permeability,45
imitate_ei,2,5.208333333333333,4,4,permeability,45
imitate_ei,3,5.083333333333333,4,4,permeability,45
imitate_ei,4,4.541666666666667,4,4,permeability,45
ingredients,1,18.3125,4,4,permeability,45
ingredients,2,5.520833333333333,4,4,permeability,45
ingredients,3,5.3125,4,4,permeability,45
ingredients,4,4.8125,4,4,permeability,45
moments,1,18.104166666666668,4,4,permeability,45
moments,2,5.291666666666666,4,4,permeability,45
moments,3,5.0625,4,4,permeability,45
moments,4,4.541666666666666,4,4,permeability,45
random,1,31.500000000000004,4,4,permeability,45
random,2,21.000000000000007,4,4,permeability,45
random,3,15.749999999999996,4,4,permeability,45
random,4,12.6,4,4,permeability,45
analytic_ei,1,6.725,20,14,all,50
analytic_ei,2,4.225,20,14,all,50
analytic_ei,3,4.025,20,14,all,50
analytic_ei,4,3.85,20,14,all,50
imitate_ei,1,6.725,20,14,all,50
imitate_ei,2,4.191666666666666,20,14,all,50
imitate_ei,3,3.9708333333333328,20,14,all,50
imitate_ei,4,3.8,20,14,all,50
ingredients,1,6.204166666666667,20,14,all,50
ingredients,2,3.4,20,14,all,50
ingredients,3,3.2875,20,14,all,50
ingredients,4,3.1625,20,14,all,50
moments,1,6.279166666666667,20,14,all,50
moments,2,3.4666666666666663,20,14,all,50
moments,3,3.3625,20,14,all,50
moments,4,3.25,20,14,all,50
random,1,23.88069642857143,20,14,all,50
random,2,15.789029761904766,20,14,all,50
random,3,12.780696428571428,20,14,all,50
random,4,10.707363095238097,20,14,all,50
analytic_ei,1,3.5535714285714284,14,8,microsomal_clearance,50
analytic_ei,2,3.1964285714285716,14,8,microsomal_clearance,50
analytic_ei,3,3.0535714285714284,14,8,microsomal_clearance,50
analytic_ei,4,3.0535714285714284,14,8,microsomal_clearance,50
imitate_ei,1,3.5714285714285716,14,8,microsomal_clearance,50
imitate_ei,2,3.2142857142857144,14,8,microsomal_clearance,50
imitate_ei,3,3.041666666666667,14,8,microsomal_clearance,50
imitate_ei,4,3.041666666666667,14,8,microsomal_clearance,50
ingredients,1,2.9702380952380953,14,8,microsomal_clearance,50
ingredients,2,2.7023809523809526,14,8,microsomal_clearance,50
ingredients,3,2.630952380952381,14,8,microsomal_clearance,50
ingredients,4,2.630952380952381,14,8,microsomal_clearance,50
moments,1,3.0773809523809526,14,8,microsomal_clearance,50
moments,2,2.8095238095238098,14,8,microsomal_clearance,50
moments,3,2.738095238095238,14,8,microsomal_clearance,50
moments,4,2.738095238095238,14,8,microsomal_clearance,50
random,1,20.043852040816322,14,8,microsomal_clearance,50
random,2,13.17480442176871,14,8,microsomal_clearance,50
random,3,11.222423469387754,14,8,microsomal_clearance,50
random,4,9.66766156462585,14,8,microsomal_clearance,50
analytic_ei,1,4.5,1,1,protein_binding,50
analytic_ei,2,4.5,1,1,protein_binding,50
analytic_ei,3,3.0,1,1,protein_binding,50
analytic_ei,4,2.0,1,1,protein_binding,50
imitate_ei,1,4.5,1,1,protein_binding,50
imitate_ei,2,4.5,1,1,protein_binding,50
imitate_ei,3,3.0,1,1,protein_binding,50
imitate_ei,4,2.0,1,1,protein_binding,50
ingredients,1,2.75,1,1,protein_binding,50
ingredients,2,2.75,1,1,protein_binding,50
ingredients,3,2.6666666666666665,1,1,protein_binding,50
ingredients,4,2.1666666666666665,1,1,protein_binding,50
moments,1,2.4166666666666665,1,1,protein_binding,50
moments,2,2.4166666666666665,1,1,protein_binding,50
moments,3,2.4166666666666665,1,1,protein_binding,50
moments,4,2.25,1,1,protein_binding,50
random,1,45.500000000000014,1,1,protein_binding,50
random,2,30.333333333333336,1,1,protein_binding,50
random,3,22.75,1,1,protein_binding,50
random,4,18.200000000000003,1,1,protein_binding,50
analytic_ei,1,15.0,1,1,cellular_clearance,50
analytic_ei,2,13.5,1,1,cellular_clearance,50
analytic_ei,3,13.5,1,1,cellular_clearance,50
analytic_ei,4,13.25,1,1,cellular_clearance,50
imitate_ei,1,15.0,1,1,cellular_clearance,50
imitate_ei,2,13.5,1,1,cellular_clearance,50
imitate_ei,3,13.5,1,1,cellular_clearance,50
imitate_ei,4,13.25,1,1,cellular_clearance,50
ingredients,1,6.5,1,1,cellular_clearance,50
ingredients,2,5.333333333333333,1,1,cellular_clearance,50
ingredients,3,5.0,1,1,cellular_clearance,50
ingredients,4,5.0,1,1,cellular_clearance,50
moments,1,7.666666666666667,1,1,cellular_clearance,50
moments,2,6.416666666666667,1,1,cellular_clearance,50
moments,3,6.25,1,1,cellular_clearance,50
moments,4,6.25,1,1,cellular_clearance,50
random,1,25.5,1,1,cellular_clearance,50
random,2,17.0,1,1,cellular_clearance,50
random,3,12.75,1,1,cellular_clearance,50
random,4,10.199999999999998,1,1,cellular_clearance,50
analytic_ei,1,16.3125,4,4,permeability,50
analytic_ei,2,5.4375,4,4,permeability,50
analytic_ei,3,5.3125,4,4,permeability,50
analytic_ei,4,4.75,4,4,permeability,50
imitate_ei,1,16.25,4,4,permeability,50
imitate_ei,2,5.208333333333333,4,4,permeability,50
imitate_ei,3,5.083333333333333,4,4,permeability,50
imitate_ei,4,4.541666666666667,4,4,permeability,50
ingredients,1,18.3125,4,4,permeability,50
ingredients,2,5.520833333333333,4,4,permeability,50
ingredients,3,5.3125,4,4,permeability,50
ingredients,4,4.8125,4,4,permeability,50
moments,1,18.104166666666668,4,4,permeability,50
moments,2,5.291666666666666,4,4,permeability,50
moments,3,5.0625,4,4,permeability,50
moments,4,4.541666666666666,4,4,permeability,50
random,1,31.500000000000004,4,4,permeability,50
random,2,21.000000000000007,4,4,permeability,50
random,3,15.749999999999996,4,4,permeability,50
random,4,12.6,4,4,permeability,50
