endpoint,minimum_pool_size,top_k,method,baseline,pools,groups,method_mean,baseline_mean,difference,difference_low,difference_high,improvement_percent,improvement_low,improvement_high,bootstrap_p,holm_p
all,3,1,tanimoto,gp_only,4625,2011,2.566864864864865,2.5704324324324324,-0.003567567567567563,-0.0235299695232113,0.014854593548763603,0.1387925052047158,-0.5784532065474015,0.9003407807877538,0.7048237940514871,
all,3,1,minimol,gp_only,4625,2011,2.571045045045045,2.5704324324324324,0.0006126126126126116,-0.017641300191141664,0.017866701715496165,-0.023833056449289746,-0.7057394212540589,0.6759827456046215,0.9607598100474881,
all,3,1,both_distances,gp_only,4625,2011,2.58790990990991,2.5704324324324324,0.017477477477477476,-0.005853581108799704,0.039452329152140427,-0.6799430810534228,-1.541741923232086,0.2269124135077736,0.14446388402899274,
all,3,2,tanimoto,gp_only,4625,2011,1.7527927927927929,1.7594414414414412,-0.006648648648648644,-0.020223422979562516,0.008114734697511342,0.3778840541121596,-0.4646231927927361,1.134324985121985,0.3604098975256186,
all,3,2,minimol,gp_only,4625,2011,1.754072072072072,1.7594414414414412,-0.005369369369369366,-0.019908529230479484,0.010071022296608063,0.3051746561664682,-0.5694809743715721,1.113362645433378,0.4918770307423144,
all,3,2,both_distances,gp_only,4625,2011,1.7741441441441443,1.7594414414414412,0.014702702702702703,-0.0027463771165483386,0.032872879375236225,-0.8356460383619124,-1.8636851794700082,0.15260570160309622,0.09347663084228942,
all,3,3,tanimoto,gp_only,4625,2011,1.0944864864864865,1.0961621621621622,-0.0016756756756756768,-0.012841797459766562,0.010204655308244692,0.15286749839736138,-0.9228032888747756,1.1546974794700797,0.783804048987753,
all,3,3,minimol,gp_only,4625,2011,1.0935135135135134,1.0961621621621622,-0.0026486486486486482,-0.015030902490579905,0.00942219204460013,0.24162927166034998,-0.8606856889201363,1.368359683751068,0.6818295426143464,
all,3,3,both_distances,gp_only,4625,2011,1.105135135135135,1.0961621621621622,0.008972972972972972,-0.006126983881760757,0.022642768464061484,-0.818580797869705,-2.0847729539191735,0.5496475789121642,0.2329417645588603,
all,3,4,tanimoto,gp_only,4625,2011,0.7752612612612612,0.7799819819819819,-0.00472072072072072,-0.01394181936302889,0.004773827824834428,0.6052345861535259,-0.5961051028413238,1.7420114835818954,0.31142214446388405,
all,3,4,minimol,gp_only,4625,2011,0.7790450450450451,0.7799819819819819,-0.0009369369369369348,-0.009799513711707264,0.00788455269682702,0.1201228949617446,-0.9954913658797722,1.231123197350188,0.8867783054236441,
all,3,4,both_distances,gp_only,4625,2011,0.783963963963964,0.7799819819819819,0.003981981981981983,-0.009131773503271648,0.01566594173351271,-0.5105223035875284,-2.023674336822187,1.1241952970024434,0.5268682829292677,
microsomal_clearance,3,1,tanimoto,gp_only,1827,897,2.4989053092501368,2.512953840540047,-0.014048531289910597,-0.030616432381480593,0.0028355508458933754,0.5590445420553775,-0.11311006095701108,1.2151815181085115,0.11347163209197701,
microsomal_clearance,3,1,minimol,gp_only,1827,897,2.5037401933953656,2.512953840540047,-0.009213647144681624,-0.02894916214201404,0.00683424487868886,0.36664609576359164,-0.27802963449710305,1.1573351866756354,0.29742564358910273,
microsomal_clearance,3,1,both_distances,gp_only,1827,897,2.503192848020434,2.512953840540047,-0.009760992519613203,-0.02814986395450355,0.01045069588392064,0.3884270519475607,-0.4209200722947924,1.1185080111159664,0.3089227693076731,
microsomal_clearance,3,2,tanimoto,gp_only,1827,897,1.7723499361430395,1.786672140120416,-0.014322203977376387,-0.031053038099134452,0.00233525700542512,0.8016134385131913,-0.13334896095676393,1.692696519657418,0.09047738065483629,
microsomal_clearance,3,2,minimol,gp_only,1827,897,1.7641397555190659,1.786672140120416,-0.022532384601350118,-0.049224995159461174,-0.0024849822973343513,1.2611370656863483,0.1437985810005307,2.6877909201012478,0.02649337665583604,
microsomal_clearance,3,2,both_distances,gp_only,1827,897,1.777960226236088,1.786672140120416,-0.008711913884327674,-0.03716243817346759,0.013357953170754526,0.4876056266115365,-0.7657901797474401,2.016201702266357,0.511872031992002,
microsomal_clearance,3,3,tanimoto,gp_only,1827,897,1.1205528188286809,1.1357872650976097,-0.015234446268929029,-0.028621771588077858,-0.002351850913635286,1.3413115939118794,0.2129507517945866,2.4320676648985913,0.01949512621844539,
microsomal_clearance,3,3,minimol,gp_only,1827,897,1.1239281153074256,1.1357872650976097,-0.011859149790184272,-0.034038964971077994,0.0032590989970178318,1.044134773703852,-0.2938946398847569,2.869691480744926,0.16945763559110222,
microsomal_clearance,3,3,both_distances,gp_only,1827,897,1.1270297390987047,1.1357872650976097,-0.008757525998905313,-0.036889083405345816,0.011263599105812224,0.7710533713505213,-1.0073073062828308,3.102914406281906,0.4898775306173457,
microsomal_clearance,3,4,tanimoto,gp_only,1827,897,0.8466976829045794,0.8630268199233716,-0.01632913701879219,-0.028740777382752544,-0.006360129591857422,1.8920775857512873,0.7753516753333408,3.1733405575836353,0.000999750062484379,
microsomal_clearance,3,4,minimol,gp_only,1827,897,0.8522623608830506,0.8630268199233716,-0.010764459040321106,-0.027831112900129882,0.0012552803491270071,1.2472913693779242,-0.153312022080878,3.0878917239191965,0.0894776305923519,
microsomal_clearance,3,4,both_distances,gp_only,1827,897,0.8503010399562124,0.8630268199233716,-0.012725779967159278,-0.03530747776730468,0.0045277864939918975,1.474552084984926,-0.5323355602619302,3.975313497859826,0.171457135716071,
in_vivo_clearance,3,1,tanimoto,gp_only,537,399,2.485102420856611,2.451427684667908,0.03367473618870266,-0.09598598258717243,0.15114942528735628,-1.3736785465594816,-6.418778543702245,3.7217814441643435,0.5723569107723069,
in_vivo_clearance,3,1,minimol,gp_only,537,399,2.4349782743637496,2.451427684667908,-0.01644941030415891,-0.12445538967748954,0.08590422141039367,0.6710134835728081,-3.6101103966949757,4.845220914271147,0.7543114221444639,
in_vivo_clearance,3,1,both_distances,gp_only,537,399,2.498292985723153,2.451427684667908,0.04686530105524518,-0.07257840624287994,0.16184238919375843,-1.911755396594287,-6.663610609766391,2.820379190618666,0.427393151712072,
in_vivo_clearance,3,2,tanimoto,gp_only,537,399,1.669615145872129,1.6424581005586592,0.027157045313469897,-0.04446799216679392,0.1009934818300497,-1.6534391534391442,-6.322868211236147,2.5995625184376214,0.4543864033991502,
in_vivo_clearance,3,2,minimol,gp_only,537,399,1.6354748603351956,1.6424581005586592,-0.006983240223463682,-0.08099283629401796,0.06359944142868383,0.42517006802720114,-3.926330441218962,4.664416282835288,0.860284928767808,
in_vivo_clearance,3,2,both_distances,gp_only,537,399,1.6817194289261328,1.6424581005586592,0.03926132836747361,-0.03526914733654754,0.12035021908068785,-2.3904006046863207,-7.308856685008302,2.1051518486348697,0.29742564358910273,
in_vivo_clearance,3,3,tanimoto,gp_only,537,399,0.9174425822470514,0.8943202979515829,0.023122284295468653,-0.03292067695284399,0.08118839433629696,-2.585458962345993,-9.279211035921461,3.4195781147000686,0.3739065233691577,
in_vivo_clearance,3,3,minimol,gp_only,537,399,0.8868715083798883,0.8943202979515829,-0.0074487895716946065,-0.0678578447585005,0.05355946050736684,0.8328995314940126,-6.163105351044568,7.113018325625984,0.7808047988003,
in_vivo_clearance,3,3,both_distances,gp_only,537,399,0.9301675977653632,0.8943202979515829,0.03584729981378025,-0.027574005991285403,0.09904658225919993,-4.008328995314947,-11.204570056471882,2.8826281861134855,0.24243939015246188,
in_vivo_clearance,3,4,tanimoto,gp_only,537,399,0.569522036002483,0.5450031036623215,0.02451893234016139,-0.024500672547547547,0.0741269512689362,-4.498861047836002,-13.998261277368305,4.160752656598923,0.30692326918270435,
in_vivo_clearance,3,4,minimol,gp_only,537,399,0.5591247672253259,0.5450031036623215,0.014121663563004337,-0.029128366576095074,0.058312154449794935,-2.5911161731207337,-11.046616769471134,5.185223605348087,0.5073731567108223,
in_vivo_clearance,3,4,both_distances,gp_only,537,399,0.5805400372439479,0.5450031036623215,0.035536933581626316,-0.019195290989003477,0.09282047104705979,-6.52050113895217,-16.661640163151045,3.3938692140436677,0.19495126218445388,
protein_binding,3,1,tanimoto,gp_only,880,355,2.1395833333333334,2.153598484848485,-0.014015151515151519,-0.03656484858204049,0.020361761680228338,0.6507782956644155,-0.9507622352090224,1.7015517796874258,0.3964008997750562,
protein_binding,3,1,minimol,gp_only,880,355,2.131912878787879,2.153598484848485,-0.021685606060606065,-0.04602203757843086,0.006814660215102776,1.0069474980212736,-0.3197477751885036,2.1658249118058417,0.12396900774806298,
protein_binding,3,1,both_distances,gp_only,880,355,2.1678977272727273,2.153598484848485,0.014299242424242424,-0.03725909243996953,0.04436467634269116,-0.663969747603547,-2.063609457363285,1.73855294493263,0.5773556610847288,
protein_binding,3,2,tanimoto,gp_only,880,355,1.4240530303030303,1.4393939393939392,-0.01534090909090909,-0.030469170716958743,0.0072225115740740704,1.0657894736841977,-0.5351749508512245,2.108701261360837,0.15446138465383655,
protein_binding,3,2,minimol,gp_only,880,355,1.4321022727272728,1.4393939393939392,-0.007291666666666664,-0.023450180399304188,0.013546999303001914,0.5065789473684077,-0.982450050594627,1.6474778993907118,0.4098975256185953,
protein_binding,3,2,both_distances,gp_only,880,355,1.4297348484848482,1.4393939393939392,-0.009659090909090905,-0.03696045076972387,0.007074986486889906,0.6710526315789542,-0.500486342540447,2.6654173772431276,0.2734316420894776,
protein_binding,3,3,tanimoto,gp_only,880,355,0.7652462121212121,0.7691287878787878,-0.003882575757575757,-0.015385416666666667,0.011205426521367403,0.504801772962313,-1.520984556588557,2.0098382883741843,0.5423644088977756,
protein_binding,3,3,minimol,gp_only,880,355,0.758901515151515,0.7691287878787878,-0.010227272727272727,-0.0223329500179067,0.0023598203133511214,1.3297217434129558,-0.3065159455979036,2.9298338932437478,0.10297425643589103,
protein_binding,3,3,both_distances,gp_only,880,355,0.7736742424242424,0.7691287878787878,0.004545454545454544,-0.0196969696969697,0.018613362011471252,-0.5909874415168789,-2.4241281648641317,2.5880238125963344,0.7008247938015496,
protein_binding,3,4,tanimoto,gp_only,880,355,0.48304924242424246,0.48712121212121207,-0.004071969696969696,-0.010416973159408918,0.007216086185899346,0.83592534992222,-1.5130624810497422,2.1034961499857143,0.4958760309922519,
protein_binding,3,4,minimol,gp_only,880,355,0.48551136363636366,0.48712121212121207,-0.0016098484848484844,-0.006966245477765643,0.0050092108446065375,0.3304821150855209,-1.012321707148022,1.429478835531029,0.5308672831792052,
protein_binding,3,4,both_distances,gp_only,880,355,0.48664772727272726,0.48712121212121207,-0.00047348484848484834,-0.017293092551486,0.008545634956043463,0.09720062208397272,-1.772635415714851,3.448302176750452,0.9547613096725819,
cellular_clearance,3,1,tanimoto,gp_only,524,222,2.762881679389313,2.760655216284987,0.0022264631043257058,-0.02710381422305763,0.03620317916231479,-0.0806498070165382,-1.2026586822672696,0.922492321672188,0.8962759310172457,
cellular_clearance,3,1,minimol,gp_only,524,222,2.8093193384223922,2.760655216284987,0.04866412213740458,0.00626927133237519,0.12029804763709347,-1.7627743533613884,-3.9276196560930408,-0.23412912173499426,0.022494376405898527,
cellular_clearance,3,1,both_distances,gp_only,524,222,2.831265903307888,2.760655216284987,0.07061068702290076,0.005780470597118454,0.17854944572726594,-2.5577510225243505,-5.889574365911613,-0.2233518506812618,0.030992251937015745,
cellular_clearance,3,2,tanimoto,gp_only,524,222,1.887881679389313,1.8875636132315523,0.000318066157760825,-0.02386276653102346,0.03149172405219532,-0.016850619260248775,-1.5633334200336058,1.2084143950604291,0.9697575606098475,
cellular_clearance,3,2,minimol,gp_only,524,222,1.9107824427480915,1.8875636132315523,0.02321882951653945,-0.01832908181811572,0.0809770384556064,-1.2300952059988075,-3.933190932504791,0.9880190521729949,0.24793801549612596,
cellular_clearance,3,2,both_distances,gp_only,524,222,1.9551526717557253,1.8875636132315523,0.06758905852417302,0.012828991832785535,0.16534054580330154,-3.5807565928047818,-7.815235667160114,-0.7111124685034245,0.0069982504373906525,
cellular_clearance,3,3,tanimoto,gp_only,524,222,1.268447837150127,1.2617684478371503,0.006679389312977102,-0.010279205794745812,0.028440468909276265,-0.5293672800604791,-2.0313093241769025,0.7577889127623468,0.4258935266183454,
cellular_clearance,3,3,minimol,gp_only,524,222,1.2779898218829517,1.2617684478371503,0.016221374045801533,-0.019649455623708515,0.06314992303837345,-1.2856062515754945,-4.353549575582299,1.5406122436941099,0.3374156460884779,
cellular_clearance,3,3,both_distances,gp_only,524,222,1.2853053435114503,1.2617684478371503,0.023536895674300257,-0.0035463324176291723,0.06588638542022751,-1.8653894630703147,-4.3488435395723,0.2918193323327993,0.09397650587353162,
cellular_clearance,3,4,tanimoto,gp_only,524,222,0.9118956743002543,0.9122137404580153,-0.00031806615776081124,-0.015656102058346725,0.01583140654774993,0.034867503486768155,-1.5808381446225954,1.5523284700386961,0.9492626843289178,
cellular_clearance,3,4,minimol,gp_only,524,222,0.9192111959287531,0.9122137404580153,0.00699745547073792,-0.007310862168014483,0.030045233957535365,-0.7670850767084978,-2.6755830912193326,0.941862105525743,0.40189952511872035,
cellular_clearance,3,4,both_distances,gp_only,524,222,0.9180979643765904,0.9122137404580153,0.005884223918575066,-0.016436904234094434,0.03491100475475477,-0.6450488145048884,-3.25359148066816,1.7328872217651918,0.6098475381154711,
permeability,3,1,tanimoto,gp_only,516,376,3.1763565891472867,3.1742571059431524,0.002099483204134375,-0.04984577628429899,0.057009886895165104,-0.06614093106079773,-1.7982232824863476,1.5731331703333824,0.9177705573606598,
permeability,3,1,minimol,gp_only,516,376,3.191860465116279,3.1742571059431524,0.01760335917312662,-0.055314327701063495,0.08460143723774718,-0.5545662681251589,-2.7305827094207946,1.6828859600652968,0.6118470382404398,
permeability,3,1,both_distances,gp_only,516,376,3.2330426356589146,3.1742571059431524,0.05878552971576227,-0.01067658305251996,0.13172635376243366,-1.8519460697023644,-4.152405067279963,0.33019203884556536,0.09997500624843789,
permeability,3,2,tanimoto,gp_only,516,376,2.0406976744186047,2.055717054263566,-0.015019379844961244,-0.05500183603371523,0.026256055963725874,0.7306151308036832,-1.2423837734503158,2.6285068457102856,0.46238440389902524,
permeability,3,2,minimol,gp_only,516,376,2.087532299741602,2.055717054263566,0.031815245478036186,-0.018849280129671984,0.08398886308909531,-1.5476471050357388,-4.070880512546572,0.8941181773139667,0.2184453886528368,
permeability,3,2,both_distances,gp_only,516,376,2.112564599483204,2.055717054263566,0.05684754521963824,0.002333780805571799,0.1113111678493771,-2.7653389897085154,-5.2756557726474504,-0.114299628900679,0.04048987753061734,
permeability,3,3,tanimoto,gp_only,516,376,1.3751614987080103,1.373546511627907,0.0016149870801033474,-0.03217348067132382,0.037914578111946526,-0.11757789535566256,-2.6940941179724387,2.3480590416146243,0.9372656835791052,
permeability,3,3,minimol,gp_only,516,376,1.3982558139534884,1.373546511627907,0.0247093023255814,-0.01616735330222528,0.06597239276358874,-1.798941798941794,-4.742280615786965,1.1637247901423877,0.23494126468382903,
permeability,3,3,both_distances,gp_only,516,376,1.4039082687338502,1.373546511627907,0.030361757105943153,-0.011565771638516813,0.07234966856060605,-2.210464432686653,-5.11994422674607,0.8420943347621285,0.17345663584103974,
permeability,3,4,tanimoto,gp_only,516,376,0.9618863049095607,0.9691537467700259,-0.007267441860465125,-0.03475343634425175,0.02240729899706885,0.749875020829863,-2.2722531392580687,3.5812708931226545,0.6183454136465883,
permeability,3,4,minimol,gp_only,516,376,0.9843346253229975,0.9691537467700259,0.015180878552971585,-0.016188583881929206,0.04779289568799923,-1.5664055990668326,-4.8514380244722926,1.640172762560822,0.3504123969007748,
permeability,3,4,both_distances,gp_only,516,376,0.9896640826873384,0.9691537467700259,0.020510335917312654,-0.013861394211828231,0.05883596970212044,-2.116313947675376,-5.757628419247089,1.4782396837642346,0.26193451637090726,
efflux,3,1,tanimoto,gp_only,341,251,2.9389051808406648,2.935483870967742,0.003421309872922785,-0.09477923766436937,0.10250208966565352,-0.11655011655011645,-3.5297628935115917,3.1331560728779126,0.9512621844538866,
efflux,3,1,minimol,gp_only,341,251,2.973607038123167,2.935483870967742,0.03812316715542521,-0.030471371076839834,0.10526352339181283,-1.2987012987012976,-3.5373804872482437,1.0514777730825573,0.2994251437140715,
efflux,3,1,both_distances,gp_only,341,251,2.9166666666666665,2.935483870967742,-0.018817204301075283,-0.10916759950248754,0.08420646004987623,0.641025641025648,-2.935974479575837,3.662457136728643,0.6388402899275181,
efflux,3,2,tanimoto,gp_only,341,251,1.9841153470185728,1.9784946236559142,0.005620723362658866,-0.06408415144322976,0.0891823514649602,-0.28409090909089757,-4.542384079177062,3.128570606602991,0.9177705573606598,
efflux,3,2,minimol,gp_only,341,251,1.9723851417399803,1.9784946236559142,-0.006109481915933528,-0.04487227182539682,0.03949636581619276,0.3087944664031842,-1.981377616148592,2.304990945708038,0.7898025493626594,
efflux,3,2,both_distances,gp_only,341,251,1.997800586510264,1.9784946236559142,0.01930596285434995,-0.04514236111111111,0.1024827166056237,-0.9757905138339799,-5.176908465511624,2.2085778650646954,0.6028492876780804,
efflux,3,3,tanimoto,gp_only,341,251,1.391251221896383,1.3714565004887584,0.01979472140762463,-0.04377233858845937,0.09774329828515994,-1.4433357091945818,-7.147897551854591,3.2376964625496485,0.6233441639590103,
efflux,3,3,minimol,gp_only,341,251,1.3748778103616812,1.3714565004887584,0.003421309872922773,-0.02504327549690453,0.04180174354150569,-0.24946543121881662,-2.9548933738290253,1.929343534830001,0.8762809297675581,
efflux,3,3,both_distances,gp_only,341,251,1.3897849462365592,1.3714565004887584,0.01832844574780058,-0.03767799529124521,0.08910249177380968,-1.3364219529579624,-6.472963799054489,2.7784810567473013,0.6113471632091977,
efflux,3,4,tanimoto,gp_only,341,251,0.9782502443792768,0.9714076246334311,0.006842619745845559,-0.03759692648780048,0.0648813776430685,-0.7044025157232813,-6.594181860282807,3.7214516490448255,0.8772806798300425,
efflux,3,4,minimol,gp_only,341,251,0.9645650048875855,0.9714076246334311,-0.006842619745845551,-0.028797455220620362,0.01661267995570322,0.7044025157232813,-1.6952094252388925,2.945303531209917,0.5558610347413147,
efflux,3,4,both_distances,gp_only,341,251,0.9987781036168134,0.9714076246334311,0.027370478983382206,-0.01872377901702882,0.08950881532217148,-2.8176100628930905,-9.316165404812569,1.902631613483205,0.3269182704323919,
all,15,1,tanimoto,gp_only,580,334,5.701580459770115,5.694971264367815,0.006609195402298849,-0.09694647191038101,0.1099535999302643,-0.11605318263240494,-1.982394405659536,1.6962184836778598,0.8907773056735816,1.0
all,15,1,minimol,gp_only,580,334,5.714367816091953,5.694971264367815,0.01939655172413794,-0.09149646272403208,0.13015048328096915,-0.34059086207331485,-2.3356494692043674,1.5717788414249885,0.7258185453636591,1.0
all,15,1,both_distances,gp_only,580,334,5.813505747126437,5.694971264367815,0.11853448275862069,0.0021073374566200425,0.23896018332469107,-2.0813886015591705,-4.278625885625109,-0.03756338799509088,0.04598850287428143,0.1379655086228443
all,15,2,tanimoto,gp_only,580,334,3.794109195402299,3.8382183908045984,-0.04410919540229883,-0.12701970908869356,0.04348997764799198,1.1492101519802493,-1.148733776905184,3.2103634155040233,0.30692326918270435,
all,15,2,minimol,gp_only,580,334,3.7946839080459775,3.8382183908045984,-0.043534482758620686,-0.15196244038155798,0.05560215410474172,1.1342367298045999,-1.5031873556639326,3.792581331407079,0.4083979005248688,
all,15,2,both_distances,gp_only,580,334,3.902298850574712,3.8382183908045984,0.06408045977011491,-0.05412963886733428,0.17580725591969806,-1.6695365725836306,-4.685876174938701,1.3813754393209299,0.2854286428392902,
all,15,3,tanimoto,gp_only,580,334,3.0548850574712647,3.079597701149425,-0.024712643678160923,-0.09315558441270157,0.05534999735540149,0.8024633759447365,-1.8551043622995853,2.982876357249967,0.49687578105473634,
all,15,3,minimol,gp_only,580,334,3.0754310344827585,3.079597701149425,-0.004166666666666687,-0.08686842755717504,0.07878434915448236,0.13529905757207406,-2.637297254181493,2.8114673376858477,0.9702574356410897,
all,15,3,both_distances,gp_only,580,334,3.102298850574713,3.079597701149425,0.022701149425287344,-0.08232882774479924,0.12322213083512208,-0.7371465895306806,-4.101883236708342,2.6085991518709104,0.6558360409897526,
all,15,4,tanimoto,gp_only,580,334,2.4916666666666663,2.5389367816091952,-0.04727011494252874,-0.10873891376887951,0.01811691252587994,1.86180748118387,-0.7293696732879433,4.16973378235602,0.14746313421644588,
all,15,4,minimol,gp_only,580,334,2.5367816091954025,2.5389367816091952,-0.0021551724137930973,-0.0662587506298309,0.051888310954791864,0.08488483956763754,-2.0601496074319154,2.5227250968135357,0.976255936015996,
all,15,4,both_distances,gp_only,580,334,2.538362068965517,2.5389367816091952,-0.0005747126436781619,-0.09445738276562894,0.0827587026302668,0.022635957218040174,-3.2842108180004432,3.608077893642778,0.9887528117970508,
microsomal_clearance,15,1,tanimoto,gp_only,311,183,4.961950696677384,5.028135048231511,-0.06618435155412648,-0.1303354160889608,-0.0053669794188862,1.3162803090860737,0.10946679057323214,2.563547515328995,0.03699075231192202,0.5548612846788302
microsomal_clearance,15,1,minimol,gp_only,311,183,4.981511254019293,5.028135048231511,-0.04662379421221864,-0.14593768507935073,0.03477216838722245,0.9272581934452324,-0.7312852096790246,2.8122409689484384,0.29642589352661836,1.0
microsomal_clearance,15,1,both_distances,gp_only,311,183,4.987138263665595,5.028135048231511,-0.04099678456591639,-0.10930418061489665,0.02069545325072992,0.815347721822535,-0.41502930174129593,2.1405666850960112,0.21144713821544614,1.0
microsomal_clearance,15,2,tanimoto,gp_only,311,183,3.516881028938907,3.612540192926045,-0.09565916398713824,-0.17264156065777225,-0.022325847671322813,2.6479750778816133,0.6613696545215323,4.472548331631752,0.006498375406148463,
microsomal_clearance,15,2,minimol,gp_only,311,183,3.4967845659163985,3.612540192926045,-0.11575562700964633,-0.26469285619662913,-0.004745275010610946,3.2042723631508725,0.1364482609568734,6.869344145829675,0.03849037740564859,
microsomal_clearance,15,2,both_distances,gp_only,311,183,3.5586816720257235,3.612540192926045,-0.05385852090032155,-0.22280505952380958,0.06039432694350853,1.4908767245215833,-1.7856492063173612,5.743332524498009,0.47488127968008,
microsomal_clearance,15,3,tanimoto,gp_only,311,183,2.7663451232583065,2.844855305466238,-0.07851018220793142,-0.14785808834773298,-0.021849658557405047,2.7597249693887194,0.8420775902688531,4.881333235940615,0.005498625343664084,
microsomal_clearance,15,3,minimol,gp_only,311,183,2.789657020364416,2.844855305466238,-0.05519828510182209,-0.1746514842985766,0.02848807336327756,1.9402844494678322,-1.0173214438383755,5.721945213740118,0.2699325168707823,
microsomal_clearance,15,3,both_distances,gp_only,311,183,2.769828510182208,2.844855305466238,-0.07502679528403002,-0.23182682083997871,0.032350837077449714,2.6372798342281243,-1.193123039900229,7.661665462004122,0.2524368907773057,
microsomal_clearance,15,4,tanimoto,gp_only,311,183,2.395498392282958,2.47508038585209,-0.07958199356913183,-0.1443183083845674,-0.02898424919484701,3.215329652484579,1.2790365137691433,5.481477239886615,0.0004998750312421895,
microsomal_clearance,15,4,minimol,gp_only,311,183,2.427384780278671,2.47508038585209,-0.04769560557341907,-0.13989502391081646,0.015349373685217103,1.9270325863375526,-0.6607725734325678,5.30559717691604,0.21144713821544614,
microsomal_clearance,15,4,both_distances,gp_only,311,183,2.40032154340836,2.47508038585209,-0.0747588424437299,-0.21074655041286405,0.019832218217130833,3.0204611886976327,-0.8623284776273366,8.0005190480854,0.15546113471632092,
in_vivo_clearance,15,1,tanimoto,gp_only,20,16,7.370833333333333,6.929166666666667,0.4416666666666666,-1.4502083333333333,2.693229166666669,-6.374022850270579,-55.29003791849067,16.35635062754329,0.6458385403649087,1.0
in_vivo_clearance,15,1,minimol,gp_only,20,16,6.366666666666666,6.929166666666667,-0.5625000000000003,-2.2821022727272724,1.491087962962964,8.117859290438977,-30.88988801054018,26.33672297642136,0.5838540364908773,1.0
in_vivo_clearance,15,1,both_distances,gp_only,20,16,8.7625,6.929166666666667,1.8333333333333335,0.3180976430976431,3.8386429398148154,-26.458208057726978,-76.02313370224472,-4.041013471403228,0.014996250937265684,0.25493626593351665
in_vivo_clearance,15,2,tanimoto,gp_only,20,16,4.991666666666667,4.779166666666667,0.21249999999999983,-1.0288461538461535,1.6094184027777778,-4.446381865736711,-46.011734491174295,18.804275217100873,0.749312671832042,
in_vivo_clearance,15,2,minimol,gp_only,20,16,4.425,4.779166666666667,-0.3541666666666667,-1.5208333333333333,1.1500260416666668,7.410636442894514,-33.01103258179887,26.49401770035765,0.5703574106473381,
in_vivo_clearance,15,2,both_distances,gp_only,20,16,5.379166666666666,4.779166666666667,0.6,-0.5501704545454545,1.9352430555555555,-12.554489973844804,-54.934553179824555,10.373040611107525,0.3029242689327668,
in_vivo_clearance,15,3,tanimoto,gp_only,20,16,4.166666666666666,4.070833333333334,0.0958333333333333,-0.9491898148148147,1.1979456018518517,-2.354145342886362,-37.77918894830658,19.830126811559808,0.8187953011747063,
in_vivo_clearance,15,3,minimol,gp_only,20,16,4.175,4.070833333333334,0.10416666666666663,-1.0333333333333332,1.3889583333333335,-2.558853633572145,-43.043390465728635,22.174557507865835,0.891777055736066,
in_vivo_clearance,15,3,both_distances,gp_only,20,16,4.629166666666666,4.070833333333334,0.5583333333333331,-0.5990411931818181,1.7314814814814814,-13.71545547594676,-55.01002996292722,13.068273092369482,0.33941514621344665,
in_vivo_clearance,15,4,tanimoto,gp_only,20,16,3.2708333333333335,3.1333333333333337,0.13750000000000004,-0.9128787878787878,1.0583333333333331,-4.3882978723404165,-45.77640696298799,24.792572065928486,0.7528117970507373,
in_vivo_clearance,15,4,minimol,gp_only,20,16,3.3708333333333336,3.1333333333333337,0.2375,-0.5667045454545454,0.8708333333333332,-7.579787234042547,-36.035771912637586,16.04589800497418,0.5033741564608848,
in_vivo_clearance,15,4,both_distances,gp_only,20,16,3.554166666666667,3.1333333333333337,0.4208333333333333,-0.6574074074074074,1.4115885416666674,-13.430851063829788,-52.68258958755917,19.766024869798578,0.42089477630592353,
protein_binding,15,1,tanimoto,gp_only,44,29,5.829545454545454,5.890151515151516,-0.06060606060606067,-0.40603847828791834,0.3395937499999999,1.0289389067524257,-6.0582442360162005,6.7003508777525775,0.751812046988253,1.0
protein_binding,15,1,minimol,gp_only,44,29,5.791666666666665,5.890151515151516,-0.0984848484848485,-0.40975048449612406,0.21952084414461162,1.6720257234727012,-3.8163980936728716,7.205623015990257,0.5098725318670333,1.0
protein_binding,15,1,both_distances,gp_only,44,29,5.863636363636363,5.890151515151516,-0.026515151515151582,-0.5247919794794795,0.38696946169772267,0.45016077170419283,-6.85745276115053,9.161650297475584,0.9057735566108472,1.0
protein_binding,15,2,tanimoto,gp_only,44,29,3.2462121212121215,3.25,-0.0037878787878787845,-0.2400019841269841,0.2657767142142142,0.11655011655010619,-10.12133301417591,6.926651008565901,0.9672581854536366,
protein_binding,15,2,minimol,gp_only,44,29,3.2140151515151514,3.25,-0.035984848484848515,-0.27244318181818183,0.22083971088435372,1.1072261072261114,-7.871014800898907,8.423673400515241,0.7363159210197451,
protein_binding,15,2,both_distances,gp_only,44,29,3.1325757575757573,3.25,-0.11742424242424243,-0.3652605397951143,0.14312137681159423,3.61305361305362,-5.337909948368859,11.106465599390125,0.34241439640089977,
protein_binding,15,3,tanimoto,gp_only,44,29,2.3674242424242427,2.397727272727273,-0.03030303030303033,-0.18033356102003648,0.16447508996851104,1.2638230647709308,-9.492749316533938,7.045479947687117,0.72831792051987,
protein_binding,15,3,minimol,gp_only,44,29,2.352272727272727,2.397727272727273,-0.04545454545454552,-0.21768997371675947,0.13636889730639734,1.8957345971564148,-7.683665031934305,9.725821489809409,0.6273431642089478,
protein_binding,15,3,both_distances,gp_only,44,29,2.3257575757575757,2.397727272727273,-0.071969696969697,-0.2735042735042734,0.15686974789915972,3.001579778830975,-9.025790304959145,11.621001646258188,0.4973756560859785,
protein_binding,15,4,tanimoto,gp_only,44,29,1.770833333333333,1.8106060606060608,-0.03977272727272726,-0.14974609374999998,0.09761904761904759,2.1966527196652974,-7.177279113407936,6.449870405023075,0.6383404148962759,
protein_binding,15,4,minimol,gp_only,44,29,1.8314393939393938,1.8106060606060608,0.020833333333333315,-0.04294733044733043,0.08558558558558557,-1.150627615062745,-5.7514558853844555,2.7915853913886775,0.49087728067983005,
protein_binding,15,4,both_distances,gp_only,44,29,1.8106060606060608,1.8106060606060608,-1.5139404881252134e-17,-0.2143339768339768,0.13095789241622574,0.0,-7.621004748671043,13.671031423300114,0.9247688077980505,
cellular_clearance,15,1,tanimoto,gp_only,79,53,6.210970464135022,6.236286919831224,-0.025316455696202497,-0.14444661458333333,0.08706609000452296,0.4059539918809223,-1.369638792978445,2.341702755474787,0.6848287928017995,1.0
cellular_clearance,15,1,minimol,gp_only,79,53,6.546413502109705,6.236286919831224,0.310126582278481,0.07307560137457043,0.5801026447510822,-4.972936400541269,-9.250675358448902,-1.1837324765924435,0.012496875781054736,0.22494376405898525
cellular_clearance,15,1,both_distances,gp_only,79,53,6.64873417721519,6.236286919831224,0.4124472573839662,0.05870576096788773,0.8781210021321961,-6.613667117726653,-13.894438855056434,-0.9850128673980736,0.022494376405898527,0.3599100224943764
cellular_clearance,15,2,tanimoto,gp_only,79,53,3.901898734177216,3.9451476793248954,-0.04324894514767928,-0.14143648018648017,0.052704434046345894,1.0962566844919805,-1.3999713792875956,3.3966513735539086,0.36590852286928266,
cellular_clearance,15,2,minimol,gp_only,79,53,4.010548523206751,3.9451476793248954,0.06540084388185655,-0.20707847344483565,0.33591557017543877,-1.657754010695158,-8.35755272529699,4.955864162289718,0.6208447888027993,
cellular_clearance,15,2,both_distances,gp_only,79,53,4.295358649789028,3.9451476793248954,0.350210970464135,0.06802466220084731,0.758454106280193,-8.877005347593522,-17.904295881161755,-1.7125836950141167,0.011997000749812546,
cellular_clearance,15,3,tanimoto,gp_only,79,53,3.449367088607595,3.479957805907173,-0.03059071729957804,-0.13242155485306173,0.0650406504065041,0.8790542588663235,-1.9560107389054777,3.5070765528925745,0.5043739065233691,
cellular_clearance,15,3,minimol,gp_only,79,53,3.5263713080168775,3.479957805907173,0.04641350210970466,-0.1765447874493927,0.2605488946336245,-1.333737496210963,-7.450125201350872,4.675784905073805,0.625343664083979,
cellular_clearance,15,3,both_distances,gp_only,79,53,3.61814345991561,3.479957805907173,0.13818565400843882,-0.021704430816608257,0.3229206730769231,-3.9709002728098826,-8.924340529173763,0.6218921038579649,0.08797800549862535,
cellular_clearance,15,4,tanimoto,gp_only,79,53,2.8090717299578056,2.8386075949367084,-0.029535864978902926,-0.11619863212194971,0.05588369594413108,1.0405053883314705,-1.965935191190966,3.904598568558823,0.4703824043989003,
cellular_clearance,15,4,minimol,gp_only,79,53,2.8755274261603376,2.8386075949367084,0.036919831223628706,-0.047946070291960706,0.1330907960199005,-1.3006317354143617,-4.438650923201902,1.7270091883602574,0.4078980254936266,
cellular_clearance,15,4,both_distances,gp_only,79,53,2.8723628691983123,2.8386075949367084,0.033755274261603366,-0.11364098300073908,0.17983262383900933,-1.1891490152359887,-6.112193593198397,3.9741881910248105,0.6408397900524869,
permeability,15,1,tanimoto,gp_only,72,62,7.784722222222222,7.645833333333333,0.13888888888888895,-0.14352904040404035,0.48464788732394376,-1.8165304268846556,-6.147995216281729,1.971373006335076,0.37140714821294674,1.0
permeability,15,1,minimol,gp_only,72,62,7.709490740740743,7.645833333333333,0.0636574074074075,-0.3461703431372547,0.44158484993614316,-0.8325764456555,-6.083878798369844,4.443378140284969,0.7178205448637841,1.0
permeability,15,1,both_distances,gp_only,72,62,7.850694444444445,7.645833333333333,0.20486111111111113,-0.18230058504566213,0.5939249164578112,-2.6793823796548657,-8.208485517710015,2.4397654998367098,0.30492376905773555,1.0
permeability,15,2,tanimoto,gp_only,72,62,4.706018518518518,4.74537037037037,-0.03935185185185189,-0.2659434417706476,0.1780717329545456,0.8292682926829317,-3.7292533220867856,5.520227729922728,0.7138215446138465,
permeability,15,2,minimol,gp_only,72,62,4.896990740740741,4.74537037037037,0.15162037037037035,-0.14493682645856565,0.4510773189484128,-3.1951219512195284,-9.727206011783347,3.0780820017716697,0.3089227693076731,
permeability,15,2,both_distances,gp_only,72,62,4.976851851851852,4.74537037037037,0.23148148148148145,-0.07291666666666657,0.5607166988416988,-4.878048780487813,-11.586607140068647,1.4616549527738372,0.13596600849787552,
permeability,15,3,tanimoto,gp_only,72,62,3.7349537037037033,3.706018518518518,0.028935185185185144,-0.15121626984126993,0.22148021308980212,-0.7807620237351638,-5.670426012181489,4.356645273647886,0.8077980504873782,
permeability,15,3,minimol,gp_only,72,62,3.8043981481481484,3.706018518518518,0.09837962962962968,-0.14815705128205126,0.34525142146410803,-2.6545908806995784,-9.321685936616822,4.014187601204849,0.40589852536865784,
permeability,15,3,both_distances,gp_only,72,62,3.888888888888889,3.706018518518518,0.18287037037037035,-0.04104166666666672,0.4590343735866127,-4.934415990006254,-11.620034515385298,1.1274804644054137,0.13096725818545363,
permeability,15,4,tanimoto,gp_only,72,62,2.824074074074074,2.905092592592593,-0.08101851851851857,-0.22097043193125285,0.06904761904761901,2.7888446215139617,-2.198199841878001,8.032935311445083,0.2689327668082979,
permeability,15,4,minimol,gp_only,72,62,2.945601851851852,2.905092592592593,0.040509259259259287,-0.1421743697478991,0.23897058823529402,-1.3944223107569658,-8.167171165396494,4.865360483261983,0.6468382904273932,
permeability,15,4,both_distances,gp_only,72,62,3.0057870370370368,2.905092592592593,0.10069444444444443,-0.09471441387559805,0.3183060515873016,-3.4661354581673063,-10.00927968088691,3.5623560769523683,0.3359160209947513,
efflux,15,1,tanimoto,gp_only,54,49,5.71604938271605,5.526234567901236,0.18981481481481485,-0.2028351915380216,0.6528163580246915,-3.434794750069797,-12.500882768361583,3.6137511418473363,0.41639590102474383,1.0
efflux,15,1,minimol,gp_only,54,49,5.753086419753085,5.526234567901236,0.22685185185185186,-0.039089023919753156,0.5432281144781146,-4.104998603741927,-9.771333743660064,0.7468131513877448,0.12146963259185203,1.0
efflux,15,1,both_distances,gp_only,54,49,5.5015432098765435,5.526234567901236,-0.02469135802469141,-0.4530471380471381,0.4755347593582888,0.4468025691147904,-9.123658749499866,7.763658501849889,0.8672831792051987,1.0
efflux,15,2,tanimoto,gp_only,54,49,4.020061728395062,3.9027777777777772,0.11728395061728406,-0.25329991087344017,0.6160448438634715,-3.005140371688428,-16.766229253784562,6.217657543174858,0.6118470382404398,
efflux,15,2,minimol,gp_only,54,49,3.964506172839506,3.9027777777777772,0.06172839506172839,-0.13983176957223564,0.3034706807251203,-1.581652827204436,-7.818927190116781,3.5943292428323113,0.5813546613346663,
efflux,15,2,both_distances,gp_only,54,49,3.953703703703704,3.9027777777777772,0.050925925925925916,-0.29834355345911945,0.4944157678479714,-1.3048635824436796,-13.412204923663317,7.163801421506081,0.8702824293926519,
efflux,15,3,tanimoto,gp_only,54,49,3.381172839506173,3.1990740740740744,0.18209876543209877,-0.17810598377281944,0.6360887337391098,-5.692233478051123,-20.557258391138593,5.502292256188771,0.3949012746813297,
efflux,15,3,minimol,gp_only,54,49,3.271604938271605,3.1990740740740744,0.07253086419753085,-0.08939393939393939,0.28062308256635987,-2.26724553786781,-8.591915245283413,2.9138804964814238,0.45638590352411895,
efflux,15,3,both_distances,gp_only,54,49,3.2808641975308643,3.1990740740740744,0.08179012345679011,-0.24999999999999994,0.5348813607775873,-2.5566811384466894,-17.16908678045132,7.838539702380314,0.7193201699575106,
efflux,15,4,tanimoto,gp_only,54,49,2.4367283950617287,2.353395061728395,0.08333333333333337,-0.15064858490566033,0.43337962962962984,-3.540983606557383,-18.826867161664687,6.349509269356599,0.6988252936765809,
efflux,15,4,minimol,gp_only,54,49,2.3919753086419755,2.353395061728395,0.03858024691358026,-0.07273200757575757,0.16346726190476193,-1.6393442622950845,-6.832460676251449,3.086553364697455,0.5463634091477131,
efflux,15,4,both_distances,gp_only,54,49,2.4382716049382713,2.353395061728395,0.08487654320987659,-0.1619518693221524,0.4454576376004947,-3.606557377049163,-19.50315081995891,6.8642373546582975,0.7028242939265184,
