method,top_k,mean_acquisitions,pools,groups,endpoint,minimum_pool_size
both_distances,1,2.58790990990991,4625,2011,all,3
both_distances,2,1.7741441441441441,4625,2011,all,3
both_distances,3,1.105135135135135,4625,2011,all,3
both_distances,4,0.783963963963964,4625,2011,all,3
gp_ei,1,2.5169189189189187,4625,2011,all,3
gp_ei,2,1.7263243243243243,4625,2011,all,3
gp_ei,3,1.0668648648648649,4625,2011,all,3
gp_ei,4,0.7645405405405405,4625,2011,all,3
gp_only,1,2.5704324324324324,4625,2011,all,3
gp_only,2,1.7594414414414414,4625,2011,all,3
gp_only,3,1.0961621621621622,4625,2011,all,3
gp_only,4,0.779981981981982,4625,2011,all,3
minimol,1,2.5710450450450453,4625,2011,all,3
minimol,2,1.754072072072072,4625,2011,all,3
minimol,3,1.0935135135135134,4625,2011,all,3
minimol,4,0.7790450450450451,4625,2011,all,3
random,1,3.464042654092654,4625,2011,all,3
random,2,2.34872823967824,4625,2011,all,3
random,3,1.5045340233840234,4625,2011,all,3
random,4,1.084875025925026,4625,2011,all,3
tanimoto,1,2.566864864864865,4625,2011,all,3
tanimoto,2,1.7527927927927929,4625,2011,all,3
tanimoto,3,1.0944864864864865,4625,2011,all,3
tanimoto,4,0.7752612612612613,4625,2011,all,3
both_distances,1,2.503192848020434,1827,897,microsomal_clearance,3
both_distances,2,1.7779602262360883,1827,897,microsomal_clearance,3
both_distances,3,1.1270297390987047,1827,897,microsomal_clearance,3
both_distances,4,0.8503010399562124,1827,897,microsomal_clearance,3
gp_ei,1,2.455528188286809,1827,897,microsomal_clearance,3
gp_ei,2,1.7364532019704433,1827,897,microsomal_clearance,3
gp_ei,3,1.0911330049261083,1827,897,microsomal_clearance,3
gp_ei,4,0.8359332238642584,1827,897,microsomal_clearance,3
gp_only,1,2.512953840540048,1827,897,microsomal_clearance,3
gp_only,2,1.786672140120416,1827,897,microsomal_clearance,3
gp_only,3,1.13578726509761,1827,897,microsomal_clearance,3
gp_only,4,0.8630268199233716,1827,897,microsomal_clearance,3
minimol,1,2.5037401933953656,1827,897,microsomal_clearance,3
minimol,2,1.7641397555190659,1827,897,microsomal_clearance,3
minimol,3,1.1239281153074256,1827,897,microsomal_clearance,3
minimol,4,0.8522623608830505,1827,897,microsomal_clearance,3
random,1,3.5251902131246684,1827,897,microsomal_clearance,3
random,2,2.478664227251392,1827,897,microsomal_clearance,3
random,3,1.6421491033799462,1827,897,microsomal_clearance,3
random,4,1.2363718696059967,1827,897,microsomal_clearance,3
tanimoto,1,2.4989053092501368,1827,897,microsomal_clearance,3
tanimoto,2,1.7723499361430397,1827,897,microsomal_clearance,3
tanimoto,3,1.1205528188286809,1827,897,microsomal_clearance,3
tanimoto,4,0.8466976829045795,1827,897,microsomal_clearance,3
both_distances,1,2.498292985723153,537,399,in_vivo_clearance,3
both_distances,2,1.6817194289261328,537,399,in_vivo_clearance,3
both_distances,3,0.9301675977653632,537,399,in_vivo_clearance,3
both_distances,4,0.5805400372439479,537,399,in_vivo_clearance,3
gp_ei,1,2.413873370577281,537,399,in_vivo_clearance,3
gp_ei,2,1.6405959031657356,537,399,in_vivo_clearance,3
gp_ei,3,0.8836126629422719,537,399,in_vivo_clearance,3
gp_ei,4,0.547486033519553,537,399,in_vivo_clearance,3
gp_only,1,2.4514276846679084,537,399,in_vivo_clearance,3
gp_only,2,1.6424581005586592,537,399,in_vivo_clearance,3
gp_only,3,0.8943202979515829,537,399,in_vivo_clearance,3
gp_only,4,0.5450031036623215,537,399,in_vivo_clearance,3
minimol,1,2.434978274363749,537,399,in_vivo_clearance,3
minimol,2,1.6354748603351956,537,399,in_vivo_clearance,3
minimol,3,0.8868715083798883,537,399,in_vivo_clearance,3
minimol,4,0.5591247672253259,537,399,in_vivo_clearance,3
random,1,2.7454996896337676,537,399,in_vivo_clearance,3
random,2,1.808659217877095,537,399,in_vivo_clearance,3
random,3,0.9932029795158287,537,399,in_vivo_clearance,3
random,4,0.617364990689013,537,399,in_vivo_clearance,3
tanimoto,1,2.485102420856611,537,399,in_vivo_clearance,3
tanimoto,2,1.6696151458721291,537,399,in_vivo_clearance,3
tanimoto,3,0.9174425822470516,537,399,in_vivo_clearance,3
tanimoto,4,0.5695220360024829,537,399,in_vivo_clearance,3
both_distances,1,2.1678977272727273,880,355,protein_binding,3
both_distances,2,1.4297348484848487,880,355,protein_binding,3
both_distances,3,0.7736742424242424,880,355,protein_binding,3
both_distances,4,0.48664772727272726,880,355,protein_binding,3
gp_ei,1,2.10625,880,355,protein_binding,3
gp_ei,2,1.4139204545454545,880,355,protein_binding,3
gp_ei,3,0.7542613636363636,880,355,protein_binding,3
gp_ei,4,0.4758522727272727,880,355,protein_binding,3
gp_only,1,2.153598484848485,880,355,protein_binding,3
gp_only,2,1.4393939393939394,880,355,protein_binding,3
gp_only,3,0.7691287878787879,880,355,protein_binding,3
gp_only,4,0.4871212121212121,880,355,protein_binding,3
minimol,1,2.1319128787878787,880,355,protein_binding,3
minimol,2,1.4321022727272728,880,355,protein_binding,3
minimol,3,0.7589015151515152,880,355,protein_binding,3
minimol,4,0.48551136363636366,880,355,protein_binding,3
random,1,2.9808996212121213,880,355,protein_binding,3
random,2,1.921278409090909,880,355,protein_binding,3
random,3,1.097623106060606,880,355,protein_binding,3
random,4,0.7207440476190476,880,355,protein_binding,3
tanimoto,1,2.1395833333333334,880,355,protein_binding,3
tanimoto,2,1.4240530303030303,880,355,protein_binding,3
tanimoto,3,0.7652462121212121,880,355,protein_binding,3
tanimoto,4,0.4830492424242424,880,355,protein_binding,3
both_distances,1,2.8312659033078877,524,222,cellular_clearance,3
both_distances,2,1.9551526717557253,524,222,cellular_clearance,3
both_distances,3,1.2853053435114503,524,222,cellular_clearance,3
both_distances,4,0.9180979643765903,524,222,cellular_clearance,3
gp_ei,1,2.726145038167939,524,222,cellular_clearance,3
gp_ei,2,1.8745229007633588,524,222,cellular_clearance,3
gp_ei,3,1.2447519083969465,524,222,cellular_clearance,3
gp_ei,4,0.916030534351145,524,222,cellular_clearance,3
gp_only,1,2.760655216284987,524,222,cellular_clearance,3
gp_only,2,1.8875636132315523,524,222,cellular_clearance,3
gp_only,3,1.26176844783715,524,222,cellular_clearance,3
gp_only,4,0.9122137404580153,524,222,cellular_clearance,3
minimol,1,2.809319338422392,524,222,cellular_clearance,3
minimol,2,1.9107824427480915,524,222,cellular_clearance,3
minimol,3,1.2779898218829515,524,222,cellular_clearance,3
minimol,4,0.9192111959287532,524,222,cellular_clearance,3
random,1,3.5780211624677274,524,222,cellular_clearance,3
random,2,2.4859092031801953,524,222,cellular_clearance,3
random,3,1.6545160734092033,524,222,cellular_clearance,3
random,4,1.222275524517891,524,222,cellular_clearance,3
tanimoto,1,2.762881679389313,524,222,cellular_clearance,3
tanimoto,2,1.887881679389313,524,222,cellular_clearance,3
tanimoto,3,1.268447837150127,524,222,cellular_clearance,3
tanimoto,4,0.9118956743002544,524,222,cellular_clearance,3
both_distances,1,3.2330426356589146,516,376,permeability,3
both_distances,2,2.112564599483204,516,376,permeability,3
both_distances,3,1.40390826873385,516,376,permeability,3
both_distances,4,0.9896640826873385,516,376,permeability,3
gp_ei,1,3.0794573643410854,516,376,permeability,3
gp_ei,2,2.0281007751937983,516,376,permeability,3
gp_ei,3,1.3430232558139534,516,376,permeability,3
gp_ei,4,0.9452519379844961,516,376,permeability,3
gp_only,1,3.174257105943153,516,376,permeability,3
gp_only,2,2.055717054263566,516,376,permeability,3
gp_only,3,1.373546511627907,516,376,permeability,3
gp_only,4,0.9691537467700257,516,376,permeability,3
minimol,1,3.191860465116279,516,376,permeability,3
minimol,2,2.087532299741602,516,376,permeability,3
minimol,3,1.3982558139534884,516,376,permeability,3
minimol,4,0.9843346253229974,516,376,permeability,3
random,1,4.265503875968992,516,376,permeability,3
random,2,2.8010981912144706,516,376,permeability,3
random,3,1.851986434108527,516,376,permeability,3
random,4,1.340889165743817,516,376,permeability,3
tanimoto,1,3.1763565891472867,516,376,permeability,3
tanimoto,2,2.0406976744186047,516,376,permeability,3
tanimoto,3,1.3751614987080103,516,376,permeability,3
tanimoto,4,0.9618863049095607,516,376,permeability,3
both_distances,1,2.916666666666667,341,251,efflux,3
both_distances,2,1.997800586510264,341,251,efflux,3
both_distances,3,1.3897849462365592,341,251,efflux,3
both_distances,4,0.9987781036168132,341,251,efflux,3
gp_ei,1,2.8951612903225805,341,251,efflux,3
gp_ei,2,1.9288856304985338,341,251,efflux,3
gp_ei,3,1.3409090909090908,341,251,efflux,3
gp_ei,4,0.9626099706744868,341,251,efflux,3
gp_only,1,2.935483870967742,341,251,efflux,3
gp_only,2,1.9784946236559138,341,251,efflux,3
gp_only,3,1.3714565004887587,341,251,efflux,3
gp_only,4,0.9714076246334311,341,251,efflux,3
minimol,1,2.973607038123167,341,251,efflux,3
minimol,2,1.9723851417399805,341,251,efflux,3
minimol,3,1.3748778103616812,341,251,efflux,3
minimol,4,0.9645650048875856,341,251,efflux,3
random,1,4.126881720430108,341,251,efflux,3
random,2,2.710822510822511,341,251,efflux,3
random,3,1.866315807848066,341,251,efflux,3
random,4,1.3505708001675742,341,251,efflux,3
tanimoto,1,2.9389051808406648,341,251,efflux,3
tanimoto,2,1.9841153470185728,341,251,efflux,3
tanimoto,3,1.3912512218963833,341,251,efflux,3
tanimoto,4,0.9782502443792765,341,251,efflux,3
both_distances,1,3.5249566839930693,2501,1209,all,5
both_distances,2,2.388377982140477,2501,1209,all,5
both_distances,3,1.8960415833666533,2501,1209,all,5
both_distances,4,1.4497534319605492,2501,1209,all,5
gp_ei,1,3.4019392243102757,2501,1209,all,5
gp_ei,2,2.299980007996801,2501,1209,all,5
gp_ei,3,1.8252698920431827,2501,1209,all,5
gp_ei,4,1.4138344662135145,2501,1209,all,5
gp_only,1,3.489770758363321,2501,1209,all,5
gp_only,2,2.3613554578168734,2501,1209,all,5
gp_only,3,1.8794482207117154,2501,1209,all,5
gp_only,4,1.4423897107823536,2501,1209,all,5
minimol,1,3.4921031587365055,2501,1209,all,5
minimol,2,2.351092896174863,2501,1209,all,5
minimol,3,1.8745501799280289,2501,1209,all,5
minimol,4,1.4406570705051314,2501,1209,all,5
random,1,5.01723868126557,2501,1209,all,5
random,2,3.4235778122798317,2501,1209,all,5
random,3,2.6346340896245937,2501,1209,all,5
random,4,2.0062163114367233,2501,1209,all,5
tanimoto,1,3.4887045181927228,2501,1209,all,5
tanimoto,2,2.352025856324137,2501,1209,all,5
tanimoto,3,1.8763494602159136,2501,1209,all,5
tanimoto,4,1.433659869385579,2501,1209,all,5
both_distances,1,3.386475814412636,1013,531,microsomal_clearance,5
both_distances,2,2.3637709772951627,1013,531,microsomal_clearance,5
both_distances,3,1.9045738729845343,1013,531,microsomal_clearance,5
both_distances,4,1.533563672260612,1013,531,microsomal_clearance,5
gp_ei,1,3.317127344521224,1013,531,microsomal_clearance,5
gp_ei,2,2.293435340572557,1013,531,microsomal_clearance,5
gp_ei,3,1.8398321816386969,1013,531,microsomal_clearance,5
gp_ei,4,1.5076505429417573,1013,531,microsomal_clearance,5
gp_only,1,3.4020236920039486,1013,531,microsomal_clearance,5
gp_only,2,2.3807996051332676,1013,531,microsomal_clearance,5
gp_only,3,1.9203685422836458,1013,531,microsomal_clearance,5
gp_only,4,1.5565153010858834,1013,531,microsomal_clearance,5
minimol,1,3.389848634419217,1013,531,microsomal_clearance,5
minimol,2,2.339091806515301,1013,531,microsomal_clearance,5
minimol,3,1.8989799276077657,1013,531,microsomal_clearance,5
minimol,4,1.5371010200723922,1013,531,microsomal_clearance,5
random,1,5.089278564704281,1013,531,microsomal_clearance,5
random,2,3.6025201150262847,1013,531,microsomal_clearance,5
random,3,2.833619360192657,1013,531,microsomal_clearance,5
random,4,2.2298631843733028,1013,531,microsomal_clearance,5
tanimoto,1,3.384501480750247,1013,531,microsomal_clearance,5
tanimoto,2,2.354721948009214,1013,531,microsomal_clearance,5
tanimoto,3,1.8928923988153998,1013,531,microsomal_clearance,5
tanimoto,4,1.5270648239552485,1013,531,microsomal_clearance,5
both_distances,1,3.6670305676855897,229,179,in_vivo_clearance,5
both_distances,2,2.4643377001455606,229,179,in_vivo_clearance,5
both_distances,3,1.915938864628821,229,179,in_vivo_clearance,5
both_distances,4,1.361353711790393,229,179,in_vivo_clearance,5
gp_ei,1,3.502183406113537,229,179,in_vivo_clearance,5
gp_ei,2,2.3668122270742358,229,179,in_vivo_clearance,5
gp_ei,3,1.806768558951965,229,179,in_vivo_clearance,5
gp_ei,4,1.2838427947598254,229,179,in_vivo_clearance,5
gp_only,1,3.5476710334788937,229,179,in_vivo_clearance,5
gp_only,2,2.3704512372634645,229,179,in_vivo_clearance,5
gp_only,3,1.831877729257642,229,179,in_vivo_clearance,5
gp_only,4,1.2780203784570598,229,179,in_vivo_clearance,5
minimol,1,3.48981077147016,229,179,in_vivo_clearance,5
minimol,2,2.340975254730713,229,179,in_vivo_clearance,5
minimol,3,1.814410480349345,229,179,in_vivo_clearance,5
minimol,4,1.3111353711790392,229,179,in_vivo_clearance,5
random,1,4.164483260553129,229,179,in_vivo_clearance,5
random,2,2.749636098981077,229,179,in_vivo_clearance,5
random,3,2.063755458515284,229,179,in_vivo_clearance,5
random,4,1.4477074235807859,229,179,in_vivo_clearance,5
tanimoto,1,3.6302765647743813,229,179,in_vivo_clearance,5
tanimoto,2,2.447962154294032,229,179,in_vivo_clearance,5
tanimoto,3,1.8860989810771471,229,179,in_vivo_clearance,5
tanimoto,4,1.3355167394468703,229,179,in_vivo_clearance,5
both_distances,1,2.9493543179983854,413,183,protein_binding,5
both_distances,2,1.905367231638418,413,183,protein_binding,5
both_distances,3,1.470540758676352,413,183,protein_binding,5
both_distances,4,1.0369249394673123,413,183,protein_binding,5
gp_ei,1,2.790556900726392,413,183,protein_binding,5
gp_ei,2,1.8644067796610169,413,183,protein_binding,5
gp_ei,3,1.429176755447942,413,183,protein_binding,5
gp_ei,4,1.0139225181598064,413,183,protein_binding,5
gp_only,1,2.901129943502825,413,183,protein_binding,5
gp_only,2,1.9233252623083132,413,183,protein_binding,5
gp_only,3,1.460855528652139,413,183,protein_binding,5
gp_only,4,1.0379338175948345,413,183,protein_binding,5
minimol,1,2.860371267150928,413,183,protein_binding,5
minimol,2,1.9116222760290558,413,183,protein_binding,5
minimol,3,1.4390637610976595,413,183,protein_binding,5
minimol,4,1.034503631961259,413,183,protein_binding,5
random,1,4.46817998385795,413,183,protein_binding,5
random,2,2.904499596448749,413,183,protein_binding,5
random,3,2.1607949959644874,413,183,protein_binding,5
random,4,1.5357258157500289,413,183,protein_binding,5
tanimoto,1,2.8872074253430187,413,183,protein_binding,5
tanimoto,2,1.895278450363196,413,183,protein_binding,5
tanimoto,3,1.4525827280064567,413,183,protein_binding,5
tanimoto,4,1.0292574656981437,413,183,protein_binding,5
both_distances,1,3.855908584169454,299,155,cellular_clearance,5
both_distances,2,2.628483835005574,299,155,cellular_clearance,5
both_distances,3,2.120401337792642,299,155,cellular_clearance,5
both_distances,4,1.6089743589743588,299,155,cellular_clearance,5
gp_ei,1,3.6546822742474916,299,155,cellular_clearance,5
gp_ei,2,2.4740802675585285,299,155,cellular_clearance,5
gp_ei,3,2.04933110367893,299,155,cellular_clearance,5
gp_ei,4,1.605351170568562,299,155,cellular_clearance,5
gp_only,1,3.733277591973244,299,155,cellular_clearance,5
gp_only,2,2.5066889632107023,299,155,cellular_clearance,5
gp_only,3,2.0791527313266442,299,155,cellular_clearance,5
gp_only,4,1.5986622073578596,299,155,cellular_clearance,5
minimol,1,3.8205128205128203,299,155,cellular_clearance,5
minimol,2,2.5521181716833894,299,155,cellular_clearance,5
minimol,3,2.1075808249721293,299,155,cellular_clearance,5
minimol,4,1.6109253065774805,299,155,cellular_clearance,5
random,1,5.049218804235527,299,155,cellular_clearance,5
random,2,3.5338341888509115,299,155,cellular_clearance,5
random,3,2.767446228984691,299,155,cellular_clearance,5
random,4,2.1420480764126246,299,155,cellular_clearance,5
tanimoto,1,3.732720178372352,299,155,cellular_clearance,5
tanimoto,2,2.5103121516164997,299,155,cellular_clearance,5
tanimoto,3,2.090858416945373,299,155,cellular_clearance,5
tanimoto,4,1.5981047937569677,299,155,cellular_clearance,5
both_distances,1,4.268808777429467,319,253,permeability,5
both_distances,2,2.7729885057471266,319,253,permeability,5
both_distances,3,2.140020898641588,319,253,permeability,5
both_distances,4,1.600835945663532,319,253,permeability,5
gp_ei,1,4.047805642633229,319,253,permeability,5
gp_ei,2,2.6316614420062696,319,253,permeability,5
gp_ei,3,2.04153605015674,319,253,permeability,5
gp_ei,4,1.5289968652037618,319,253,permeability,5
gp_only,1,4.187565308254963,319,253,permeability,5
gp_only,2,2.6854754440961335,319,253,permeability,5
gp_only,3,2.090909090909091,319,253,permeability,5
gp_only,4,1.5676593521421107,319,253,permeability,5
minimol,1,4.210292580982236,319,253,permeability,5
minimol,2,2.7343260188087775,319,253,permeability,5
minimol,3,2.1308777429467085,319,253,permeability,5
minimol,4,1.5922152560083596,319,253,permeability,5
random,1,5.846917450365726,319,253,permeability,5
random,2,3.849634273772205,319,253,permeability,5
random,3,2.864811912225705,319,253,permeability,5
random,4,2.1689617853410956,319,253,permeability,5
tanimoto,1,4.190438871473354,319,253,permeability,5
tanimoto,2,2.663793103448276,319,253,permeability,5
tanimoto,3,2.0935214211076283,319,253,permeability,5
tanimoto,4,1.5559038662486937,319,253,permeability,5
both_distances,1,3.5654239766081868,228,185,efflux,5
both_distances,2,2.4433479532163744,228,185,efflux,5
both_distances,3,1.9733187134502925,228,185,efflux,5
both_distances,4,1.4937865497076022,228,185,efflux,5
gp_ei,1,3.550438596491228,228,185,efflux,5
gp_ei,2,2.3585526315789473,228,185,efflux,5
gp_ei,3,1.900219298245614,228,185,efflux,5
gp_ei,4,1.4396929824561404,228,185,efflux,5
gp_only,1,3.5921052631578947,228,185,efflux,5
gp_only,2,2.415204678362573,228,185,efflux,5
gp_only,3,1.945906432748538,228,185,efflux,5
gp_only,4,1.4528508771929824,228,185,efflux,5
minimol,1,3.657529239766082,228,185,efflux,5
minimol,2,2.410818713450292,228,185,efflux,5
minimol,3,1.9510233918128654,228,185,efflux,5
minimol,4,1.4426169590643276,228,185,efflux,5
random,1,5.34546783625731,228,185,efflux,5
random,2,3.50500208855472,228,185,efflux,5
random,3,2.6860249582289057,228,185,efflux,5
random,4,2.0199326441102756,228,185,efflux,5
tanimoto,1,3.597222222222222,228,185,efflux,5
tanimoto,2,2.4272660818713447,228,185,efflux,5
tanimoto,3,1.975511695906433,228,185,efflux,5
tanimoto,4,1.4630847953216373,228,185,efflux,5
both_distances,1,4.819493521790342,1132,630,all,10
both_distances,2,3.2790047114252063,1132,630,all,10
both_distances,3,2.6069640753828036,1132,630,all,10
both_distances,4,2.159378680800942,1132,630,all,10
gp_ei,1,4.621466431095406,1132,630,all,10
gp_ei,2,3.091872791519435,1132,630,all,10
gp_ei,3,2.4644434628975267,1132,630,all,10
gp_ei,4,2.0885600706713783,1132,630,all,10
gp_only,1,4.756478209658422,1132,630,all,10
gp_only,2,3.224087161366313,1132,630,all,10
gp_only,3,2.5792108362779738,1132,630,all,10
gp_only,4,2.14656949352179,1132,630,all,10
minimol,1,4.771863957597173,1132,630,all,10
minimol,2,3.2071554770318023,1132,630,all,10
minimol,3,2.572659010600707,1132,630,all,10
minimol,4,2.1455388692579507,1132,630,all,10
random,1,7.447269593586952,1132,630,all,10
random,2,5.115544770265398,1132,630,all,10
random,3,3.987388188674629,1132,630,all,10
random,4,3.272980266404516,1132,630,all,10
tanimoto,1,4.739693757361602,1132,630,all,10
tanimoto,2,3.193389281507656,1132,630,all,10
tanimoto,3,2.5666224970553593,1132,630,all,10
tanimoto,4,2.121834511189635,1132,630,all,10
both_distances,1,4.367216117216117,546,318,microsomal_clearance,10
both_distances,2,3.081807081807082,546,318,microsomal_clearance,10
both_distances,3,2.4555860805860807,546,318,microsomal_clearance,10
both_distances,4,2.1175213675213675,546,318,microsomal_clearance,10
gp_ei,1,4.278388278388278,546,318,microsomal_clearance,10
gp_ei,2,2.9674908424908426,546,318,microsomal_clearance,10
gp_ei,3,2.358058608058608,546,318,microsomal_clearance,10
gp_ei,4,2.0741758241758244,546,318,microsomal_clearance,10
gp_only,1,4.395909645909645,546,318,microsomal_clearance,10
gp_only,2,3.107142857142857,546,318,microsomal_clearance,10
gp_only,3,2.4932844932844933,546,318,microsomal_clearance,10
gp_only,4,2.1616300366300365,546,318,microsomal_clearance,10
minimol,1,4.37026862026862,546,318,microsomal_clearance,10
minimol,2,3.042124542124542,546,318,microsomal_clearance,10
minimol,3,2.4565018315018317,546,318,microsomal_clearance,10
minimol,4,2.1257631257631258,546,318,microsomal_clearance,10
random,1,6.992546804199735,546,318,microsomal_clearance,10
random,2,4.971906432666506,546,318,microsomal_clearance,10
random,3,3.9614428222028955,546,318,microsomal_clearance,10
random,4,3.2969953140740684,546,318,microsomal_clearance,10
tanimoto,1,4.375,546,318,microsomal_clearance,10
tanimoto,2,3.067460317460317,546,318,microsomal_clearance,10
tanimoto,3,2.44520757020757,546,318,microsomal_clearance,10
tanimoto,4,2.1072954822954824,546,318,microsomal_clearance,10
both_distances,1,6.215151515151515,55,45,in_vivo_clearance,10
both_distances,2,4.143939393939394,55,45,in_vivo_clearance,10
both_distances,3,3.2666666666666666,55,45,in_vivo_clearance,10
both_distances,4,2.631818181818182,55,45,in_vivo_clearance,10
gp_ei,1,5.627272727272727,55,45,in_vivo_clearance,10
gp_ei,2,3.640909090909091,55,45,in_vivo_clearance,10
gp_ei,3,2.7409090909090907,55,45,in_vivo_clearance,10
gp_ei,4,2.290909090909091,55,45,in_vivo_clearance,10
gp_only,1,5.6878787878787875,55,45,in_vivo_clearance,10
gp_only,2,3.6742424242424243,55,45,in_vivo_clearance,10
gp_only,3,2.9060606060606062,55,45,in_vivo_clearance,10
gp_only,4,2.2954545454545454,55,45,in_vivo_clearance,10
minimol,1,5.6878787878787875,55,45,in_vivo_clearance,10
minimol,2,3.713636363636364,55,45,in_vivo_clearance,10
minimol,3,2.928787878787879,55,45,in_vivo_clearance,10
minimol,4,2.460606060606061,55,45,in_vivo_clearance,10
random,1,7.472727272727273,55,45,in_vivo_clearance,10
random,2,4.924242424242424,55,45,in_vivo_clearance,10
random,3,3.7100000000000004,55,45,in_vivo_clearance,10
random,4,2.952121212121212,55,45,in_vivo_clearance,10
tanimoto,1,5.756060606060606,55,45,in_vivo_clearance,10
tanimoto,2,3.8439393939393938,55,45,in_vivo_clearance,10
tanimoto,3,3.1,55,45,in_vivo_clearance,10
tanimoto,4,2.459090909090909,55,45,in_vivo_clearance,10
both_distances,1,4.7936507936507935,105,61,protein_binding,10
both_distances,2,2.9,105,61,protein_binding,10
both_distances,3,2.168253968253968,105,61,protein_binding,10
both_distances,4,1.6841269841269841,105,61,protein_binding,10
gp_ei,1,4.461904761904762,105,61,protein_binding,10
gp_ei,2,2.7404761904761905,105,61,protein_binding,10
gp_ei,3,2.0285714285714285,105,61,protein_binding,10
gp_ei,4,1.5928571428571427,105,61,protein_binding,10
gp_only,1,4.761904761904762,105,61,protein_binding,10
gp_only,2,2.9825396825396826,105,61,protein_binding,10
gp_only,3,2.153968253968254,105,61,protein_binding,10
gp_only,4,1.688095238095238,105,61,protein_binding,10
minimol,1,4.670634920634921,105,61,protein_binding,10
minimol,2,2.9373015873015875,105,61,protein_binding,10
minimol,3,2.0992063492063493,105,61,protein_binding,10
minimol,4,1.6888888888888889,105,61,protein_binding,10
random,1,8.474603174603175,105,61,protein_binding,10
random,2,5.398412698412699,105,61,protein_binding,10
random,3,4.090793650793651,105,61,protein_binding,10
random,4,3.314727891156463,105,61,protein_binding,10
tanimoto,1,4.700793650793651,105,61,protein_binding,10
tanimoto,2,2.8785714285714286,105,61,protein_binding,10
tanimoto,3,2.111904761904762,105,61,protein_binding,10
tanimoto,4,1.6492063492063491,105,61,protein_binding,10
both_distances,1,5.08719646799117,151,92,cellular_clearance,10
both_distances,2,3.4735099337748343,151,92,cellular_clearance,10
both_distances,3,2.844922737306843,151,92,cellular_clearance,10
both_distances,4,2.274834437086093,151,92,cellular_clearance,10
gp_ei,1,4.7218543046357615,151,92,cellular_clearance,10
gp_ei,2,3.1903973509933774,151,92,cellular_clearance,10
gp_ei,3,2.730132450331126,151,92,cellular_clearance,10
gp_ei,4,2.302980132450331,151,92,cellular_clearance,10
gp_only,1,4.829470198675497,151,92,cellular_clearance,10
gp_only,2,3.242273730684327,151,92,cellular_clearance,10
gp_only,3,2.7676600441501105,151,92,cellular_clearance,10
gp_only,4,2.2599337748344372,151,92,cellular_clearance,10
minimol,1,4.966335540838852,151,92,cellular_clearance,10
minimol,2,3.304083885209713,151,92,cellular_clearance,10
minimol,3,2.8046357615894038,151,92,cellular_clearance,10
minimol,4,2.282008830022075,151,92,cellular_clearance,10
random,1,7.170940120402041,151,92,cellular_clearance,10
random,2,5.059461091704469,151,92,cellular_clearance,10
random,3,4.000189568525662,151,92,cellular_clearance,10
random,4,3.288702655879808,151,92,cellular_clearance,10
tanimoto,1,4.822295805739514,151,92,cellular_clearance,10
tanimoto,2,3.2400662251655628,151,92,cellular_clearance,10
tanimoto,3,2.7676600441501105,151,92,cellular_clearance,10
tanimoto,4,2.2549668874172184,151,92,cellular_clearance,10
both_distances,1,5.9887096774193544,155,129,permeability,10
both_distances,2,3.8397849462365587,155,129,permeability,10
both_distances,3,3.011290322580645,155,129,permeability,10
both_distances,4,2.4080645161290324,155,129,permeability,10
gp_ei,1,5.656451612903226,155,129,permeability,10
gp_ei,2,3.579032258064516,155,129,permeability,10
gp_ei,3,2.803225806451613,155,129,permeability,10
gp_ei,4,2.2661290322580645,155,129,permeability,10
gp_only,1,5.8392473118279575,155,129,permeability,10
gp_only,2,3.6973118279569896,155,129,permeability,10
gp_only,3,2.9080645161290324,155,129,permeability,10
gp_only,4,2.332795698924731,155,129,permeability,10
minimol,1,5.879569892473119,155,129,permeability,10
minimol,2,3.7672043010752687,155,129,permeability,10
minimol,3,2.968279569892473,155,129,permeability,10
minimol,4,2.378494623655914,155,129,permeability,10
random,1,8.648387096774194,155,129,permeability,10
random,2,5.752903225806452,155,129,permeability,10
random,3,4.283870967741936,155,129,permeability,10
random,4,3.453701996927803,155,129,permeability,10
tanimoto,1,5.84247311827957,155,129,permeability,10
tanimoto,2,3.6370967741935485,155,129,permeability,10
tanimoto,3,2.921505376344086,155,129,permeability,10
tanimoto,4,2.3021505376344087,155,129,permeability,10
both_distances,1,4.413194444444445,120,100,efflux,10
both_distances,2,3.142361111111111,120,100,efflux,10
both_distances,3,2.555555555555556,120,100,efflux,10
both_distances,4,2.082638888888889,120,100,efflux,10
gp_ei,1,4.397916666666666,120,100,efflux,10
gp_ei,2,2.9604166666666667,120,100,efflux,10
gp_ei,3,2.43125,120,100,efflux,10
gp_ei,4,1.9958333333333333,120,100,efflux,10
gp_only,1,4.475,120,100,efflux,10
gp_only,2,3.127083333333333,120,100,efflux,10
gp_only,3,2.530555555555556,120,100,efflux,10
gp_only,4,2.0277777777777777,120,100,efflux,10
minimol,1,4.592361111111112,120,100,efflux,10
minimol,2,3.1166666666666667,120,100,efflux,10
minimol,3,2.5493055555555557,120,100,efflux,10
minimol,4,2.0180555555555553,120,100,efflux,10
random,1,7.401944444444444,120,100,efflux,10
random,2,4.856587301587301,120,100,efflux,10
random,3,3.743030753968254,120,100,efflux,10
random,4,3.0210267857142856,120,100,efflux,10
tanimoto,1,4.438888888888888,120,100,efflux,10
tanimoto,2,3.1118055555555557,120,100,efflux,10
tanimoto,3,2.561111111111111,120,100,efflux,10
tanimoto,4,2.046527777777778,120,100,efflux,10
both_distances,1,5.813505747126437,580,334,all,15
both_distances,2,3.902298850574713,580,334,all,15
both_distances,3,3.1022988505747127,580,334,all,15
both_distances,4,2.538362068965517,580,334,all,15
gp_ei,1,5.569827586206896,580,334,all,15
gp_ei,2,3.6594827586206895,580,334,all,15
gp_ei,3,2.911206896551724,580,334,all,15
gp_ei,4,2.4232758620689654,580,334,all,15
gp_only,1,5.694971264367816,580,334,all,15
gp_only,2,3.8382183908045975,580,334,all,15
gp_only,3,3.0795977011494253,580,334,all,15
gp_only,4,2.5389367816091952,580,334,all,15
minimol,1,5.714367816091954,580,334,all,15
minimol,2,3.7946839080459767,580,334,all,15
minimol,3,3.0754310344827585,580,334,all,15
minimol,4,2.536781609195402,580,334,all,15
random,1,9.58819341617833,580,334,all,15
random,2,6.597777775784242,580,334,all,15
random,3,5.173911744784589,580,334,all,15
random,4,4.277729057739833,580,334,all,15
tanimoto,1,5.701580459770114,580,334,all,15
tanimoto,2,3.794109195402299,580,334,all,15
tanimoto,3,3.0548850574712643,580,334,all,15
tanimoto,4,2.4916666666666667,580,334,all,15
both_distances,1,4.987138263665595,311,183,microsomal_clearance,15
both_distances,2,3.5586816720257235,311,183,microsomal_clearance,15
both_distances,3,2.769828510182208,311,183,microsomal_clearance,15
both_distances,4,2.40032154340836,311,183,microsomal_clearance,15
gp_ei,1,4.934083601286174,311,183,microsomal_clearance,15
gp_ei,2,3.401929260450161,311,183,microsomal_clearance,15
gp_ei,3,2.643086816720257,311,183,microsomal_clearance,15
gp_ei,4,2.331993569131833,311,183,microsomal_clearance,15
gp_only,1,5.028135048231511,311,183,microsomal_clearance,15
gp_only,2,3.612540192926045,311,183,microsomal_clearance,15
gp_only,3,2.844855305466238,311,183,microsomal_clearance,15
gp_only,4,2.47508038585209,311,183,microsomal_clearance,15
minimol,1,4.981511254019293,311,183,microsomal_clearance,15
minimol,2,3.4967845659163985,311,183,microsomal_clearance,15
minimol,3,2.789657020364416,311,183,microsomal_clearance,15
minimol,4,2.427384780278671,311,183,microsomal_clearance,15
random,1,8.625414832428499,311,183,microsomal_clearance,15
random,2,6.140931215830734,311,183,microsomal_clearance,15
random,3,4.91886326948626,311,183,microsomal_clearance,15
random,4,4.1369454730990105,311,183,microsomal_clearance,15
tanimoto,1,4.961950696677385,311,183,microsomal_clearance,15
tanimoto,2,3.516881028938907,311,183,microsomal_clearance,15
tanimoto,3,2.7663451232583065,311,183,microsomal_clearance,15
tanimoto,4,2.395498392282958,311,183,microsomal_clearance,15
both_distances,1,8.7625,20,16,in_vivo_clearance,15
both_distances,2,5.379166666666666,20,16,in_vivo_clearance,15
both_distances,3,4.629166666666666,20,16,in_vivo_clearance,15
both_distances,4,3.5541666666666663,20,16,in_vivo_clearance,15
gp_ei,1,7.075,20,16,in_vivo_clearance,15
gp_ei,2,4.9,20,16,in_vivo_clearance,15
gp_ei,3,3.8,20,16,in_vivo_clearance,15
gp_ei,4,3.0125,20,16,in_vivo_clearance,15
gp_only,1,6.929166666666667,20,16,in_vivo_clearance,15
gp_only,2,4.779166666666667,20,16,in_vivo_clearance,15
gp_only,3,4.070833333333334,20,16,in_vivo_clearance,15
gp_only,4,3.1333333333333333,20,16,in_vivo_clearance,15
minimol,1,6.366666666666666,20,16,in_vivo_clearance,15
minimol,2,4.425,20,16,in_vivo_clearance,15
minimol,3,4.175,20,16,in_vivo_clearance,15
minimol,4,3.3708333333333336,20,16,in_vivo_clearance,15
random,1,10.65,20,16,in_vivo_clearance,15
random,2,6.904166666666667,20,16,in_vivo_clearance,15
random,3,5.275,20,16,in_vivo_clearance,15
random,4,4.145952380952381,20,16,in_vivo_clearance,15
tanimoto,1,7.370833333333333,20,16,in_vivo_clearance,15
tanimoto,2,4.991666666666666,20,16,in_vivo_clearance,15
tanimoto,3,4.166666666666666,20,16,in_vivo_clearance,15
tanimoto,4,3.2708333333333335,20,16,in_vivo_clearance,15
both_distances,1,5.863636363636363,44,29,protein_binding,15
both_distances,2,3.132575757575758,44,29,protein_binding,15
both_distances,3,2.3257575757575757,44,29,protein_binding,15
both_distances,4,1.8106060606060608,44,29,protein_binding,15
gp_ei,1,5.488636363636363,44,29,protein_binding,15
gp_ei,2,3.0113636363636362,44,29,protein_binding,15
gp_ei,3,2.2386363636363638,44,29,protein_binding,15
gp_ei,4,1.6363636363636365,44,29,protein_binding,15
gp_only,1,5.890151515151516,44,29,protein_binding,15
gp_only,2,3.25,44,29,protein_binding,15
gp_only,3,2.397727272727273,44,29,protein_binding,15
gp_only,4,1.8106060606060608,44,29,protein_binding,15
minimol,1,5.791666666666667,44,29,protein_binding,15
minimol,2,3.2140151515151514,44,29,protein_binding,15
minimol,3,2.352272727272727,44,29,protein_binding,15
minimol,4,1.8314393939393938,44,29,protein_binding,15
random,1,12.204545454545455,44,29,protein_binding,15
random,2,7.598484848484848,44,29,protein_binding,15
random,3,5.828409090909091,44,29,protein_binding,15
random,4,4.726515151515152,44,29,protein_binding,15
tanimoto,1,5.829545454545454,44,29,protein_binding,15
tanimoto,2,3.2462121212121215,44,29,protein_binding,15
tanimoto,3,2.3674242424242427,44,29,protein_binding,15
tanimoto,4,1.7708333333333335,44,29,protein_binding,15
both_distances,1,6.64873417721519,79,53,cellular_clearance,15
both_distances,2,4.295358649789029,79,53,cellular_clearance,15
both_distances,3,3.6181434599156117,79,53,cellular_clearance,15
both_distances,4,2.8723628691983123,79,53,cellular_clearance,15
gp_ei,1,6.072784810126582,79,53,cellular_clearance,15
gp_ei,2,3.8860759493670884,79,53,cellular_clearance,15
gp_ei,3,3.4556962025316458,79,53,cellular_clearance,15
gp_ei,4,2.892405063291139,79,53,cellular_clearance,15
gp_only,1,6.236286919831224,79,53,cellular_clearance,15
gp_only,2,3.945147679324895,79,53,cellular_clearance,15
gp_only,3,3.479957805907173,79,53,cellular_clearance,15
gp_only,4,2.838607594936709,79,53,cellular_clearance,15
minimol,1,6.546413502109704,79,53,cellular_clearance,15
minimol,2,4.010548523206751,79,53,cellular_clearance,15
minimol,3,3.5263713080168775,79,53,cellular_clearance,15
minimol,4,2.8755274261603376,79,53,cellular_clearance,15
random,1,9.453352343858672,79,53,cellular_clearance,15
random,2,6.636896647656141,79,53,cellular_clearance,15
random,3,5.262213103352344,79,53,cellular_clearance,15
random,4,4.367065424027449,79,53,cellular_clearance,15
tanimoto,1,6.210970464135022,79,53,cellular_clearance,15
tanimoto,2,3.901898734177215,79,53,cellular_clearance,15
tanimoto,3,3.449367088607595,79,53,cellular_clearance,15
tanimoto,4,2.8090717299578056,79,53,cellular_clearance,15
both_distances,1,7.850694444444445,72,62,permeability,15
both_distances,2,4.976851851851851,72,62,permeability,15
both_distances,3,3.888888888888889,72,62,permeability,15
both_distances,4,3.0057870370370368,72,62,permeability,15
gp_ei,1,7.392361111111111,72,62,permeability,15
gp_ei,2,4.597222222222222,72,62,permeability,15
gp_ei,3,3.5625,72,62,permeability,15
gp_ei,4,2.7708333333333335,72,62,permeability,15
gp_only,1,7.645833333333333,72,62,permeability,15
gp_only,2,4.74537037037037,72,62,permeability,15
gp_only,3,3.706018518518518,72,62,permeability,15
gp_only,4,2.9050925925925926,72,62,permeability,15
minimol,1,7.709490740740741,72,62,permeability,15
minimol,2,4.8969907407407405,72,62,permeability,15
minimol,3,3.8043981481481484,72,62,permeability,15
minimol,4,2.945601851851852,72,62,permeability,15
random,1,11.921296296296298,72,62,permeability,15
random,2,8.00462962962963,72,62,permeability,15
random,3,5.921527777777778,72,62,permeability,15
random,4,4.809259259259259,72,62,permeability,15
tanimoto,1,7.784722222222222,72,62,permeability,15
tanimoto,2,4.706018518518518,72,62,permeability,15
tanimoto,3,3.734953703703704,72,62,permeability,15
tanimoto,4,2.8240740740740744,72,62,permeability,15
both_distances,1,5.501543209876543,54,49,efflux,15
both_distances,2,3.9537037037037037,54,49,efflux,15
both_distances,3,3.280864197530864,54,49,efflux,15
both_distances,4,2.4382716049382713,54,49,efflux,15
gp_ei,1,5.574074074074074,54,49,efflux,15
gp_ei,2,3.6296296296296298,54,49,efflux,15
gp_ei,3,3.009259259259259,54,49,efflux,15
gp_ei,4,2.2222222222222223,54,49,efflux,15
gp_only,1,5.526234567901235,54,49,efflux,15
gp_only,2,3.9027777777777777,54,49,efflux,15
gp_only,3,3.199074074074074,54,49,efflux,15
gp_only,4,2.353395061728395,54,49,efflux,15
minimol,1,5.753086419753087,54,49,efflux,15
minimol,2,3.9645061728395063,54,49,efflux,15
minimol,3,3.271604938271605,54,49,efflux,15
minimol,4,2.391975308641975,54,49,efflux,15
random,1,9.694444444444445,54,49,efflux,15
random,2,6.366975308641975,54,49,efflux,15
random,3,4.9460648148148145,54,49,efflux,15
random,4,3.9322641093474426,54,49,efflux,15
tanimoto,1,5.71604938271605,54,49,efflux,15
tanimoto,2,4.020061728395062,54,49,efflux,15
tanimoto,3,3.381172839506173,54,49,efflux,15
tanimoto,4,2.4367283950617287,54,49,efflux,15
both_distances,1,6.429584599797367,329,197,all,20
both_distances,2,4.33611955420466,329,197,all,20
both_distances,3,3.4181864235055723,329,197,all,20
both_distances,4,2.8713272543059776,329,197,all,20
gp_ei,1,6.137537993920972,329,197,all,20
gp_ei,2,4.019756838905775,329,197,all,20
gp_ei,3,3.169452887537994,329,197,all,20
gp_ei,4,2.7332826747720365,329,197,all,20
gp_only,1,6.327760891590679,329,197,all,20
gp_only,2,4.253799392097265,329,197,all,20
gp_only,3,3.380952380952381,329,197,all,20
gp_only,4,2.8806990881458967,329,197,all,20
minimol,1,6.319655521783181,329,197,all,20
minimol,2,4.186930091185411,329,197,all,20
minimol,3,3.3720871327254307,329,197,all,20
minimol,4,2.8644883485309016,329,197,all,20
random,1,11.614420336361825,329,197,all,20
random,2,7.988293183372972,329,197,all,20
random,3,6.245526995659974,329,197,all,20
random,4,5.20233138681087,329,197,all,20
tanimoto,1,6.26063829787234,329,197,all,20
tanimoto,2,4.169959473150962,329,197,all,20
tanimoto,3,3.331560283687943,329,197,all,20
tanimoto,4,2.798885511651469,329,197,all,20
both_distances,1,5.5594569288389515,178,108,microsomal_clearance,20
both_distances,2,3.8923220973782775,178,108,microsomal_clearance,20
both_distances,3,2.9850187265917607,178,108,microsomal_clearance,20
both_distances,4,2.7069288389513106,178,108,microsomal_clearance,20
gp_ei,1,5.477528089887641,178,108,microsomal_clearance,20
gp_ei,2,3.7275280898876404,178,108,microsomal_clearance,20
gp_ei,3,2.8441011235955056,178,108,microsomal_clearance,20
gp_ei,4,2.643258426966292,178,108,microsomal_clearance,20
gp_only,1,5.625936329588015,178,108,microsomal_clearance,20
gp_only,2,4.008895131086143,178,108,microsomal_clearance,20
gp_only,3,3.11750936329588,178,108,microsomal_clearance,20
gp_only,4,2.8441011235955056,178,108,microsomal_clearance,20
minimol,1,5.557584269662922,178,108,microsomal_clearance,20
minimol,2,3.824438202247191,178,108,microsomal_clearance,20
minimol,3,3.032303370786517,178,108,microsomal_clearance,20
minimol,4,2.765449438202247,178,108,microsomal_clearance,20
random,1,10.330305003724947,178,108,microsomal_clearance,20
random,2,7.281639273387869,178,108,microsomal_clearance,20
random,3,5.8346866005925,178,108,microsomal_clearance,20
random,4,4.937164272733093,178,108,microsomal_clearance,20
tanimoto,1,5.523876404494382,178,108,microsomal_clearance,20
tanimoto,2,3.8361423220973787,178,108,microsomal_clearance,20
tanimoto,3,2.9798689138576777,178,108,microsomal_clearance,20
tanimoto,4,2.7102059925093633,178,108,microsomal_clearance,20
both_distances,1,11.185185185185185,9,7,in_vivo_clearance,20
both_distances,2,6.583333333333333,9,7,in_vivo_clearance,20
both_distances,3,5.62037037037037,9,7,in_vivo_clearance,20
both_distances,4,4.712962962962963,9,7,in_vivo_clearance,20
gp_ei,1,10.0,9,7,in_vivo_clearance,20
gp_ei,2,6.916666666666667,9,7,in_vivo_clearance,20
gp_ei,3,5.055555555555555,9,7,in_vivo_clearance,20
gp_ei,4,4.75,9,7,in_vivo_clearance,20
gp_only,1,9.833333333333334,9,7,in_vivo_clearance,20
gp_only,2,6.2592592592592595,9,7,in_vivo_clearance,20
gp_only,3,5.12037037037037,9,7,in_vivo_clearance,20
gp_only,4,4.87037037037037,9,7,in_vivo_clearance,20
minimol,1,8.148148148148147,9,7,in_vivo_clearance,20
minimol,2,5.703703703703704,9,7,in_vivo_clearance,20
minimol,3,5.481481481481482,9,7,in_vivo_clearance,20
minimol,4,4.842592592592593,9,7,in_vivo_clearance,20
random,1,13.38888888888889,9,7,in_vivo_clearance,20
random,2,8.62962962962963,9,7,in_vivo_clearance,20
random,3,6.583333333333333,9,7,in_vivo_clearance,20
random,4,5.203703703703703,9,7,in_vivo_clearance,20
tanimoto,1,8.333333333333334,9,7,in_vivo_clearance,20
tanimoto,2,5.833333333333333,9,7,in_vivo_clearance,20
tanimoto,3,4.685185185185185,9,7,in_vivo_clearance,20
tanimoto,4,4.231481481481482,9,7,in_vivo_clearance,20
both_distances,1,5.782051282051283,26,17,protein_binding,20
both_distances,2,3.830128205128205,26,17,protein_binding,20
both_distances,3,2.7211538461538463,26,17,protein_binding,20
both_distances,4,2.0737179487179485,26,17,protein_binding,20
gp_ei,1,5.153846153846154,26,17,protein_binding,20
gp_ei,2,3.4134615384615383,26,17,protein_binding,20
gp_ei,3,2.3173076923076925,26,17,protein_binding,20
gp_ei,4,1.5865384615384615,26,17,protein_binding,20
gp_only,1,5.96474358974359,26,17,protein_binding,20
gp_only,2,3.923076923076923,26,17,protein_binding,20
gp_only,3,2.705128205128205,26,17,protein_binding,20
gp_only,4,1.9262820512820513,26,17,protein_binding,20
minimol,1,5.868589743589744,26,17,protein_binding,20
minimol,2,3.8814102564102564,26,17,protein_binding,20
minimol,3,2.625,26,17,protein_binding,20
minimol,4,1.9326923076923077,26,17,protein_binding,20
random,1,15.0,26,17,protein_binding,20
random,2,9.666666666666668,26,17,protein_binding,20
random,3,7.3961538461538465,26,17,protein_binding,20
random,4,6.0,26,17,protein_binding,20
tanimoto,1,5.6923076923076925,26,17,protein_binding,20
tanimoto,2,3.8108974358974357,26,17,protein_binding,20
tanimoto,3,2.5608974358974357,26,17,protein_binding,20
tanimoto,4,1.8846153846153846,26,17,protein_binding,20
both_distances,1,6.713333333333334,50,33,cellular_clearance,20
both_distances,2,4.5633333333333335,50,33,cellular_clearance,20
both_distances,3,3.695,50,33,cellular_clearance,20
both_distances,4,2.918333333333333,50,33,cellular_clearance,20
gp_ei,1,6.26,50,33,cellular_clearance,20
gp_ei,2,3.945,50,33,cellular_clearance,20
gp_ei,3,3.465,50,33,cellular_clearance,20
gp_ei,4,2.925,50,33,cellular_clearance,20
gp_only,1,6.166666666666666,50,33,cellular_clearance,20
gp_only,2,3.976666666666667,50,33,cellular_clearance,20
gp_only,3,3.463333333333333,50,33,cellular_clearance,20
gp_only,4,2.79,50,33,cellular_clearance,20
minimol,1,6.501666666666666,50,33,cellular_clearance,20
minimol,2,4.05,50,33,cellular_clearance,20
minimol,3,3.5116666666666667,50,33,cellular_clearance,20
minimol,4,2.8633333333333333,50,33,cellular_clearance,20
random,1,11.313666666666668,50,33,cellular_clearance,20
random,2,7.922000000000001,50,33,cellular_clearance,20
random,3,6.2410000000000005,50,33,cellular_clearance,20
random,4,5.217666666666666,50,33,cellular_clearance,20
tanimoto,1,6.12,50,33,cellular_clearance,20
tanimoto,2,3.945,50,33,cellular_clearance,20
tanimoto,3,3.4516666666666667,50,33,cellular_clearance,20
tanimoto,4,2.796666666666667,50,33,cellular_clearance,20
both_distances,1,9.416666666666668,40,34,permeability,20
both_distances,2,5.858333333333333,40,34,permeability,20
both_distances,3,4.8375,40,34,permeability,20
both_distances,4,3.6541666666666663,40,34,permeability,20
gp_ei,1,8.48125,40,34,permeability,20
gp_ei,2,5.24375,40,34,permeability,20
gp_ei,3,4.35,40,34,permeability,20
gp_ei,4,3.34375,40,34,permeability,20
gp_only,1,9.11875,40,34,permeability,20
gp_only,2,5.502083333333333,40,34,permeability,20
gp_only,3,4.539583333333334,40,34,permeability,20
gp_only,4,3.5291666666666663,40,34,permeability,20
minimol,1,9.091666666666667,40,34,permeability,20
minimol,2,5.714583333333334,40,34,permeability,20
minimol,3,4.660416666666666,40,34,permeability,20
minimol,4,3.5958333333333337,40,34,permeability,20
random,1,14.9125,40,34,permeability,20
random,2,10.066666666666666,40,34,permeability,20
random,3,7.3725,40,34,permeability,20
random,4,6.04,40,34,permeability,20
tanimoto,1,9.385416666666668,40,34,permeability,20
tanimoto,2,5.63125,40,34,permeability,20
tanimoto,3,4.685416666666667,40,34,permeability,20
tanimoto,4,3.4666666666666663,40,34,permeability,20
both_distances,1,6.246794871794871,26,25,efflux,20
both_distances,2,4.323717948717948,26,25,efflux,20
both_distances,3,3.6025641025641026,26,25,efflux,20
both_distances,4,2.8621794871794872,26,25,efflux,20
gp_ei,1,6.461538461538462,26,25,efflux,20
gp_ei,2,3.8846153846153846,26,25,efflux,20
gp_ei,3,3.2115384615384617,26,25,efflux,20
gp_ei,4,2.4903846153846154,26,25,efflux,20
gp_only,1,6.298076923076923,26,25,efflux,20
gp_only,2,4.17948717948718,26,25,efflux,20
gp_only,3,3.3173076923076925,26,25,efflux,20
gp_only,4,2.573717948717949,26,25,efflux,20
minimol,1,6.740384615384615,26,25,efflux,20
minimol,2,4.362179487179487,26,25,efflux,20
minimol,3,3.4647435897435894,26,25,efflux,20
minimol,4,2.6666666666666665,26,25,efflux,20
random,1,11.91025641025641,26,25,efflux,20
random,2,7.855769230769231,26,25,efflux,20
random,3,6.065544871794872,26,25,efflux,20
random,4,4.901350732600733,26,25,efflux,20
tanimoto,1,6.618589743589744,26,25,efflux,20
tanimoto,2,4.423076923076923,26,25,efflux,20
tanimoto,3,3.7275641025641026,26,25,efflux,20
tanimoto,4,2.801282051282051,26,25,efflux,20
both_distances,1,6.673577235772357,205,129,all,25
both_distances,2,4.565040650406504,205,129,all,25
both_distances,3,3.5215447154471544,205,129,all,25
both_distances,4,2.977235772357724,205,129,all,25
gp_ei,1,6.413414634146341,205,129,all,25
gp_ei,2,4.259756097560976,205,129,all,25
gp_ei,3,3.2939024390243903,205,129,all,25
gp_ei,4,2.8317073170731706,205,129,all,25
gp_only,1,6.613821138211382,205,129,all,25
gp_only,2,4.453658536585366,205,129,all,25
gp_only,3,3.4918699186991873,205,129,all,25
gp_only,4,2.973170731707317,205,129,all,25
minimol,1,6.590243902439024,205,129,all,25
minimol,2,4.37479674796748,205,129,all,25
minimol,3,3.5105691056910566,205,129,all,25
minimol,4,3.002032520325203,205,129,all,25
random,1,13.16303011803012,205,129,all,25
random,2,9.151160199330931,205,129,all,25
random,3,7.176184220025683,205,129,all,25
random,4,5.978974356718259,205,129,all,25
tanimoto,1,6.48130081300813,205,129,all,25
tanimoto,2,4.34349593495935,205,129,all,25
tanimoto,3,3.3963414634146343,205,129,all,25
tanimoto,4,2.899186991869919,205,129,all,25
both_distances,1,5.546875,112,71,microsomal_clearance,25
both_distances,2,4.006696428571429,112,71,microsomal_clearance,25
both_distances,3,3.0438988095238098,112,71,microsomal_clearance,25
both_distances,4,2.8095238095238098,112,71,microsomal_clearance,25
gp_ei,1,5.453125,112,71,microsomal_clearance,25
gp_ei,2,3.890625,112,71,microsomal_clearance,25
gp_ei,3,2.919642857142857,112,71,microsomal_clearance,25
gp_ei,4,2.705357142857143,112,71,microsomal_clearance,25
gp_only,1,5.604910714285714,112,71,microsomal_clearance,25
gp_only,2,4.194940476190476,112,71,microsomal_clearance,25
gp_only,3,3.255208333333333,112,71,microsomal_clearance,25
gp_only,4,2.990327380952381,112,71,microsomal_clearance,25
minimol,1,5.510416666666666,112,71,microsomal_clearance,25
minimol,2,3.918154761904762,112,71,microsomal_clearance,25
minimol,3,3.121279761904762,112,71,microsomal_clearance,25
minimol,4,2.9092261904761902,112,71,microsomal_clearance,25
random,1,11.36373072198965,112,71,microsomal_clearance,25
random,2,8.172361674370602,112,71,microsomal_clearance,25
random,3,6.627055938439867,112,71,microsomal_clearance,25
random,4,5.62652938166331,112,71,microsomal_clearance,25
tanimoto,1,5.5,112,71,microsomal_clearance,25
tanimoto,2,4.017113095238096,112,71,microsomal_clearance,25
tanimoto,3,3.085565476190476,112,71,microsomal_clearance,25
tanimoto,4,2.837797619047619,112,71,microsomal_clearance,25
both_distances,1,11.2,5,3,in_vivo_clearance,25
both_distances,2,8.566666666666666,5,3,in_vivo_clearance,25
both_distances,3,7.3166666666666655,5,3,in_vivo_clearance,25
both_distances,4,6.0166666666666675,5,3,in_vivo_clearance,25
gp_ei,1,10.75,5,3,in_vivo_clearance,25
gp_ei,2,8.8,5,3,in_vivo_clearance,25
gp_ei,3,5.75,5,3,in_vivo_clearance,25
gp_ei,4,5.2,5,3,in_vivo_clearance,25
gp_only,1,10.766666666666666,5,3,in_vivo_clearance,25
gp_only,2,6.95,5,3,in_vivo_clearance,25
gp_only,3,4.9,5,3,in_vivo_clearance,25
gp_only,4,4.45,5,3,in_vivo_clearance,25
minimol,1,8.55,5,3,in_vivo_clearance,25
minimol,2,7.3,5,3,in_vivo_clearance,25
minimol,3,6.9,5,3,in_vivo_clearance,25
minimol,4,5.75,5,3,in_vivo_clearance,25
random,1,15.4,5,3,in_vivo_clearance,25
random,2,10.266666666666666,5,3,in_vivo_clearance,25
random,3,7.7,5,3,in_vivo_clearance,25
random,4,5.886666666666667,5,3,in_vivo_clearance,25
tanimoto,1,7.633333333333333,5,3,in_vivo_clearance,25
tanimoto,2,6.583333333333334,5,3,in_vivo_clearance,25
tanimoto,3,5.4,5,3,in_vivo_clearance,25
tanimoto,4,5.133333333333333,5,3,in_vivo_clearance,25
both_distances,1,5.372222222222222,15,11,protein_binding,25
both_distances,2,3.1611111111111114,15,11,protein_binding,25
both_distances,3,2.3555555555555556,15,11,protein_binding,25
both_distances,4,2.183333333333333,15,11,protein_binding,25
gp_ei,1,5.1,15,11,protein_binding,25
gp_ei,2,2.6333333333333333,15,11,protein_binding,25
gp_ei,3,1.8,15,11,protein_binding,25
gp_ei,4,1.7333333333333334,15,11,protein_binding,25
gp_only,1,5.98888888888889,15,11,protein_binding,25
gp_only,2,3.1777777777777776,15,11,protein_binding,25
gp_only,3,2.338888888888889,15,11,protein_binding,25
gp_only,4,2.138888888888889,15,11,protein_binding,25
minimol,1,6.072222222222223,15,11,protein_binding,25
minimol,2,3.2944444444444443,15,11,protein_binding,25
minimol,3,2.338888888888889,15,11,protein_binding,25
minimol,4,2.1722222222222225,15,11,protein_binding,25
random,1,18.266666666666666,15,11,protein_binding,25
random,2,11.822222222222223,15,11,protein_binding,25
random,3,9.023333333333333,15,11,protein_binding,25
random,4,7.306666666666667,15,11,protein_binding,25
tanimoto,1,5.527777777777778,15,11,protein_binding,25
tanimoto,2,3.15,15,11,protein_binding,25
tanimoto,3,2.033333333333333,15,11,protein_binding,25
tanimoto,4,1.9166666666666667,15,11,protein_binding,25
both_distances,1,7.564516129032258,31,24,cellular_clearance,25
both_distances,2,5.78763440860215,31,24,cellular_clearance,25
both_distances,3,4.46505376344086,31,24,cellular_clearance,25
both_distances,4,3.293010752688172,31,24,cellular_clearance,25
gp_ei,1,6.798387096774194,31,24,cellular_clearance,25
gp_ei,2,4.879032258064516,31,24,cellular_clearance,25
gp_ei,3,4.185483870967742,31,24,cellular_clearance,25
gp_ei,4,3.3629032258064515,31,24,cellular_clearance,25
gp_only,1,6.626344086021505,31,24,cellular_clearance,25
gp_only,2,4.849462365591398,31,24,cellular_clearance,25
gp_only,3,4.115591397849463,31,24,cellular_clearance,25
gp_only,4,3.102150537634409,31,24,cellular_clearance,25
minimol,1,7.080645161290323,31,24,cellular_clearance,25
minimol,2,5.010752688172043,31,24,cellular_clearance,25
minimol,3,4.241935483870968,31,24,cellular_clearance,25
minimol,4,3.2580645161290325,31,24,cellular_clearance,25
random,1,13.376881720430108,31,24,cellular_clearance,25
random,2,9.465591397849462,31,24,cellular_clearance,25
random,3,7.318817204301075,31,24,cellular_clearance,25
random,4,6.169354838709677,31,24,cellular_clearance,25
tanimoto,1,6.537634408602151,31,24,cellular_clearance,25
tanimoto,2,4.768817204301076,31,24,cellular_clearance,25
tanimoto,3,4.053763440860215,31,24,cellular_clearance,25
tanimoto,4,3.0752688172043015,31,24,cellular_clearance,25
both_distances,1,10.46875,24,21,permeability,25
both_distances,2,5.604166666666667,24,21,permeability,25
both_distances,3,4.354166666666667,24,21,permeability,25
both_distances,4,3.253472222222222,24,21,permeability,25
gp_ei,1,9.541666666666666,24,21,permeability,25
gp_ei,2,5.239583333333333,24,21,permeability,25
gp_ei,3,4.21875,24,21,permeability,25
gp_ei,4,3.21875,24,21,permeability,25
gp_only,1,10.534722222222221,24,21,permeability,25
gp_only,2,5.451388888888889,24,21,permeability,25
gp_only,3,4.302083333333333,24,21,permeability,25
gp_only,4,3.2881944444444446,24,21,permeability,25
minimol,1,10.159722222222223,24,21,permeability,25
minimol,2,5.559027777777778,24,21,permeability,25
minimol,3,4.319444444444445,24,21,permeability,25
minimol,4,3.3020833333333335,24,21,permeability,25
random,1,17.84722222222222,24,21,permeability,25
random,2,12.013888888888891,24,21,permeability,25
random,3,8.893749999999999,24,21,permeability,25
random,4,7.208333333333333,24,21,permeability,25
tanimoto,1,10.770833333333334,24,21,permeability,25
tanimoto,2,5.4375,24,21,permeability,25
tanimoto,3,4.260416666666667,24,21,permeability,25
tanimoto,4,3.128472222222222,24,21,permeability,25
both_distances,1,6.916666666666667,18,18,efflux,25
both_distances,2,4.606481481481481,18,18,efflux,25
both_distances,3,3.675925925925926,18,18,efflux,25
both_distances,4,2.925925925925926,18,18,efflux,25
gp_ei,1,7.444444444444445,18,18,efflux,25
gp_ei,2,4.277777777777778,18,18,efflux,25
gp_ei,3,3.4166666666666665,18,18,efflux,25
gp_ei,4,2.4444444444444446,18,18,efflux,25
gp_only,1,7.0092592592592595,18,18,efflux,25
gp_only,2,4.421296296296296,18,18,efflux,25
gp_only,3,3.3796296296296298,18,18,efflux,25
gp_only,4,2.509259259259259,18,18,efflux,25
minimol,1,7.592592592592592,18,18,efflux,25
minimol,2,4.62962962962963,18,18,efflux,25
minimol,3,3.6296296296296293,18,18,efflux,25
minimol,4,2.6666666666666665,18,18,efflux,25
random,1,12.87037037037037,18,18,efflux,25
random,2,8.347222222222221,18,18,efflux,25
random,3,6.3724537037037035,18,18,efflux,25
random,4,5.124173280423281,18,18,efflux,25
tanimoto,1,7.24537037037037,18,18,efflux,25
tanimoto,2,4.555555555555555,18,18,efflux,25
tanimoto,3,3.625,18,18,efflux,25
tanimoto,4,2.8703703703703707,18,18,efflux,25
both_distances,1,6.549305555555555,120,76,all,30
both_distances,2,4.670138888888888,120,76,all,30
both_distances,3,3.4118055555555555,120,76,all,30
both_distances,4,2.888888888888889,120,76,all,30
gp_ei,1,6.464583333333334,120,76,all,30
gp_ei,2,4.458333333333333,120,76,all,30
gp_ei,3,3.41875,120,76,all,30
gp_ei,4,2.972916666666667,120,76,all,30
gp_only,1,6.472222222222222,120,76,all,30
gp_only,2,4.648611111111111,120,76,all,30
gp_only,3,3.548611111111111,120,76,all,30
gp_only,4,3.0347222222222223,120,76,all,30
minimol,1,6.345138888888888,120,76,all,30
minimol,2,4.413888888888889,120,76,all,30
minimol,3,3.439583333333333,120,76,all,30
minimol,4,2.993055555555556,120,76,all,30
random,1,14.717696623592456,120,76,all,30
random,2,10.34477995692579,120,76,all,30
random,3,8.215966825612659,120,76,all,30
random,4,6.855316642462475,120,76,all,30
tanimoto,1,6.265277777777778,120,76,all,30
tanimoto,2,4.446527777777778,120,76,all,30
tanimoto,3,3.3659722222222226,120,76,all,30
tanimoto,4,2.8777777777777778,120,76,all,30
both_distances,1,5.476525821596244,71,45,microsomal_clearance,30
both_distances,2,3.9507042253521125,71,45,microsomal_clearance,30
both_distances,3,2.6431924882629105,71,45,microsomal_clearance,30
both_distances,4,2.4507042253521125,71,45,microsomal_clearance,30
gp_ei,1,5.693661971830986,71,45,microsomal_clearance,30
gp_ei,2,3.9859154929577465,71,45,microsomal_clearance,30
gp_ei,3,2.788732394366197,71,45,microsomal_clearance,30
gp_ei,4,2.6232394366197185,71,45,microsomal_clearance,30
gp_only,1,5.5481220657277,71,45,microsomal_clearance,30
gp_only,2,4.268779342723004,71,45,microsomal_clearance,30
gp_only,3,3.0023474178403755,71,45,microsomal_clearance,30
gp_only,4,2.757042253521127,71,45,microsomal_clearance,30
minimol,1,5.431924882629108,71,45,microsomal_clearance,30
minimol,2,3.8967136150234745,71,45,microsomal_clearance,30
minimol,3,2.7910798122065725,71,45,microsomal_clearance,30
minimol,4,2.64906103286385,71,45,microsomal_clearance,30
random,1,12.813712603254857,71,45,microsomal_clearance,30
random,2,9.32310227461636,71,45,microsomal_clearance,30
random,3,7.542009658312475,71,45,microsomal_clearance,30
random,4,6.439066357481851,71,45,microsomal_clearance,30
tanimoto,1,5.464788732394366,71,45,microsomal_clearance,30
tanimoto,2,4.016431924882629,71,45,microsomal_clearance,30
tanimoto,3,2.7910798122065725,71,45,microsomal_clearance,30
tanimoto,4,2.591549295774648,71,45,microsomal_clearance,30
both_distances,1,18.166666666666668,2,2,in_vivo_clearance,30
both_distances,2,12.166666666666666,2,2,in_vivo_clearance,30
both_distances,3,9.833333333333332,2,2,in_vivo_clearance,30
both_distances,4,9.125,2,2,in_vivo_clearance,30
gp_ei,1,14.5,2,2,in_vivo_clearance,30
gp_ei,2,12.0,2,2,in_vivo_clearance,30
gp_ei,3,7.875,2,2,in_vivo_clearance,30
gp_ei,4,7.0,2,2,in_vivo_clearance,30
gp_only,1,17.958333333333332,2,2,in_vivo_clearance,30
gp_only,2,10.375,2,2,in_vivo_clearance,30
gp_only,3,7.583333333333334,2,2,in_vivo_clearance,30
gp_only,4,6.833333333333334,2,2,in_vivo_clearance,30
minimol,1,11.291666666666668,2,2,in_vivo_clearance,30
minimol,2,8.625,2,2,in_vivo_clearance,30
minimol,3,8.041666666666666,2,2,in_vivo_clearance,30
minimol,4,7.75,2,2,in_vivo_clearance,30
random,1,18.5,2,2,in_vivo_clearance,30
random,2,12.333333333333332,2,2,in_vivo_clearance,30
random,3,9.25,2,2,in_vivo_clearance,30
random,4,6.716666666666667,2,2,in_vivo_clearance,30
tanimoto,1,10.791666666666666,2,2,in_vivo_clearance,30
tanimoto,2,9.458333333333334,2,2,in_vivo_clearance,30
tanimoto,3,7.333333333333333,2,2,in_vivo_clearance,30
tanimoto,4,7.083333333333333,2,2,in_vivo_clearance,30
both_distances,1,4.712962962962963,9,7,protein_binding,30
both_distances,2,3.7962962962962967,9,7,protein_binding,30
both_distances,3,2.5,9,7,protein_binding,30
both_distances,4,2.361111111111111,9,7,protein_binding,30
gp_ei,1,4.833333333333333,9,7,protein_binding,30
gp_ei,2,3.4444444444444446,9,7,protein_binding,30
gp_ei,3,2.0555555555555554,9,7,protein_binding,30
gp_ei,4,1.9444444444444444,9,7,protein_binding,30
gp_only,1,5.805555555555555,9,7,protein_binding,30
gp_only,2,3.8703703703703707,9,7,protein_binding,30
gp_only,3,2.5,9,7,protein_binding,30
gp_only,4,2.3796296296296298,9,7,protein_binding,30
minimol,1,5.953703703703704,9,7,protein_binding,30
minimol,2,4.25,9,7,protein_binding,30
minimol,3,2.6759259259259256,9,7,protein_binding,30
minimol,4,2.435185185185185,9,7,protein_binding,30
random,1,21.333333333333332,9,7,protein_binding,30
random,2,13.87962962962963,9,7,protein_binding,30
random,3,10.483333333333333,9,7,protein_binding,30
random,4,8.533333333333333,9,7,protein_binding,30
tanimoto,1,5.462962962962964,9,7,protein_binding,30
tanimoto,2,4.064814814814815,9,7,protein_binding,30
tanimoto,3,2.240740740740741,9,7,protein_binding,30
tanimoto,4,2.0925925925925926,9,7,protein_binding,30
both_distances,1,8.05,20,15,cellular_clearance,30
both_distances,2,6.8791666666666655,20,15,cellular_clearance,30
both_distances,3,5.579166666666667,20,15,cellular_clearance,30
both_distances,4,4.1875,20,15,cellular_clearance,30
gp_ei,1,7.0125,20,15,cellular_clearance,30
gp_ei,2,5.725,20,15,cellular_clearance,30
gp_ei,3,5.125,20,15,cellular_clearance,30
gp_ei,4,4.225,20,15,cellular_clearance,30
gp_only,1,6.75,20,15,cellular_clearance,30
gp_only,2,5.675,20,15,cellular_clearance,30
gp_only,3,5.1,20,15,cellular_clearance,30
gp_only,4,3.9083333333333337,20,15,cellular_clearance,30
minimol,1,7.05,20,15,cellular_clearance,30
minimol,2,5.7625,20,15,cellular_clearance,30
minimol,3,5.3375,20,15,cellular_clearance,30
minimol,4,4.191666666666666,20,15,cellular_clearance,30
random,1,13.5675,20,15,cellular_clearance,30
random,2,9.754999999999999,20,15,cellular_clearance,30
random,3,7.791666666666667,20,15,cellular_clearance,30
random,4,6.657500000000001,20,15,cellular_clearance,30
tanimoto,1,6.520833333333334,20,15,cellular_clearance,30
tanimoto,2,5.554166666666667,20,15,cellular_clearance,30
tanimoto,3,5.05,20,15,cellular_clearance,30
tanimoto,4,3.8916666666666666,20,15,cellular_clearance,30
both_distances,1,10.26923076923077,13,12,permeability,30
both_distances,2,5.0,13,12,permeability,30
both_distances,3,4.185897435897436,13,12,permeability,30
both_distances,4,2.9615384615384617,13,12,permeability,30
gp_ei,1,10.51923076923077,13,12,permeability,30
gp_ei,2,5.211538461538462,13,12,permeability,30
gp_ei,3,4.8076923076923075,13,12,permeability,30
gp_ei,4,3.4615384615384617,13,12,permeability,30
gp_only,1,10.461538461538462,13,12,permeability,30
gp_only,2,5.147435897435898,13,12,permeability,30
gp_only,3,4.551282051282052,13,12,permeability,30
gp_only,4,3.4294871794871797,13,12,permeability,30
minimol,1,10.423076923076923,13,12,permeability,30
minimol,2,4.935897435897436,13,12,permeability,30
minimol,3,4.173076923076923,13,12,permeability,30
minimol,4,3.0576923076923075,13,12,permeability,30
random,1,21.73076923076923,13,12,permeability,30
random,2,14.487179487179487,13,12,permeability,30
random,3,10.865384615384615,13,12,permeability,30
random,4,8.692307692307692,13,12,permeability,30
tanimoto,1,10.673076923076923,13,12,permeability,30
tanimoto,2,4.826923076923077,13,12,permeability,30
tanimoto,3,4.346153846153846,13,12,permeability,30
tanimoto,4,3.1153846153846154,13,12,permeability,30
both_distances,1,4.766666666666667,5,5,efflux,30
both_distances,2,3.7666666666666666,5,5,efflux,30
both_distances,3,2.716666666666667,5,5,efflux,30
both_distances,4,2.183333333333333,5,5,efflux,30
gp_ei,1,4.4,5,5,efflux,30
gp_ei,2,2.95,5,5,efflux,30
gp_ei,3,2.6,5,5,efflux,30
gp_ei,4,1.9,5,5,efflux,30
gp_only,1,4.716666666666667,5,5,efflux,30
gp_only,2,3.75,5,5,efflux,30
gp_only,3,2.7666666666666666,5,5,efflux,30
gp_only,4,2.1166666666666663,5,5,efflux,30
minimol,1,4.616666666666666,5,5,efflux,30
minimol,2,3.6166666666666663,5,5,efflux,30
minimol,3,2.6833333333333336,5,5,efflux,30
minimol,4,2.0166666666666666,5,5,efflux,30
random,1,14.7,5,5,efflux,30
random,2,9.283333333333335,5,5,efflux,30
random,3,8.1,5,5,efflux,30
random,4,5.816190476190476,5,5,efflux,30
tanimoto,1,4.783333333333333,5,5,efflux,30
tanimoto,2,3.8166666666666673,5,5,efflux,30
tanimoto,3,2.683333333333333,5,5,efflux,30
tanimoto,4,2.0,5,5,efflux,30
both_distances,1,7.28,75,50,all,35
both_distances,2,4.89,75,50,all,35
both_distances,3,3.5222222222222226,75,50,all,35
both_distances,4,3.008888888888889,75,50,all,35
gp_ei,1,7.1866666666666665,75,50,all,35
gp_ei,2,4.8533333333333335,75,50,all,35
gp_ei,3,3.69,75,50,all,35
gp_ei,4,3.283333333333333,75,50,all,35
gp_only,1,7.062222222222221,75,50,all,35
gp_only,2,4.933333333333334,75,50,all,35
gp_only,3,3.8177777777777777,75,50,all,35
gp_only,4,3.338888888888889,75,50,all,35
minimol,1,6.847777777777778,75,50,all,35
minimol,2,4.47,75,50,all,35
minimol,3,3.5966666666666667,75,50,all,35
minimol,4,3.2333333333333334,75,50,all,35
random,1,16.983818871252208,75,50,all,35
random,2,11.863818871252205,75,50,all,35
random,3,9.396384527817862,75,50,all,35
random,4,7.9070194484527825,75,50,all,35
tanimoto,1,6.816666666666666,75,50,all,35
tanimoto,2,4.602222222222222,75,50,all,35
tanimoto,3,3.533333333333333,75,50,all,35
tanimoto,4,3.0611111111111113,75,50,all,35
both_distances,1,6.112318840579711,46,31,microsomal_clearance,35
both_distances,2,4.13768115942029,46,31,microsomal_clearance,35
both_distances,3,2.7246376811594204,46,31,microsomal_clearance,35
both_distances,4,2.592391304347826,46,31,microsomal_clearance,35
gp_ei,1,6.2771739130434785,46,31,microsomal_clearance,35
gp_ei,2,4.440217391304348,46,31,microsomal_clearance,35
gp_ei,3,3.0706521739130435,46,31,microsomal_clearance,35
gp_ei,4,2.9619565217391304,46,31,microsomal_clearance,35
gp_only,1,6.050724637681159,46,31,microsomal_clearance,35
gp_only,2,4.547101449275362,46,31,microsomal_clearance,35
gp_only,3,3.215579710144928,46,31,microsomal_clearance,35
gp_only,4,3.0851449275362315,46,31,microsomal_clearance,35
minimol,1,5.93659420289855,46,31,microsomal_clearance,35
minimol,2,4.172101449275362,46,31,microsomal_clearance,35
minimol,3,3.010869565217391,46,31,microsomal_clearance,35
minimol,4,2.9311594202898554,46,31,microsomal_clearance,35
random,1,15.078431389463997,46,31,microsomal_clearance,35
random,2,10.730605302507476,46,31,microsomal_clearance,35
random,3,8.72428119183554,46,31,microsomal_clearance,35
random,4,7.5695710469080035,46,31,microsomal_clearance,35
tanimoto,1,5.920289855072463,46,31,microsomal_clearance,35
tanimoto,2,4.228260869565218,46,31,microsomal_clearance,35
tanimoto,3,2.9365942028985508,46,31,microsomal_clearance,35
tanimoto,4,2.8260869565217392,46,31,microsomal_clearance,35
both_distances,1,10.916666666666666,1,1,in_vivo_clearance,35
both_distances,2,7.25,1,1,in_vivo_clearance,35
both_distances,3,5.0,1,1,in_vivo_clearance,35
both_distances,4,4.5,1,1,in_vivo_clearance,35
gp_ei,1,10.5,1,1,in_vivo_clearance,35
gp_ei,2,9.5,1,1,in_vivo_clearance,35
gp_ei,3,2.0,1,1,in_vivo_clearance,35
gp_ei,4,2.0,1,1,in_vivo_clearance,35
gp_only,1,11.666666666666666,1,1,in_vivo_clearance,35
gp_only,2,8.333333333333334,1,1,in_vivo_clearance,35
gp_only,3,4.666666666666667,1,1,in_vivo_clearance,35
gp_only,4,4.166666666666667,1,1,in_vivo_clearance,35
minimol,1,8.75,1,1,in_vivo_clearance,35
minimol,2,6.75,1,1,in_vivo_clearance,35
minimol,3,6.333333333333333,1,1,in_vivo_clearance,35
minimol,4,6.166666666666667,1,1,in_vivo_clearance,35
random,1,20.5,1,1,in_vivo_clearance,35
random,2,13.666666666666666,1,1,in_vivo_clearance,35
random,3,10.25,1,1,in_vivo_clearance,35
random,4,6.833333333333333,1,1,in_vivo_clearance,35
tanimoto,1,5.583333333333333,1,1,in_vivo_clearance,35
tanimoto,2,5.583333333333333,1,1,in_vivo_clearance,35
tanimoto,3,4.0,1,1,in_vivo_clearance,35
tanimoto,4,4.0,1,1,in_vivo_clearance,35
both_distances,1,5.083333333333333,6,5,protein_binding,35
both_distances,2,3.7083333333333335,6,5,protein_binding,35
both_distances,3,2.9722222222222228,6,5,protein_binding,35
both_distances,4,2.7638888888888893,6,5,protein_binding,35
gp_ei,1,4.541666666666667,6,5,protein_binding,35
gp_ei,2,2.4583333333333335,6,5,protein_binding,35
gp_ei,3,1.8333333333333333,6,5,protein_binding,35
gp_ei,4,1.6666666666666667,6,5,protein_binding,35
gp_only,1,5.916666666666667,6,5,protein_binding,35
gp_only,2,3.486111111111111,6,5,protein_binding,35
gp_only,3,2.9583333333333335,6,5,protein_binding,35
gp_only,4,2.777777777777778,6,5,protein_binding,35
minimol,1,5.5,6,5,protein_binding,35
minimol,2,3.472222222222222,6,5,protein_binding,35
minimol,3,3.263888888888889,6,5,protein_binding,35
minimol,4,2.9027777777777772,6,5,protein_binding,35
random,1,23.583333333333332,6,5,protein_binding,35
random,2,15.208333333333334,6,5,protein_binding,35
random,3,11.791666666666666,6,5,protein_binding,35
random,4,9.433333333333332,6,5,protein_binding,35
tanimoto,1,4.847222222222222,6,5,protein_binding,35
tanimoto,2,3.2638888888888893,6,5,protein_binding,35
tanimoto,3,2.3194444444444446,6,5,protein_binding,35
tanimoto,4,2.180555555555556,6,5,protein_binding,35
both_distances,1,8.384615384615385,13,9,cellular_clearance,35
both_distances,2,7.416666666666666,13,9,cellular_clearance,35
both_distances,3,5.448717948717948,13,9,cellular_clearance,35
both_distances,4,4.134615384615385,13,9,cellular_clearance,35
gp_ei,1,7.115384615384615,13,9,cellular_clearance,35
gp_ei,2,6.115384615384615,13,9,cellular_clearance,35
gp_ei,3,5.1923076923076925,13,9,cellular_clearance,35
gp_ei,4,4.519230769230769,13,9,cellular_clearance,35
gp_only,1,6.653846153846154,13,9,cellular_clearance,35
gp_only,2,5.987179487179488,13,9,cellular_clearance,35
gp_only,3,5.102564102564103,13,9,cellular_clearance,35
gp_only,4,3.974358974358974,13,9,cellular_clearance,35
minimol,1,6.596153846153846,13,9,cellular_clearance,35
minimol,2,5.397435897435898,13,9,cellular_clearance,35
minimol,3,4.910256410256411,13,9,cellular_clearance,35
minimol,4,4.134615384615385,13,9,cellular_clearance,35
random,1,14.898351648351648,13,9,cellular_clearance,35
random,2,10.891941391941392,13,9,cellular_clearance,35
random,3,8.473992673992674,13,9,cellular_clearance,35
random,4,7.2214285714285715,13,9,cellular_clearance,35
tanimoto,1,6.333333333333334,13,9,cellular_clearance,35
tanimoto,2,5.711538461538462,13,9,cellular_clearance,35
tanimoto,3,4.948717948717948,13,9,cellular_clearance,35
tanimoto,4,3.8589743589743586,13,9,cellular_clearance,35
both_distances,1,13.65625,8,7,permeability,35
both_distances,2,5.666666666666666,8,7,permeability,35
both_distances,3,5.09375,8,7,permeability,35
both_distances,4,3.729166666666667,8,7,permeability,35
gp_ei,1,14.375,8,7,permeability,35
gp_ei,2,6.375,8,7,permeability,35
gp_ei,3,6.3125,8,7,permeability,35
gp_ei,4,4.78125,8,7,permeability,35
gp_only,1,14.114583333333334,8,7,permeability,35
gp_only,2,6.125,8,7,permeability,35
gp_only,3,5.65625,8,7,permeability,35
gp_only,4,4.333333333333334,8,7,permeability,35
minimol,1,13.583333333333334,8,7,permeability,35
minimol,2,5.15625,8,7,permeability,35
minimol,3,4.666666666666667,8,7,permeability,35
minimol,4,3.6458333333333335,8,7,permeability,35
random,1,25.5625,8,7,permeability,35
random,2,17.041666666666668,8,7,permeability,35
random,3,12.78125,8,7,permeability,35
random,4,10.225,8,7,permeability,35
tanimoto,1,14.583333333333334,8,7,permeability,35
tanimoto,2,5.75,8,7,permeability,35
tanimoto,3,5.447916666666667,8,7,permeability,35
tanimoto,4,3.9166666666666665,8,7,permeability,35
both_distances,1,5.166666666666667,1,1,efflux,35
both_distances,2,5.166666666666667,1,1,efflux,35
both_distances,3,4.416666666666667,1,1,efflux,35
both_distances,4,1.75,1,1,efflux,35
gp_ei,1,5.0,1,1,efflux,35
gp_ei,2,5.0,1,1,efflux,35
gp_ei,3,4.5,1,1,efflux,35
gp_ei,4,1.0,1,1,efflux,35
gp_only,1,4.75,1,1,efflux,35
gp_only,2,4.75,1,1,efflux,35
gp_only,3,4.416666666666667,1,1,efflux,35
gp_only,4,1.3333333333333333,1,1,efflux,35
minimol,1,4.333333333333333,1,1,efflux,35
minimol,2,4.333333333333333,1,1,efflux,35
minimol,3,4.166666666666667,1,1,efflux,35
minimol,4,1.1666666666666667,1,1,efflux,35
random,1,20.0,1,1,efflux,35
random,2,13.333333333333334,1,1,efflux,35
random,3,10.0,1,1,efflux,35
random,4,5.714285714285714,1,1,efflux,35
tanimoto,1,5.25,1,1,efflux,35
tanimoto,2,5.25,1,1,efflux,35
tanimoto,3,4.083333333333333,1,1,efflux,35
tanimoto,4,1.0,1,1,efflux,35
both_distances,1,7.08974358974359,52,34,all,40
both_distances,2,4.533653846153846,52,34,all,40
both_distances,3,3.411858974358974,52,34,all,40
both_distances,4,2.9166666666666665,52,34,all,40
gp_ei,1,6.961538461538462,52,34,all,40
gp_ei,2,4.725961538461538,52,34,all,40
gp_ei,3,3.605769230769231,52,34,all,40
gp_ei,4,3.2548076923076925,52,34,all,40
gp_only,1,7.022435897435898,52,34,all,40
gp_only,2,4.857371794871795,52,34,all,40
gp_only,3,3.772435897435898,52,34,all,40
gp_only,4,3.3653846153846154,52,34,all,40
minimol,1,6.8798076923076925,52,34,all,40
minimol,2,4.455128205128205,52,34,all,40
minimol,3,3.661858974358974,52,34,all,40
minimol,4,3.261217948717949,52,34,all,40
random,1,17.93884132071632,52,34,all,40
random,2,12.442046448921449,52,34,all,40
random,3,9.900875120250122,52,34,all,40
random,4,8.323906255781255,52,34,all,40
tanimoto,1,6.7868589743589745,52,34,all,40
tanimoto,2,4.464743589743589,52,34,all,40
tanimoto,3,3.496794871794872,52,34,all,40
tanimoto,4,3.0544871794871797,52,34,all,40
both_distances,1,6.28125,32,21,microsomal_clearance,40
both_distances,2,4.325520833333333,32,21,microsomal_clearance,40
both_distances,3,2.7526041666666665,32,21,microsomal_clearance,40
both_distances,4,2.6692708333333335,32,21,microsomal_clearance,40
gp_ei,1,6.4375,32,21,microsomal_clearance,40
gp_ei,2,4.71875,32,21,microsomal_clearance,40
gp_ei,3,3.2265625,32,21,microsomal_clearance,40
gp_ei,4,3.1796875,32,21,microsomal_clearance,40
gp_only,1,6.200520833333333,32,21,microsomal_clearance,40
gp_only,2,4.893229166666667,32,21,microsomal_clearance,40
gp_only,3,3.3671875,32,21,microsomal_clearance,40
gp_only,4,3.3359375,32,21,microsomal_clearance,40
minimol,1,6.052083333333333,32,21,microsomal_clearance,40
minimol,2,4.395833333333333,32,21,microsomal_clearance,40
minimol,3,3.1979166666666665,32,21,microsomal_clearance,40
minimol,4,3.1796875,32,21,microsomal_clearance,40
random,1,16.04607845568783,32,21,microsomal_clearance,40
random,2,11.12420345568783,32,21,microsomal_clearance,40
random,3,9.104175046596922,32,21,microsomal_clearance,40
random,4,7.963029213263589,32,21,microsomal_clearance,40
tanimoto,1,5.958333333333333,32,21,microsomal_clearance,40
tanimoto,2,4.4375,32,21,microsomal_clearance,40
tanimoto,3,3.03125,32,21,microsomal_clearance,40
tanimoto,4,2.9947916666666665,32,21,microsomal_clearance,40
both_distances,1,10.916666666666666,1,1,in_vivo_clearance,40
both_distances,2,7.25,1,1,in_vivo_clearance,40
both_distances,3,5.0,1,1,in_vivo_clearance,40
both_distances,4,4.5,1,1,in_vivo_clearance,40
gp_ei,1,10.5,1,1,in_vivo_clearance,40
gp_ei,2,9.5,1,1,in_vivo_clearance,40
gp_ei,3,2.0,1,1,in_vivo_clearance,40
gp_ei,4,2.0,1,1,in_vivo_clearance,40
gp_only,1,11.666666666666666,1,1,in_vivo_clearance,40
gp_only,2,8.333333333333334,1,1,in_vivo_clearance,40
gp_only,3,4.666666666666667,1,1,in_vivo_clearance,40
gp_only,4,4.166666666666667,1,1,in_vivo_clearance,40
minimol,1,8.75,1,1,in_vivo_clearance,40
minimol,2,6.75,1,1,in_vivo_clearance,40
minimol,3,6.333333333333333,1,1,in_vivo_clearance,40
minimol,4,6.166666666666667,1,1,in_vivo_clearance,40
random,1,20.5,1,1,in_vivo_clearance,40
random,2,13.666666666666666,1,1,in_vivo_clearance,40
random,3,10.25,1,1,in_vivo_clearance,40
random,4,6.833333333333333,1,1,in_vivo_clearance,40
tanimoto,1,5.583333333333333,1,1,in_vivo_clearance,40
tanimoto,2,5.583333333333333,1,1,in_vivo_clearance,40
tanimoto,3,4.0,1,1,in_vivo_clearance,40
tanimoto,4,4.0,1,1,in_vivo_clearance,40
both_distances,1,2.25,2,2,protein_binding,40
both_distances,2,2.25,2,2,protein_binding,40
both_distances,3,2.25,2,2,protein_binding,40
both_distances,4,1.625,2,2,protein_binding,40
gp_ei,1,2.75,2,2,protein_binding,40
gp_ei,2,2.75,2,2,protein_binding,40
gp_ei,3,2.0,2,2,protein_binding,40
gp_ei,4,1.5,2,2,protein_binding,40
gp_only,1,2.5,2,2,protein_binding,40
gp_only,2,2.5,2,2,protein_binding,40
gp_only,3,2.333333333333333,2,2,protein_binding,40
gp_only,4,1.7916666666666667,2,2,protein_binding,40
minimol,1,3.25,2,2,protein_binding,40
minimol,2,3.25,2,2,protein_binding,40
minimol,3,3.2083333333333335,2,2,protein_binding,40
minimol,4,2.125,2,2,protein_binding,40
random,1,32.75,2,2,protein_binding,40
random,2,21.833333333333332,2,2,protein_binding,40
random,3,16.375,2,2,protein_binding,40
random,4,13.1,2,2,protein_binding,40
tanimoto,1,2.25,2,2,protein_binding,40
tanimoto,2,2.25,2,2,protein_binding,40
tanimoto,3,2.25,2,2,protein_binding,40
tanimoto,4,1.8333333333333333,2,2,protein_binding,40
both_distances,1,5.296296296296296,9,6,cellular_clearance,40
both_distances,2,4.9907407407407405,9,6,cellular_clearance,40
both_distances,3,4.564814814814815,9,6,cellular_clearance,40
both_distances,4,3.7037037037037033,9,6,cellular_clearance,40
gp_ei,1,4.5,9,6,cellular_clearance,40
gp_ei,2,3.9722222222222223,9,6,cellular_clearance,40
gp_ei,3,3.9166666666666665,9,6,cellular_clearance,40
gp_ei,4,3.9166666666666665,9,6,cellular_clearance,40
gp_only,1,4.759259259259259,9,6,cellular_clearance,40
gp_only,2,4.37037037037037,9,6,cellular_clearance,40
gp_only,3,4.092592592592592,9,6,cellular_clearance,40
gp_only,4,3.546296296296296,9,6,cellular_clearance,40
minimol,1,5.101851851851852,9,6,cellular_clearance,40
minimol,2,4.694444444444445,9,6,cellular_clearance,40
minimol,3,4.444444444444445,9,6,cellular_clearance,40
minimol,4,3.6944444444444446,9,6,cellular_clearance,40
random,1,14.093915343915345,9,6,cellular_clearance,40
random,2,10.667989417989418,9,6,cellular_clearance,40
random,3,8.584656084656084,9,6,cellular_clearance,40
random,4,7.186507936507937,9,6,cellular_clearance,40
tanimoto,1,4.685185185185186,9,6,cellular_clearance,40
tanimoto,2,4.296296296296296,9,6,cellular_clearance,40
tanimoto,3,4.055555555555555,9,6,cellular_clearance,40
tanimoto,4,3.4259259259259256,9,6,cellular_clearance,40
both_distances,1,14.202380952380953,7,6,permeability,40
both_distances,2,5.071428571428571,7,6,permeability,40
both_distances,3,4.904761904761905,7,6,permeability,40
both_distances,4,3.3452380952380953,7,6,permeability,40
gp_ei,1,13.5,7,6,permeability,40
gp_ei,2,5.571428571428571,7,6,permeability,40
gp_ei,3,5.5,7,6,permeability,40
gp_ei,4,3.75,7,6,permeability,40
gp_only,1,14.642857142857142,7,6,permeability,40
gp_only,2,5.511904761904762,7,6,permeability,40
gp_only,3,5.404761904761905,7,6,permeability,40
gp_only,4,3.892857142857143,7,6,permeability,40
minimol,1,14.083333333333332,7,6,permeability,40
minimol,2,4.4523809523809526,7,6,permeability,40
minimol,3,4.4523809523809526,7,6,permeability,40
minimol,4,3.2857142857142856,7,6,permeability,40
random,1,26.642857142857142,7,6,permeability,40
random,2,17.761904761904763,7,6,permeability,40
random,3,13.321428571428571,7,6,permeability,40
random,4,10.657142857142857,7,6,permeability,40
tanimoto,1,14.964285714285714,7,6,permeability,40
tanimoto,2,5.166666666666666,7,6,permeability,40
tanimoto,3,5.107142857142857,7,6,permeability,40
tanimoto,4,3.357142857142857,7,6,permeability,40
both_distances,1,5.166666666666667,1,1,efflux,40
both_distances,2,5.166666666666667,1,1,efflux,40
both_distances,3,4.416666666666667,1,1,efflux,40
both_distances,4,1.75,1,1,efflux,40
gp_ei,1,5.0,1,1,efflux,40
gp_ei,2,5.0,1,1,efflux,40
gp_ei,3,4.5,1,1,efflux,40
gp_ei,4,1.0,1,1,efflux,40
gp_only,1,4.75,1,1,efflux,40
gp_only,2,4.75,1,1,efflux,40
gp_only,3,4.416666666666667,1,1,efflux,40
gp_only,4,1.3333333333333333,1,1,efflux,40
minimol,1,4.333333333333333,1,1,efflux,40
minimol,2,4.333333333333333,1,1,efflux,40
minimol,3,4.166666666666667,1,1,efflux,40
minimol,4,1.1666666666666667,1,1,efflux,40
random,1,20.0,1,1,efflux,40
random,2,13.333333333333334,1,1,efflux,40
random,3,10.0,1,1,efflux,40
random,4,5.714285714285714,1,1,efflux,40
tanimoto,1,5.25,1,1,efflux,40
tanimoto,2,5.25,1,1,efflux,40
tanimoto,3,4.083333333333333,1,1,efflux,40
tanimoto,4,1.0,1,1,efflux,40
both_distances,1,7.03888888888889,30,20,all,45
both_distances,2,4.208333333333333,30,20,all,45
both_distances,3,3.8944444444444444,30,20,all,45
both_distances,4,3.461111111111111,30,20,all,45
gp_ei,1,6.708333333333333,30,20,all,45
gp_ei,2,4.275,30,20,all,45
gp_ei,3,4.1,30,20,all,45
gp_ei,4,3.9916666666666667,30,20,all,45
gp_only,1,7.019444444444444,30,20,all,45
gp_only,2,4.802777777777778,30,20,all,45
gp_only,3,4.569444444444445,30,20,all,45
gp_only,4,4.266666666666667,30,20,all,45
minimol,1,7.286111111111111,30,20,all,45
minimol,2,4.608333333333333,30,20,all,45
minimol,3,4.377777777777778,30,20,all,45
minimol,4,4.0,30,20,all,45
random,1,19.794670634920635,30,20,all,45
random,2,13.622448412698413,30,20,all,45
random,3,11.1513373015873,30,20,all,45
random,4,9.535781746031747,30,20,all,45
tanimoto,1,6.7444444444444445,30,20,all,45
tanimoto,2,4.375,30,20,all,45
tanimoto,3,4.191666666666666,30,20,all,45
tanimoto,4,3.8472222222222223,30,20,all,45
both_distances,1,5.462962962962963,18,11,microsomal_clearance,45
both_distances,2,3.574074074074074,18,11,microsomal_clearance,45
both_distances,3,3.263888888888889,18,11,microsomal_clearance,45
both_distances,4,3.1157407407407405,18,11,microsomal_clearance,45
gp_ei,1,5.236111111111111,18,11,microsomal_clearance,45
gp_ei,2,3.9583333333333335,18,11,microsomal_clearance,45
gp_ei,3,3.7777777777777777,18,11,microsomal_clearance,45
gp_ei,4,3.736111111111111,18,11,microsomal_clearance,45
gp_only,1,5.203703703703704,18,11,microsomal_clearance,45
gp_only,2,4.5,18,11,microsomal_clearance,45
gp_only,3,4.310185185185185,18,11,microsomal_clearance,45
gp_only,4,4.25462962962963,18,11,microsomal_clearance,45
minimol,1,5.689814814814814,18,11,microsomal_clearance,45
minimol,2,4.217592592592593,18,11,microsomal_clearance,45
minimol,3,3.962962962962963,18,11,microsomal_clearance,45
minimol,4,3.9305555555555554,18,11,microsomal_clearance,45
random,1,18.268234126984126,18,11,microsomal_clearance,45
random,2,12.499715608465609,18,11,microsomal_clearance,45
random,3,10.64045634920635,18,11,microsomal_clearance,45
random,4,9.303419312169313,18,11,microsomal_clearance,45
tanimoto,1,5.0509259259259265,18,11,microsomal_clearance,45
tanimoto,2,3.9722222222222223,18,11,microsomal_clearance,45
tanimoto,3,3.796296296296296,18,11,microsomal_clearance,45
tanimoto,4,3.731481481481482,18,11,microsomal_clearance,45
both_distances,1,3.5,1,1,protein_binding,45
both_distances,2,3.5,1,1,protein_binding,45
both_distances,3,3.5,1,1,protein_binding,45
both_distances,4,2.25,1,1,protein_binding,45
gp_ei,1,4.5,1,1,protein_binding,45
gp_ei,2,4.5,1,1,protein_binding,45
gp_ei,3,3.0,1,1,protein_binding,45
gp_ei,4,2.0,1,1,protein_binding,45
gp_only,1,3.5,1,1,protein_binding,45
gp_only,2,3.5,1,1,protein_binding,45
gp_only,3,3.1666666666666665,1,1,protein_binding,45
gp_only,4,2.0833333333333335,1,1,protein_binding,45
minimol,1,4.5,1,1,protein_binding,45
minimol,2,4.5,1,1,protein_binding,45
minimol,3,4.416666666666667,1,1,protein_binding,45
minimol,4,2.25,1,1,protein_binding,45
random,1,45.5,1,1,protein_binding,45
random,2,30.333333333333332,1,1,protein_binding,45
random,3,22.75,1,1,protein_binding,45
random,4,18.2,1,1,protein_binding,45
tanimoto,1,3.5,1,1,protein_binding,45
tanimoto,2,3.5,1,1,protein_binding,45
tanimoto,3,3.5,1,1,protein_binding,45
tanimoto,4,2.6666666666666665,1,1,protein_binding,45
both_distances,1,5.44047619047619,7,5,cellular_clearance,45
both_distances,2,5.047619047619047,7,5,cellular_clearance,45
both_distances,3,4.654761904761905,7,5,cellular_clearance,45
both_distances,4,3.8095238095238093,7,5,cellular_clearance,45
gp_ei,1,5.0,7,5,cellular_clearance,45
gp_ei,2,4.321428571428571,7,5,cellular_clearance,45
gp_ei,3,4.321428571428571,7,5,cellular_clearance,45
gp_ei,4,4.321428571428571,7,5,cellular_clearance,45
gp_only,1,5.392857142857143,7,5,cellular_clearance,45
gp_only,2,4.892857142857143,7,5,cellular_clearance,45
gp_only,3,4.535714285714286,7,5,cellular_clearance,45
gp_only,4,3.833333333333333,7,5,cellular_clearance,45
minimol,1,5.761904761904762,7,5,cellular_clearance,45
minimol,2,5.238095238095239,7,5,cellular_clearance,45
minimol,3,4.916666666666667,7,5,cellular_clearance,45
minimol,4,4.059523809523809,7,5,cellular_clearance,45
random,1,13.358843537414966,7,5,cellular_clearance,45
random,2,9.906462585034015,7,5,cellular_clearance,45
random,3,8.180272108843537,7,5,cellular_clearance,45
random,4,7.144557823129252,7,5,cellular_clearance,45
tanimoto,1,5.345238095238096,7,5,cellular_clearance,45
tanimoto,2,4.845238095238095,7,5,cellular_clearance,45
tanimoto,3,4.5476190476190474,7,5,cellular_clearance,45
tanimoto,4,3.7738095238095233,7,5,cellular_clearance,45
both_distances,1,17.8125,4,4,permeability,45
both_distances,2,5.770833333333333,4,4,permeability,45
both_distances,3,5.5,4,4,permeability,45
both_distances,4,4.708333333333334,4,4,permeability,45
gp_ei,1,16.875,4,4,permeability,45
gp_ei,2,5.5625,4,4,permeability,45
gp_ei,3,5.4375,4,4,permeability,45
gp_ei,4,5.0625,4,4,permeability,45
gp_only,1,18.916666666666664,4,4,permeability,45
gp_only,2,6.333333333333334,4,4,permeability,45
gp_only,3,6.145833333333334,4,4,permeability,45
gp_only,4,5.625,4,4,permeability,45
minimol,1,17.833333333333332,4,4,permeability,45
minimol,2,5.291666666666667,4,4,permeability,45
minimol,3,5.291666666666667,4,4,permeability,45
minimol,4,4.645833333333334,4,4,permeability,45
random,1,31.5,4,4,permeability,45
random,2,21.0,4,4,permeability,45
random,3,15.75,4,4,permeability,45
random,4,12.6,4,4,permeability,45
tanimoto,1,17.625,4,4,permeability,45
tanimoto,2,5.583333333333333,4,4,permeability,45
tanimoto,3,5.520833333333333,4,4,permeability,45
tanimoto,4,4.791666666666667,4,4,permeability,45
both_distances,1,7.9125,20,14,all,50
both_distances,2,4.0625,20,14,all,50
both_distances,3,3.7583333333333337,20,14,all,50
both_distances,4,3.445833333333333,20,14,all,50
gp_ei,1,8.0625,20,14,all,50
gp_ei,2,4.825,20,14,all,50
gp_ei,3,4.6125,20,14,all,50
gp_ei,4,4.4875,20,14,all,50
gp_only,1,7.995833333333333,20,14,all,50
gp_only,2,5.045833333333333,20,14,all,50
gp_only,3,4.8625,20,14,all,50
gp_only,4,4.7041666666666675,20,14,all,50
minimol,1,8.220833333333333,20,14,all,50
minimol,2,4.616666666666666,20,14,all,50
minimol,3,4.441666666666667,20,14,all,50
minimol,4,4.2041666666666675,20,14,all,50
random,1,23.88069642857143,20,14,all,50
random,2,15.789029761904763,20,14,all,50
random,3,12.780696428571428,20,14,all,50
random,4,10.707363095238096,20,14,all,50
tanimoto,1,7.6,20,14,all,50
tanimoto,2,4.4541666666666675,20,14,all,50
tanimoto,3,4.3125,20,14,all,50
tanimoto,4,4.1,20,14,all,50
both_distances,1,5.5059523809523805,14,8,microsomal_clearance,50
both_distances,2,3.5,14,8,microsomal_clearance,50
both_distances,3,3.1785714285714284,14,8,microsomal_clearance,50
both_distances,4,3.0476190476190474,14,8,microsomal_clearance,50
gp_ei,1,5.392857142857143,14,8,microsomal_clearance,50
gp_ei,2,4.160714285714286,14,8,microsomal_clearance,50
gp_ei,3,4.0,14,8,microsomal_clearance,50
gp_ei,4,4.0,14,8,microsomal_clearance,50
gp_only,1,5.238095238095238,14,8,microsomal_clearance,50
gp_only,2,4.690476190476191,14,8,microsomal_clearance,50
gp_only,3,4.541666666666667,14,8,microsomal_clearance,50
gp_only,4,4.541666666666667,14,8,microsomal_clearance,50
minimol,1,5.827380952380952,14,8,microsomal_clearance,50
minimol,2,4.309523809523809,14,8,microsomal_clearance,50
minimol,3,4.089285714285714,14,8,microsomal_clearance,50
minimol,4,4.089285714285714,14,8,microsomal_clearance,50
random,1,20.043852040816326,14,8,microsomal_clearance,50
random,2,13.174804421768709,14,8,microsomal_clearance,50
random,3,11.222423469387754,14,8,microsomal_clearance,50
random,4,9.66766156462585,14,8,microsomal_clearance,50
tanimoto,1,5.029761904761904,14,8,microsomal_clearance,50
tanimoto,2,4.035714285714286,14,8,microsomal_clearance,50
tanimoto,3,3.886904761904762,14,8,microsomal_clearance,50
tanimoto,4,3.851190476190476,14,8,microsomal_clearance,50
both_distances,1,3.5,1,1,protein_binding,50
both_distances,2,3.5,1,1,protein_binding,50
both_distances,3,3.5,1,1,protein_binding,50
both_distances,4,2.25,1,1,protein_binding,50
gp_ei,1,4.5,1,1,protein_binding,50
gp_ei,2,4.5,1,1,protein_binding,50
gp_ei,3,3.0,1,1,protein_binding,50
gp_ei,4,2.0,1,1,protein_binding,50
gp_only,1,3.5,1,1,protein_binding,50
gp_only,2,3.5,1,1,protein_binding,50
gp_only,3,3.1666666666666665,1,1,protein_binding,50
gp_only,4,2.0833333333333335,1,1,protein_binding,50
minimol,1,4.5,1,1,protein_binding,50
minimol,2,4.5,1,1,protein_binding,50
minimol,3,4.416666666666667,1,1,protein_binding,50
minimol,4,2.25,1,1,protein_binding,50
random,1,45.5,1,1,protein_binding,50
random,2,30.333333333333332,1,1,protein_binding,50
random,3,22.75,1,1,protein_binding,50
random,4,18.2,1,1,protein_binding,50
tanimoto,1,3.5,1,1,protein_binding,50
tanimoto,2,3.5,1,1,protein_binding,50
tanimoto,3,3.5,1,1,protein_binding,50
tanimoto,4,2.6666666666666665,1,1,protein_binding,50
both_distances,1,6.416666666666667,1,1,cellular_clearance,50
both_distances,2,5.666666666666667,1,1,cellular_clearance,50
both_distances,3,5.166666666666667,1,1,cellular_clearance,50
both_distances,4,5.166666666666667,1,1,cellular_clearance,50
gp_ei,1,13.75,1,1,cellular_clearance,50
gp_ei,2,11.5,1,1,cellular_clearance,50
gp_ei,3,11.5,1,1,cellular_clearance,50
gp_ei,4,11.5,1,1,cellular_clearance,50
gp_only,1,7.416666666666667,1,1,cellular_clearance,50
gp_only,2,6.416666666666667,1,1,cellular_clearance,50
gp_only,3,5.916666666666667,1,1,cellular_clearance,50
gp_only,4,5.916666666666667,1,1,cellular_clearance,50
minimol,1,7.0,1,1,cellular_clearance,50
minimol,2,6.333333333333333,1,1,cellular_clearance,50
minimol,3,6.0,1,1,cellular_clearance,50
minimol,4,6.0,1,1,cellular_clearance,50
random,1,25.5,1,1,cellular_clearance,50
random,2,17.0,1,1,cellular_clearance,50
random,3,12.75,1,1,cellular_clearance,50
random,4,10.2,1,1,cellular_clearance,50
tanimoto,1,7.583333333333333,1,1,cellular_clearance,50
tanimoto,2,6.75,1,1,cellular_clearance,50
tanimoto,3,6.25,1,1,cellular_clearance,50
tanimoto,4,6.25,1,1,cellular_clearance,50
both_distances,1,17.8125,4,4,permeability,50
both_distances,2,5.770833333333333,4,4,permeability,50
both_distances,3,5.5,4,4,permeability,50
both_distances,4,4.708333333333334,4,4,permeability,50
gp_ei,1,16.875,4,4,permeability,50
gp_ei,2,5.5625,4,4,permeability,50
gp_ei,3,5.4375,4,4,permeability,50
gp_ei,4,5.0625,4,4,permeability,50
gp_only,1,18.916666666666664,4,4,permeability,50
gp_only,2,6.333333333333334,4,4,permeability,50
gp_only,3,6.145833333333334,4,4,permeability,50
gp_only,4,5.625,4,4,permeability,50
minimol,1,17.833333333333332,4,4,permeability,50
minimol,2,5.291666666666667,4,4,permeability,50
minimol,3,5.291666666666667,4,4,permeability,50
minimol,4,4.645833333333334,4,4,permeability,50
random,1,31.5,4,4,permeability,50
random,2,21.0,4,4,permeability,50
random,3,15.75,4,4,permeability,50
random,4,12.6,4,4,permeability,50
tanimoto,1,17.625,4,4,permeability,50
tanimoto,2,5.583333333333333,4,4,permeability,50
tanimoto,3,5.520833333333333,4,4,permeability,50
tanimoto,4,4.791666666666667,4,4,permeability,50
both_distances,1,7.340909090909091,11,9,all,60
both_distances,2,4.696969696969696,11,9,all,60
both_distances,3,4.1893939393939394,11,9,all,60
both_distances,4,3.8787878787878785,11,9,all,60
gp_ei,1,6.2727272727272725,11,9,all,60
gp_ei,2,4.568181818181818,11,9,all,60
gp_ei,3,4.181818181818182,11,9,all,60
gp_ei,4,4.090909090909091,11,9,all,60
gp_only,1,7.234848484848484,11,9,all,60
gp_only,2,6.333333333333334,11,9,all,60
gp_only,3,6.045454545454546,11,9,all,60
gp_only,4,5.946969696969697,11,9,all,60
minimol,1,7.75,11,9,all,60
minimol,2,5.621212121212121,11,9,all,60
minimol,3,5.333333333333334,11,9,all,60
minimol,4,5.136363636363637,11,9,all,60
random,1,30.78909090909091,11,9,all,60
random,2,19.258787878787878,11,9,all,60
random,3,15.38,11,9,all,60
random,4,12.734545454545456,11,9,all,60
tanimoto,1,6.5227272727272725,11,9,all,60
tanimoto,2,5.128787878787879,11,9,all,60
tanimoto,3,4.916666666666667,11,9,all,60
tanimoto,4,4.810606060606061,11,9,all,60
both_distances,1,8.010416666666668,8,6,microsomal_clearance,60
both_distances,2,4.5,8,6,microsomal_clearance,60
both_distances,3,3.9375,8,6,microsomal_clearance,60
both_distances,4,3.708333333333333,8,6,microsomal_clearance,60
gp_ei,1,7.0,8,6,microsomal_clearance,60
gp_ei,2,4.84375,8,6,microsomal_clearance,60
gp_ei,3,4.5625,8,6,microsomal_clearance,60
gp_ei,4,4.5625,8,6,microsomal_clearance,60
gp_only,1,7.5,8,6,microsomal_clearance,60
gp_only,2,6.541666666666667,8,6,microsomal_clearance,60
gp_only,3,6.28125,8,6,microsomal_clearance,60
gp_only,4,6.28125,8,6,microsomal_clearance,60
minimol,1,8.479166666666666,8,6,microsomal_clearance,60
minimol,2,5.822916666666666,8,6,microsomal_clearance,60
minimol,3,5.4375,8,6,microsomal_clearance,60
minimol,4,5.4375,8,6,microsomal_clearance,60
random,1,27.335,8,6,microsomal_clearance,60
random,2,16.480833333333333,8,6,microsomal_clearance,60
random,3,13.6475,8,6,microsomal_clearance,60
random,4,11.51,8,6,microsomal_clearance,60
tanimoto,1,6.96875,8,6,microsomal_clearance,60
tanimoto,2,5.229166666666667,8,6,microsomal_clearance,60
tanimoto,3,4.96875,8,6,microsomal_clearance,60
tanimoto,4,4.9375,8,6,microsomal_clearance,60
both_distances,1,3.5,1,1,protein_binding,60
both_distances,2,3.5,1,1,protein_binding,60
both_distances,3,3.5,1,1,protein_binding,60
both_distances,4,2.25,1,1,protein_binding,60
gp_ei,1,4.5,1,1,protein_binding,60
gp_ei,2,4.5,1,1,protein_binding,60
gp_ei,3,3.0,1,1,protein_binding,60
gp_ei,4,2.0,1,1,protein_binding,60
gp_only,1,3.5,1,1,protein_binding,60
gp_only,2,3.5,1,1,protein_binding,60
gp_only,3,3.1666666666666665,1,1,protein_binding,60
gp_only,4,2.0833333333333335,1,1,protein_binding,60
minimol,1,4.5,1,1,protein_binding,60
minimol,2,4.5,1,1,protein_binding,60
minimol,3,4.416666666666667,1,1,protein_binding,60
minimol,4,2.25,1,1,protein_binding,60
random,1,45.5,1,1,protein_binding,60
random,2,30.333333333333332,1,1,protein_binding,60
random,3,22.75,1,1,protein_binding,60
random,4,18.2,1,1,protein_binding,60
tanimoto,1,3.5,1,1,protein_binding,60
tanimoto,2,3.5,1,1,protein_binding,60
tanimoto,3,3.5,1,1,protein_binding,60
tanimoto,4,2.6666666666666665,1,1,protein_binding,60
both_distances,1,6.583333333333334,2,2,permeability,60
both_distances,2,6.083333333333333,2,2,permeability,60
both_distances,3,5.541666666666667,2,2,permeability,60
both_distances,4,5.375,2,2,permeability,60
gp_ei,1,4.25,2,2,permeability,60
gp_ei,2,3.5,2,2,permeability,60
gp_ei,3,3.25,2,2,permeability,60
gp_ei,4,3.25,2,2,permeability,60
gp_only,1,8.041666666666668,2,2,permeability,60
gp_only,2,6.916666666666667,2,2,permeability,60
gp_only,3,6.541666666666667,2,2,permeability,60
gp_only,4,6.541666666666667,2,2,permeability,60
minimol,1,6.458333333333333,2,2,permeability,60
minimol,2,5.375,2,2,permeability,60
minimol,3,5.375,2,2,permeability,60
minimol,4,5.375,2,2,permeability,60
random,1,37.25,2,2,permeability,60
random,2,24.833333333333336,2,2,permeability,60
random,3,18.625,2,2,permeability,60
random,4,14.9,2,2,permeability,60
tanimoto,1,6.25,2,2,permeability,60
tanimoto,2,5.541666666666666,2,2,permeability,60
tanimoto,3,5.416666666666666,2,2,permeability,60
tanimoto,4,5.375,2,2,permeability,60
both_distances,1,10.142857142857142,7,6,all,70
both_distances,2,6.142857142857143,7,6,all,70
both_distances,3,5.3809523809523805,7,6,all,70
both_distances,4,4.892857142857143,7,6,all,70
gp_ei,1,8.571428571428571,7,6,all,70
gp_ei,2,6.035714285714286,7,6,all,70
gp_ei,3,5.428571428571429,7,6,all,70
gp_ei,4,5.285714285714286,7,6,all,70
gp_only,1,9.619047619047619,7,6,all,70
gp_only,2,8.380952380952381,7,6,all,70
gp_only,3,8.035714285714286,7,6,all,70
gp_only,4,7.880952380952381,7,6,all,70
minimol,1,11.047619047619047,7,6,all,70
minimol,2,7.845238095238095,7,6,all,70
minimol,3,7.392857142857143,7,6,all,70
minimol,4,7.083333333333334,7,6,all,70
random,1,34.885714285714286,7,6,all,70
random,2,21.14761904761905,7,6,all,70
random,3,17.242857142857144,7,6,all,70
random,4,14.4,7,6,all,70
tanimoto,1,8.809523809523808,7,6,all,70
tanimoto,2,6.773809523809524,7,6,all,70
tanimoto,3,6.476190476190476,7,6,all,70
tanimoto,4,6.30952380952381,7,6,all,70
both_distances,1,11.483333333333334,5,4,microsomal_clearance,70
both_distances,2,6.066666666666666,5,4,microsomal_clearance,70
both_distances,3,5.166666666666666,5,4,microsomal_clearance,70
both_distances,4,4.8,5,4,microsomal_clearance,70
gp_ei,1,9.9,5,4,microsomal_clearance,70
gp_ei,2,6.65,5,4,microsomal_clearance,70
gp_ei,3,6.2,5,4,microsomal_clearance,70
gp_ei,4,6.2,5,4,microsomal_clearance,70
gp_only,1,10.75,5,4,microsomal_clearance,70
gp_only,2,9.416666666666668,5,4,microsomal_clearance,70
gp_only,3,9.0,5,4,microsomal_clearance,70
gp_only,4,9.0,5,4,microsomal_clearance,70
minimol,1,12.266666666666666,5,4,microsomal_clearance,70
minimol,2,8.216666666666665,5,4,microsomal_clearance,70
minimol,3,7.6,5,4,microsomal_clearance,70
minimol,4,7.6,5,4,microsomal_clearance,70
random,1,30.839999999999996,5,4,microsomal_clearance,70
random,2,17.606666666666666,5,4,microsomal_clearance,70
random,3,15.14,5,4,microsomal_clearance,70
random,4,12.959999999999999,5,4,microsomal_clearance,70
tanimoto,1,9.85,5,4,microsomal_clearance,70
tanimoto,2,7.2666666666666675,5,4,microsomal_clearance,70
tanimoto,3,6.85,5,4,microsomal_clearance,70
tanimoto,4,6.8,5,4,microsomal_clearance,70
both_distances,1,3.5,1,1,protein_binding,70
both_distances,2,3.5,1,1,protein_binding,70
both_distances,3,3.5,1,1,protein_binding,70
both_distances,4,2.25,1,1,protein_binding,70
gp_ei,1,4.5,1,1,protein_binding,70
gp_ei,2,4.5,1,1,protein_binding,70
gp_ei,3,3.0,1,1,protein_binding,70
gp_ei,4,2.0,1,1,protein_binding,70
gp_only,1,3.5,1,1,protein_binding,70
gp_only,2,3.5,1,1,protein_binding,70
gp_only,3,3.1666666666666665,1,1,protein_binding,70
gp_only,4,2.0833333333333335,1,1,protein_binding,70
minimol,1,4.5,1,1,protein_binding,70
minimol,2,4.5,1,1,protein_binding,70
minimol,3,4.416666666666667,1,1,protein_binding,70
minimol,4,2.25,1,1,protein_binding,70
random,1,45.5,1,1,protein_binding,70
random,2,30.333333333333332,1,1,protein_binding,70
random,3,22.75,1,1,protein_binding,70
random,4,18.2,1,1,protein_binding,70
tanimoto,1,3.5,1,1,protein_binding,70
tanimoto,2,3.5,1,1,protein_binding,70
tanimoto,3,3.5,1,1,protein_binding,70
tanimoto,4,2.6666666666666665,1,1,protein_binding,70
both_distances,1,10.083333333333334,1,1,permeability,70
both_distances,2,9.166666666666666,1,1,permeability,70
both_distances,3,8.333333333333334,1,1,permeability,70
both_distances,4,8.0,1,1,permeability,70
gp_ei,1,6.0,1,1,permeability,70
gp_ei,2,4.5,1,1,permeability,70
gp_ei,3,4.0,1,1,permeability,70
gp_ei,4,4.0,1,1,permeability,70
gp_only,1,10.083333333333334,1,1,permeability,70
gp_only,2,8.083333333333334,1,1,permeability,70
gp_only,3,8.083333333333334,1,1,permeability,70
gp_only,4,8.083333333333334,1,1,permeability,70
minimol,1,11.5,1,1,permeability,70
minimol,2,9.333333333333334,1,1,permeability,70
minimol,3,9.333333333333334,1,1,permeability,70
minimol,4,9.333333333333334,1,1,permeability,70
random,1,44.5,1,1,permeability,70
random,2,29.666666666666668,1,1,permeability,70
random,3,22.25,1,1,permeability,70
random,4,17.8,1,1,permeability,70
tanimoto,1,8.916666666666666,1,1,permeability,70
tanimoto,2,7.583333333333333,1,1,permeability,70
tanimoto,3,7.583333333333333,1,1,permeability,70
tanimoto,4,7.5,1,1,permeability,70
