endpoint,minimum_pool_size,model,k,baseline_purchases,auxiliary_purchases,difference,bootstrap_low,bootstrap_high,pools,groups,bootstrap_draws
microsomal_clearance,3,single_task_NAP,1,2.7533752964787443,2.7551541689472723,0.0017788724685276459,-0.03817975154127509,0.04276716922134435,1827,897,5000
microsomal_clearance,3,single_task_NAP,2,1.9104634190841085,1.9115124977193942,0.0010490786352855335,-0.032731267232284526,0.036520906187707286,1827,897,5000
microsomal_clearance,3,single_task_NAP,3,1.2129173508483853,1.214103265827404,0.0011859149790184318,-0.029756711615658717,0.03376444503978444,1827,897,5000
microsomal_clearance,3,single_task_NAP,4,0.9018427294289363,0.8964148877941981,-0.0054278416347381874,-0.03285849712130235,0.021450525956308985,1827,897,5000
microsomal_clearance,3,Cross-fitted single-task NAP,1,2.5980660463419083,2.602171136653895,0.004105090311986866,-0.0027840270487751377,0.012406224487973442,1827,897,5000
microsomal_clearance,3,Cross-fitted single-task NAP,2,1.8462415617588033,1.8515781791643862,0.005336617405582925,-0.0010355686277558171,0.013951617098171479,1827,897,5000
microsomal_clearance,3,Cross-fitted single-task NAP,3,1.171820835613939,1.1751961320926836,0.003375296478744754,-0.0028201598661155925,0.011234425432615713,1827,897,5000
microsomal_clearance,3,Cross-fitted single-task NAP,4,0.8739281153074255,0.8775314723590586,0.003603357051632912,-0.0013949344472791035,0.009124087591240875,1827,897,5000
microsomal_clearance,15,single_task_NAP,1,6.110932475884244,6.196677384780278,0.08574490889603432,-0.10638312647754135,0.2916700377562027,311,183,5000
microsomal_clearance,15,single_task_NAP,2,3.989281886387995,3.9983922829581995,0.009110396570203669,-0.16095543677719454,0.19286063285248956,311,183,5000
microsomal_clearance,15,single_task_NAP,3,3.130225080385852,3.10048231511254,-0.02974276527331191,-0.19473453877559815,0.1377494668417474,311,183,5000
microsomal_clearance,15,single_task_NAP,4,2.62566988210075,2.59967845659164,-0.02599142550911039,-0.17264856612359675,0.11087758725043886,311,183,5000
microsomal_clearance,15,Cross-fitted single-task NAP,1,5.39951768488746,5.415326902465166,0.015809217577706303,-0.014280779493043664,0.045501063070081456,311,183,5000
microsomal_clearance,15,Cross-fitted single-task NAP,2,3.6095927116827444,3.6310289389067525,0.021436227224008588,-0.008039233482003937,0.06600466776094034,311,183,5000
microsomal_clearance,15,Cross-fitted single-task NAP,3,2.8807609860664525,2.8984458735262595,0.017684887459807078,-0.012536248763118193,0.06250185349940686,311,183,5000
microsomal_clearance,15,Cross-fitted single-task NAP,4,2.5058949624866025,2.515541264737406,0.00964630225080385,-0.016669510807736074,0.042054727479705914,311,183,5000
in_vivo_clearance,3,single_task_NAP,1,2.543451272501552,2.5420546244568585,-0.001396648044692744,-0.03863121989002944,0.046088165995394975,537,399,5000
in_vivo_clearance,3,single_task_NAP,2,1.738516449410304,1.7358783364369959,-0.0026381129733085056,-0.036162514360372135,0.038087866725637576,537,399,5000
in_vivo_clearance,3,single_task_NAP,3,0.9514276846679081,0.9557728119180633,0.004345127250155185,-0.02314190509693558,0.04214689032872101,537,399,5000
in_vivo_clearance,3,single_task_NAP,4,0.5923339540657976,0.5986964618249534,0.006362507759155798,-0.017427274422317025,0.04157311495121337,537,399,5000
in_vivo_clearance,3,Cross-fitted single-task NAP,1,2.5926443202979517,2.594972067039106,0.002327746741154558,-0.002009969556553411,0.0065995059779590075,537,399,5000
in_vivo_clearance,3,Cross-fitted single-task NAP,2,1.653941651148355,1.6564245810055866,0.0024829298572315336,0.0006160579989851762,0.0054432501067659044,537,399,5000
in_vivo_clearance,3,Cross-fitted single-task NAP,3,0.8876474239602731,0.8896648044692738,0.002017380509000623,0.00037622272385252084,0.004278513086582506,537,399,5000
in_vivo_clearance,3,Cross-fitted single-task NAP,4,0.537243947858473,0.5386405959031657,0.0013966480446927394,-0.00026667735042734843,0.004083375589935306,537,399,5000
in_vivo_clearance,15,single_task_NAP,1,8.837499999999999,8.570833333333333,-0.2666666666666668,-0.9056845238095242,0.41145833333333326,20,16,5000
in_vivo_clearance,15,single_task_NAP,2,7.4125,7.191666666666667,-0.22083333333333344,-0.7037037037037037,0.5125347222222216,20,16,5000
in_vivo_clearance,15,single_task_NAP,3,5.529166666666667,5.441666666666666,-0.08749999999999998,-0.6342592592592593,0.6094184027777774,20,16,5000
in_vivo_clearance,15,single_task_NAP,4,4.054166666666666,4.116666666666665,0.06249999999999993,-0.42916666666666686,0.7416856060606056,20,16,5000
in_vivo_clearance,15,Cross-fitted single-task NAP,1,9.6,9.5875,-0.0125,-0.027777777777777877,0.0,20,16,5000
in_vivo_clearance,15,Cross-fitted single-task NAP,2,4.799999999999999,4.816666666666666,0.016666666666666698,-0.015151515151515098,0.06481481481481483,20,16,5000
in_vivo_clearance,15,Cross-fitted single-task NAP,3,3.320833333333333,3.3333333333333335,0.012500000000000044,-0.016666666666666607,0.060195707070707,20,16,5000
in_vivo_clearance,15,Cross-fitted single-task NAP,4,2.7500000000000004,2.7625,0.012500000000000044,-0.016666666666666607,0.060195707070707,20,16,5000
protein_binding,3,single_task_NAP,1,2.289772727272727,2.3074810606060607,0.017708333333333343,-0.04173945389879346,0.051068194512993444,880,355,5000
protein_binding,3,single_task_NAP,2,1.5214962121212119,1.5296401515151514,0.008143939393939396,-0.01963371579542739,0.029801103600514127,880,355,5000
protein_binding,3,single_task_NAP,3,0.8446022727272727,0.8382575757575758,-0.00634469696969697,-0.028620402530286262,0.010856971086093452,880,355,5000
protein_binding,3,single_task_NAP,4,0.5644886363636363,0.5495265151515152,-0.014962121212121215,-0.033579495220335584,0.006533050157543193,880,355,5000
protein_binding,3,Cross-fitted single-task NAP,1,2.2600378787878785,2.262784090909091,0.0027462121212121207,-0.004728259542730192,0.007881682256464982,880,355,5000
protein_binding,3,Cross-fitted single-task NAP,2,1.477840909090909,1.478503787878788,0.0006628787878787858,-0.003567041979583579,0.005413337138508364,880,355,5000
protein_binding,3,Cross-fitted single-task NAP,3,0.8133522727272727,0.8136363636363636,0.00028409090909090886,-0.006287117630943645,0.00379790517720699,880,355,5000
protein_binding,3,Cross-fitted single-task NAP,4,0.5102272727272728,0.5107007575757576,0.0004734848484848491,-0.0031610560220753183,0.0025773195876288664,880,355,5000
protein_binding,15,single_task_NAP,1,7.437499999999999,7.2064393939393945,-0.231060606060606,-0.6319546568627451,0.26520164884135405,44,29,5000
protein_binding,15,single_task_NAP,2,4.160984848484849,3.982954545454545,-0.178030303030303,-0.4777884615384615,0.26230567226890683,44,29,5000
protein_binding,15,single_task_NAP,3,3.371212121212122,3.071969696969697,-0.29924242424242425,-0.553223881614839,0.046065531475748,44,29,5000
protein_binding,15,single_task_NAP,4,2.9431818181818183,2.7253787878787876,-0.2178030303030303,-0.4930625000000002,0.1262185846560842,44,29,5000
protein_binding,15,Cross-fitted single-task NAP,1,6.715909090909093,6.702651515151516,-0.013257575757575716,-0.05114341553836233,0.015627456761006322,44,29,5000
protein_binding,15,Cross-fitted single-task NAP,2,3.8522727272727266,3.861742424242424,0.009469696969696961,-0.03044969512195118,0.060765061936936864,44,29,5000
protein_binding,15,Cross-fitted single-task NAP,3,3.3939393939393936,3.369318181818181,-0.0246212121212121,-0.07978908096926712,0.022882625272331106,44,29,5000
protein_binding,15,Cross-fitted single-task NAP,4,2.4469696969696972,2.4375,-0.009469696969696951,-0.05624999999999999,0.022730327468230702,44,29,5000
cellular_clearance,3,single_task_NAP,1,3.0306933842239183,3.0702926208651395,0.039599236641221384,-0.04089341692789969,0.11698134932463629,524,222,5000
cellular_clearance,3,single_task_NAP,2,2.123409669211196,2.151240458015267,0.02783078880407124,-0.06469815594625206,0.0958454162935164,524,222,5000
cellular_clearance,3,single_task_NAP,3,1.405852417302799,1.4287531806615776,0.022900763358778633,-0.050329703348972535,0.08818040997925536,524,222,5000
cellular_clearance,3,single_task_NAP,4,1.0590012722646311,1.0687022900763359,0.009701017811704836,-0.04237280213023334,0.04599193204321154,524,222,5000
cellular_clearance,3,Cross-fitted single-task NAP,1,2.778466921119593,2.7665394402035624,-0.011927480916030518,-0.04213598742312847,0.009212169076223981,524,222,5000
cellular_clearance,3,Cross-fitted single-task NAP,2,1.8689567430025447,1.8625954198473282,-0.006361323155216279,-0.0338992151552216,0.02257798992708411,524,222,5000
cellular_clearance,3,Cross-fitted single-task NAP,3,1.2495229007633588,1.2515903307888039,0.0020674300254452955,-0.01993727598566308,0.031525722150722156,524,222,5000
cellular_clearance,3,Cross-fitted single-task NAP,4,0.9497455470737913,0.9478371501272264,-0.0019083969465648835,-0.018184927653349836,0.014433783162833416,524,222,5000
cellular_clearance,15,single_task_NAP,1,7.300632911392406,7.68565400843882,0.38502109704641346,-0.028186274509803953,0.834577585557063,79,53,5000
cellular_clearance,15,single_task_NAP,2,4.9641350210970465,5.370253164556962,0.40611814345991554,-0.03521126760563382,0.8668889668889667,79,53,5000
cellular_clearance,15,single_task_NAP,3,4.185654008438818,4.4683544303797476,0.2827004219409283,-0.11034820031298902,0.7203995743034055,79,53,5000
cellular_clearance,15,single_task_NAP,4,3.598101265822785,3.7130801687763713,0.11497890295358652,-0.12667028985507245,0.33951210826210826,79,53,5000
cellular_clearance,15,Cross-fitted single-task NAP,1,6.5,6.482067510548523,-0.017932489451476723,-0.1536838161838161,0.09451257432350453,79,53,5000
cellular_clearance,15,Cross-fitted single-task NAP,2,4.162447257383966,4.147679324894514,-0.01476793248945143,-0.14338575708061002,0.15038314176245218,79,53,5000
cellular_clearance,15,Cross-fitted single-task NAP,3,3.5253164556962027,3.5411392405063284,0.015822784810126615,-0.10077928813189206,0.17784897872126865,79,53,5000
cellular_clearance,15,Cross-fitted single-task NAP,4,3.054852320675106,3.0527426160337554,-0.002109704641350192,-0.0799161672374429,0.08672088521105363,79,53,5000
permeability,3,single_task_NAP,1,3.5613695090439275,3.510981912144703,-0.050387596899224826,-0.15801469995370301,0.06759327919020716,516,376,5000
permeability,3,single_task_NAP,2,2.3963178294573644,2.311692506459948,-0.08462532299741603,-0.17710887881444723,0.013892738359201707,516,376,5000
permeability,3,single_task_NAP,3,1.5843023255813953,1.5250322997416021,-0.05927002583979327,-0.13851532567049807,0.03041634942120326,516,376,5000
permeability,3,single_task_NAP,4,1.1241925064599483,1.092377260981912,-0.03181524547803617,-0.09789420463474638,0.048704259795997934,516,376,5000
permeability,3,Cross-fitted single-task NAP,1,3.3254198966408266,3.314922480620155,-0.010497416020671831,-0.035283948685857325,0.00938017015987312,516,376,5000
permeability,3,Cross-fitted single-task NAP,2,2.1361434108527133,2.1333979328165373,-0.00274547803617571,-0.02131043256997455,0.014516159441444071,516,376,5000
permeability,3,Cross-fitted single-task NAP,3,1.378391472868217,1.380167958656331,0.0017764857881137012,-0.015139791972121279,0.017391412395194053,516,376,5000
permeability,3,Cross-fitted single-task NAP,4,0.9746447028423771,0.9754521963824289,0.0008074935400516746,-0.010236925955758664,0.010693506826634943,516,376,5000
permeability,15,single_task_NAP,1,9.121527777777779,8.987268518518517,-0.13425925925925933,-0.8125608766233767,0.6068429516492893,72,62,5000
permeability,15,single_task_NAP,2,6.310185185185185,6.053240740740741,-0.2569444444444444,-0.8092766563146998,0.41425207039337486,72,62,5000
permeability,15,single_task_NAP,3,4.6157407407407405,4.369212962962964,-0.2465277777777778,-0.7446614583333332,0.3550254654021777,72,62,5000
permeability,15,single_task_NAP,4,3.762731481481481,3.6724537037037033,-0.09027777777777773,-0.5161757234951999,0.4599587268099921,72,62,5000
permeability,15,Cross-fitted single-task NAP,1,8.127314814814817,8.025462962962962,-0.10185185185185182,-0.24243506493506486,0.007048488849765251,72,62,5000
permeability,15,Cross-fitted single-task NAP,2,4.8969907407407405,4.868055555555555,-0.028935185185185144,-0.14192708333333318,0.06579082737708473,72,62,5000
permeability,15,Cross-fitted single-task NAP,3,3.6099537037037033,3.5740740740740744,-0.035879629629629574,-0.1374621212121211,0.03666991341991349,72,62,5000
permeability,15,Cross-fitted single-task NAP,4,2.8819444444444446,2.8819444444444446,-1.850371707708594e-17,-0.06642552878965922,0.05556592039800978,72,62,5000
efflux,3,single_task_NAP,1,3.5625610948191597,3.5361681329423265,-0.026392961876832835,-0.12076095324748042,0.06305825315469228,341,251,5000
efflux,3,single_task_NAP,2,2.4254643206256112,2.3980938416422286,-0.027370478983382206,-0.11823744571674384,0.06107990855642313,341,251,5000
efflux,3,single_task_NAP,3,1.6634897360703813,1.640518084066471,-0.022971652003910065,-0.09990356083086056,0.051370546578076735,341,251,5000
efflux,3,single_task_NAP,4,1.2165200391006843,1.1893939393939394,-0.027126099706744858,-0.0944131342324984,0.033033820110433,341,251,5000
efflux,3,Cross-fitted single-task NAP,1,3.147849462365591,3.133675464320626,-0.014173998044965802,-0.046561041083099934,0.012534928091791011,341,251,5000
efflux,3,Cross-fitted single-task NAP,2,2.163245356793744,2.167155425219941,0.003910068426197462,-0.01570463191298195,0.023179833104381507,341,251,5000
efflux,3,Cross-fitted single-task NAP,3,1.4176441837732159,1.4230205278592376,0.005376344086021504,-0.013157894736842105,0.02511328482828005,341,251,5000
efflux,3,Cross-fitted single-task NAP,4,1.0376344086021507,1.033724340175953,-0.00391006842619746,-0.01931229410002995,0.011640647768079822,341,251,5000
efflux,15,single_task_NAP,1,8.523148148148147,8.410493827160492,-0.11265432098765424,-0.5849056603773582,0.34507017543859586,54,49,5000
efflux,15,single_task_NAP,2,5.853395061728396,5.591049382716049,-0.2623456790123457,-0.7418300653594773,0.2211538461538461,54,49,5000
efflux,15,single_task_NAP,3,4.628086419753087,4.325617283950617,-0.3024691358024691,-0.7398093447905478,0.13364779874213836,54,49,5000
efflux,15,single_task_NAP,4,3.55246913580247,3.322530864197531,-0.2299382716049383,-0.58340395480226,0.10526315789473684,54,49,5000
efflux,15,Cross-fitted single-task NAP,1,6.8580246913580245,6.770061728395062,-0.08796296296296299,-0.24511093911248716,0.05345911949685532,54,49,5000
efflux,15,Cross-fitted single-task NAP,2,4.714506172839506,4.689814814814815,-0.02469135802469133,-0.11835119047619044,0.07390373864430463,54,49,5000
efflux,15,Cross-fitted single-task NAP,3,3.260802469135802,3.2669753086419755,0.00617283950617283,-0.09666666666666664,0.11111111111111109,54,49,5000
efflux,15,Cross-fitted single-task NAP,4,2.6574074074074074,2.6358024691358026,-0.021604938271604954,-0.1037735849056604,0.06421409423651911,54,49,5000
