endpoint,minimum_pool_size,top_k,method,baseline,pools,groups,method_mean,baseline_mean,difference,difference_low,difference_high,improvement_percent,improvement_low,improvement_high
all,3,1,neural_ei,gp_ei,4625,2011,2.6345405405405407,2.506,0.12854054054054054,0.06721787438771551,0.18645471848539893,-5.129311274562685,-7.430810987877781,-2.678554097097894
all,3,1,neural_ei,original_gp_ei,4625,2011,2.6345405405405407,2.516756756756757,0.11778378378378378,0.06056216249441135,0.17770753508411918,-4.679982817869418,-7.010611691144212,-2.3914227718835757
all,3,1,neural_ei,neural_greedy,4625,2011,2.6345405405405407,2.641243243243243,-0.006702702702702703,-0.028242243352530037,0.017197366235268408,0.2537707467818093,-0.6363872637595268,1.06881450622957
all,3,1,neural_ei,delta_greedy,4625,2011,2.6345405405405407,2.748108108108108,-0.11356756756756757,-0.1986624853586719,-0.038955634195779416,4.13257277734067,1.4741225944612921,6.987369800556578
all,3,1,neural_ei,random,4625,2011,2.6345405405405407,3.464042654092654,-0.8295021135521135,-0.9631298194179694,-0.7211563298059688,23.946071003833726,21.585163641385414,26.768737947294994
all,3,1,neural_ei,neural_single_ei,4625,2011,2.6345405405405407,2.678864864864865,-0.04432432432432432,-0.07339578250951603,-0.0167602102686693,1.6545935148005404,0.630651036672272,2.7022957714897133
all,3,2,neural_ei,gp_ei,4625,2011,1.7884324324324323,1.7215135135135136,0.06691891891891892,0.027291129080026816,0.10452446534391366,-3.887214267771908,-6.079089481945052,-1.5854113918975625
all,3,2,neural_ei,original_gp_ei,4625,2011,1.7884324324324323,1.7262162162162162,0.062216216216216216,0.025512232918617445,0.1014468519075432,-3.604196023172061,-5.878157731858969,-1.4573398685212595
all,3,2,neural_ei,neural_greedy,4625,2011,1.7884324324324323,1.8117837837837838,-0.02335135135135135,-0.04102285574555754,-0.005921198651502076,1.2888597171669018,0.32837483921663785,2.243161451611486
all,3,2,neural_ei,delta_greedy,4625,2011,1.7884324324324323,1.8801081081081081,-0.09167567567567568,-0.15544025698878708,-0.03758004154565867,4.876085331493308,2.0770318410173627,7.957205727264646
all,3,2,neural_ei,random,4625,2011,1.7884324324324323,2.3487282396782394,-0.5602958072458072,-0.6564457052444332,-0.4770160335002132,23.855284650665418,21.226388574345197,26.721194441922577
all,3,2,neural_ei,neural_single_ei,4625,2011,1.7884324324324323,1.819945945945946,-0.031513513513513516,-0.0554245753398757,-0.010817573863446233,1.7315631589889864,0.6062378352385229,2.978166488326801
all,3,3,neural_ei,gp_ei,4625,2011,1.1102162162162161,1.0652432432432433,0.04497297297297297,0.013032171686563208,0.07566400590634477,-4.221850104023941,-7.197557055756663,-1.1695235983751375
all,3,3,neural_ei,original_gp_ei,4625,2011,1.1102162162162161,1.0667567567567569,0.04345945945945946,0.011267961688154403,0.07289856779767352,-4.073980238155544,-7.020351349734858,-1.004949615249851
all,3,3,neural_ei,neural_greedy,4625,2011,1.1102162162162161,1.1267027027027028,-0.016486486486486488,-0.029775840697246418,-0.0032648011219123326,1.4632508155824364,0.2912916371240638,2.588116682442465
all,3,3,neural_ei,delta_greedy,4625,2011,1.1102162162162161,1.1702702702702703,-0.060054054054054055,-0.11334244083949317,-0.01719763814890819,5.131639722863752,1.5269467201420504,9.114470871988248
all,3,3,neural_ei,random,4625,2011,1.1102162162162161,1.5045340233840232,-0.3943178071678071,-0.467212853289226,-0.33135546949155276,26.208633439933838,23.44864051680798,29.167802263370994
all,3,3,neural_ei,neural_single_ei,4625,2011,1.1102162162162161,1.1297297297297297,-0.019513513513513513,-0.041698414272966625,-0.001368222880051386,1.727272727272735,0.12613734600302862,3.516142761001685
all,3,4,neural_ei,gp_ei,4625,2011,0.8018918918918919,0.7631891891891892,0.0387027027027027,0.014845893961523795,0.0642062734112582,-5.071180678518309,-8.28908608780701,-1.9029004713008457
all,3,4,neural_ei,original_gp_ei,4625,2011,0.8018918918918919,0.7644324324324324,0.03745945945945946,0.011049701851395352,0.0641327918560948,-4.90029698769623,-8.347054030023857,-1.4004383543641468
all,3,4,neural_ei,neural_greedy,4625,2011,0.8018918918918919,0.8064324324324325,-0.00454054054054054,-0.015088474541563373,0.008126829307018933,0.5630404182585962,-0.9831697094780247,1.882935326673203
all,3,4,neural_ei,delta_greedy,4625,2011,0.8018918918918919,0.8177837837837838,-0.015891891891891892,-0.05303583318370889,0.01648204304000129,1.9432877255601815,-2.079032141450014,6.1447857616507
all,3,4,neural_ei,random,4625,2011,0.8018918918918919,1.084875025925026,-0.282983134033134,-0.33697006940112517,-0.23859993408714872,26.084399333632604,23.24619758782535,29.105376731851507
all,3,4,neural_ei,neural_single_ei,4625,2011,0.8018918918918919,0.8149189189189189,-0.013027027027027027,-0.028318693803369127,0.0015989019268114256,1.5985672592199442,-0.19968647905226092,3.3764517723291503
microsomal_clearance,3,1,neural_ei,gp_ei,1827,897,2.619184455391352,2.4625068418171865,0.1566776135741653,0.0585134201749841,0.2544243286604249,-6.362525005556797,-10.253965348611358,-2.3608304528767095
microsomal_clearance,3,1,neural_ei,original_gp_ei,1827,897,2.619184455391352,2.4552545155993433,0.16392993979200876,0.07233529445371314,0.2535894835082946,-6.676698433929662,-10.283757551677802,-2.9662592931016554
microsomal_clearance,3,1,neural_ei,neural_greedy,1827,897,2.619184455391352,2.6083743842364533,0.01081007115489874,-0.023789215615072242,0.04439382139148492,-0.4144370999895035,-1.684251718102561,0.9342423642030245
microsomal_clearance,3,1,neural_ei,delta_greedy,1827,897,2.619184455391352,2.7281061850027366,-0.10892172961138478,-0.21717115982004961,0.0012405680357149527,3.992576616341472,-0.04616020815244067,7.779630305210615
microsomal_clearance,3,1,neural_ei,random,1827,897,2.619184455391352,3.5251902131246684,-0.9060057577333166,-1.093476490122709,-0.7491417483471849,25.70090414866574,21.670790277740455,30.04732426925929
microsomal_clearance,3,1,neural_ei,neural_single_ei,1827,897,2.619184455391352,2.684592227695676,-0.06540777230432403,-0.11118886912390154,-0.02116848769903706,2.43641368061573,0.7990161734802588,4.087439141960067
microsomal_clearance,3,2,neural_ei,gp_ei,1827,897,1.7666940339354134,1.7530103995621238,0.013683634373289545,-0.043531394846009264,0.07212933889723304,-0.7805791897588021,-4.173975597424534,2.449384642532346
microsomal_clearance,3,2,neural_ei,original_gp_ei,1827,897,1.7666940339354134,1.7361795292829776,0.030514504652435687,-0.026378738872725717,0.09358342253307717,-1.7575662042875204,-5.46266017989264,1.50131525633003
microsomal_clearance,3,2,neural_ei,neural_greedy,1827,897,1.7666940339354134,1.7898193760262726,-0.02312534209085933,-0.04599620676353349,0.0008100561895298223,1.2920489296636044,-0.04704529526402511,2.525109891307967
microsomal_clearance,3,2,neural_ei,delta_greedy,1827,897,1.7666940339354134,1.8994252873563218,-0.1327312534209086,-0.21642430233164678,-0.04601588041660892,6.987969166486555,2.5182875094422252,11.090772442367054
microsomal_clearance,3,2,neural_ei,random,1827,897,1.7666940339354134,2.478664227251392,-0.7119701933159787,-0.8355324598552439,-0.6043345184432043,28.723946772955504,25.165218959619985,32.53576134940678
microsomal_clearance,3,2,neural_ei,neural_single_ei,1827,897,1.7666940339354134,1.8401751505199782,-0.07348111658456485,-0.10549008133322209,-0.04485200737488263,3.993158834027361,2.4785549101132616,5.637362744528443
microsomal_clearance,3,3,neural_ei,gp_ei,1827,897,1.117816091954023,1.09168035030104,0.026135741652983033,-0.017641144331710164,0.07114433783766502,-2.3940837302582114,-6.64484491460652,1.5928836408331228
microsomal_clearance,3,3,neural_ei,original_gp_ei,1827,897,1.117816091954023,1.0908593322386426,0.026956759715380404,-0.016687622141465176,0.07489456105988652,-2.4711490215755103,-6.994664208100587,1.4721472177729902
microsomal_clearance,3,3,neural_ei,neural_greedy,1827,897,1.117816091954023,1.1312260536398469,-0.013409961685823755,-0.032534246575342464,0.006733086800739959,1.1854360711261742,-0.610610297039628,2.8463278529870686
microsomal_clearance,3,3,neural_ei,delta_greedy,1827,897,1.117816091954023,1.2235905856595513,-0.10577449370552819,-0.1736708991076418,-0.041044806572108926,8.64459852382018,3.4507013055934457,13.623138128702916
microsomal_clearance,3,3,neural_ei,random,1827,897,1.117816091954023,1.6421491033799462,-0.5243330114259233,-0.6197757555127102,-0.4391637981082438,31.929683507223377,27.892525166182104,36.07990921602034
microsomal_clearance,3,3,neural_ei,neural_single_ei,1827,897,1.117816091954023,1.162287903667214,-0.04447181171319102,-0.07188231339939252,-0.017654700281229816,3.8262302801977874,1.5281698925311469,6.103650548216369
microsomal_clearance,3,4,neural_ei,gp_ei,1827,897,0.8414066776135741,0.8342911877394636,0.0071154898741105635,-0.025422289442913505,0.04267436326230437,-0.8528784648187534,-5.2076450803554515,3.055862482845948
microsomal_clearance,3,4,neural_ei,original_gp_ei,1827,897,0.8414066776135741,0.8356595511767926,0.005747126436781609,-0.03262077014457035,0.045861961520673525,-0.687735385623048,-5.6196222636392825,3.7717211714935703
microsomal_clearance,3,4,neural_ei,neural_greedy,1827,897,0.8414066776135741,0.8446907498631636,-0.003284072249589491,-0.018581122934133342,0.013016709163815067,0.3887898914628215,-1.5625132730207272,2.1505421867744663
microsomal_clearance,3,4,neural_ei,delta_greedy,1827,897,0.8414066776135741,0.8892993979200876,-0.04789272030651341,-0.09211411047511911,-0.0035441491017395967,5.385443914448385,0.41806155388903604,10.1155396520629
microsomal_clearance,3,4,neural_ei,random,1827,897,0.8414066776135741,1.2363718696059967,-0.39496519199242236,-0.47209121406529,-0.325355160389719,31.945501325445786,27.498077601653975,36.55963014709774
microsomal_clearance,3,4,neural_ei,neural_single_ei,1827,897,0.8414066776135741,0.8794471811713191,-0.03804050355774494,-0.061652202203893995,-0.014417824876714443,4.325501789326289,1.6617997326336489,6.9075667575447826
in_vivo_clearance,3,1,neural_ei,gp_ei,537,399,2.558193668528864,2.405027932960894,0.1531657355679702,-0.01222635135135135,0.2946635073347304,-6.368563685636851,-12.430043643827698,0.4876238750455179
in_vivo_clearance,3,1,neural_ei,original_gp_ei,537,399,2.558193668528864,2.4134078212290504,0.14478584729981378,-0.01633631911728242,0.2884163016062657,-5.99922839506172,-12.065744532458574,0.6673451743311342
in_vivo_clearance,3,1,neural_ei,neural_greedy,537,399,2.558193668528864,2.560055865921788,-0.00186219739292365,-0.058369558321924274,0.07135032102728729,0.07274049827241959,-2.8627228323631817,2.233426726277887
in_vivo_clearance,3,1,neural_ei,delta_greedy,537,399,2.558193668528864,2.61731843575419,-0.059124767225325885,-0.25846645418633285,0.09896804107824288,2.258982568480976,-3.8647567168076766,9.554933327295846
in_vivo_clearance,3,1,neural_ei,random,537,399,2.558193668528864,2.7454996896337676,-0.18730602110490377,-0.34087495375508703,-0.05858386098392669,6.8222925616097605,2.1165456197496257,12.342128731305529
in_vivo_clearance,3,1,neural_ei,neural_single_ei,537,399,2.558193668528864,2.558659217877095,-0.0004655493482309125,-0.06559247691472027,0.07265482829161768,0.018195050946148594,-2.800587586457233,2.5433491835082624
in_vivo_clearance,3,2,neural_ei,gp_ei,537,399,1.7062383612662941,1.6424581005586592,0.06378026070763501,-0.03803658714106218,0.15775678964129058,-3.8832199546485247,-9.630949273904667,2.352526026697324
in_vivo_clearance,3,2,neural_ei,original_gp_ei,537,399,1.7062383612662941,1.6405959031657356,0.06564245810055866,-0.041383219954648526,0.16150305925289815,-4.001135073779791,-9.825440591075381,2.5712349738548648
in_vivo_clearance,3,2,neural_ei,neural_greedy,537,399,1.7062383612662941,1.7295158286778398,-0.023277467411545624,-0.07005637591575091,0.03699706585578791,1.3458950201884288,-2.2214875325819876,3.9649357773079132
in_vivo_clearance,3,2,neural_ei,delta_greedy,537,399,1.7062383612662941,1.738826815642458,-0.032588454376163874,-0.15393313971941852,0.07884972170686456,1.8741633199464522,-4.518460873558926,8.71239251839375
in_vivo_clearance,3,2,neural_ei,random,537,399,1.7062383612662941,1.808659217877095,-0.10242085661080076,-0.22482899483193713,0.005000295239059201,5.662805662805672,-0.266096474932966,12.459144623077739
in_vivo_clearance,3,2,neural_ei,neural_single_ei,537,399,1.7062383612662941,1.6857541899441342,0.020484171322160148,-0.032156191339053605,0.07756886947372559,-1.2151339409002926,-4.592274488353497,1.896654378580291
in_vivo_clearance,3,3,neural_ei,gp_ei,537,399,0.8896648044692738,0.8808193668528864,0.008845437616387336,-0.11496696591501564,0.10562069797699976,-1.0042283298097257,-13.030759447887357,11.663016065669817
in_vivo_clearance,3,3,neural_ei,original_gp_ei,537,399,0.8896648044692738,0.8836126629422719,0.006052141527001862,-0.11538677130044843,0.09847297330215336,-0.6849315068493127,-12.111880954506614,11.748189618058182
in_vivo_clearance,3,3,neural_ei,neural_greedy,537,399,0.8896648044692738,0.9064245810055865,-0.01675977653631285,-0.048211081800900654,0.02277780941533789,1.8489984591679427,-2.5804095897356825,5.1157107236681325
in_vivo_clearance,3,3,neural_ei,delta_greedy,537,399,0.8896648044692738,0.914804469273743,-0.025139664804469275,-0.14164785553047404,0.06920022598870056,2.7480916030534353,-8.072554545329877,14.53902397838568
in_vivo_clearance,3,3,neural_ei,random,537,399,0.8896648044692738,0.9932029795158287,-0.10353817504655494,-0.19921751400038018,-0.029514773115261957,10.424674228930346,3.0822981833833225,19.23495446565723
in_vivo_clearance,3,3,neural_ei,neural_single_ei,537,399,0.8896648044692738,0.8845437616387337,0.005121042830540037,-0.02870463300892133,0.039775219298245575,-0.5789473684210535,-4.597149256468481,3.2199538994597097
in_vivo_clearance,3,4,neural_ei,gp_ei,537,399,0.5735567970204841,0.5465549348230913,0.027001862197392923,-0.07254643698527083,0.09926542732477604,-4.940374787052801,-20.524815502663603,11.391124592686776
in_vivo_clearance,3,4,neural_ei,original_gp_ei,537,399,0.5735567970204841,0.547486033519553,0.0260707635009311,-0.06986221364111855,0.0961231288445804,-4.761904761904757,-19.51254190267021,11.102267573696142
in_vivo_clearance,3,4,neural_ei,neural_greedy,537,399,0.5735567970204841,0.5931098696461825,-0.019553072625698324,-0.05362924356628614,0.020363426827684696,3.296703296703307,-3.5539589219352643,8.579133330660476
in_vivo_clearance,3,4,neural_ei,delta_greedy,537,399,0.5735567970204841,0.5521415270018621,0.021415270018621976,-0.05769988738738739,0.08459607206821548,-3.8785834738617213,-16.503281279938687,9.382947193327169
in_vivo_clearance,3,4,neural_ei,random,537,399,0.5735567970204841,0.617364990689013,-0.04380819366852886,-0.11914416576317771,0.016086251298206792,7.095995777090714,-2.7113775079683227,18.10923472874695
in_vivo_clearance,3,4,neural_ei,neural_single_ei,537,399,0.5735567970204841,0.5726256983240223,0.000931098696461825,-0.019686939121120888,0.028651685393258425,-0.16260162601625516,-5.192624444886326,3.3871278270964456
protein_binding,3,1,neural_ei,gp_ei,880,355,2.1053977272727273,2.099715909090909,0.005681818181818182,-0.11027914693680858,0.08522209757159507,-0.27059937762143915,-4.138044557302922,5.117074769031518
protein_binding,3,1,neural_ei,original_gp_ei,880,355,2.1053977272727273,2.10625,-0.0008522727272727272,-0.10186871979072797,0.08458984345085825,0.04046398705152951,-4.130480213424406,4.792998847363896
protein_binding,3,1,neural_ei,neural_greedy,880,355,2.1053977272727273,2.100852272727273,0.004545454545454545,-0.025176538275193797,0.04360563657863617,-0.21636240703177168,-2.0975024443543897,1.219555633883226
protein_binding,3,1,neural_ei,delta_greedy,880,355,2.1053977272727273,2.194318181818182,-0.08892045454545454,-0.22539391604500117,0.025467047807688697,4.052304505437595,-1.2453587142192286,9.888445437282105
protein_binding,3,1,neural_ei,random,880,355,2.1053977272727273,2.9808996212121213,-0.875501893939394,-1.202699572717155,-0.7017218488697575,29.37039166664019,24.636882809432368,36.997717453544034
protein_binding,3,1,neural_ei,neural_single_ei,880,355,2.1053977272727273,2.133522727272727,-0.028125,-0.08762753270989705,0.029667785634832324,1.3182423435419317,-1.4362618410926244,4.040725921921805
protein_binding,3,2,neural_ei,gp_ei,880,355,1.440625,1.3991477272727273,0.04147727272727273,-0.021295627387479577,0.10558280134769693,-2.964467005076144,-7.814511044113779,1.521426600784555
protein_binding,3,2,neural_ei,original_gp_ei,880,355,1.440625,1.4139204545454545,0.026704545454545453,-0.029243119266055047,0.10280039249146758,-1.8886879646373416,-7.668708490955635,2.0938455755737695
protein_binding,3,2,neural_ei,neural_greedy,880,355,1.440625,1.4377840909090909,0.002840909090909091,-0.019075450717981206,0.028535540321761785,-0.1975894092076721,-2.0337836231470594,1.3204742853672071
protein_binding,3,2,neural_ei,delta_greedy,880,355,1.440625,1.4235795454545455,0.017045454545454544,-0.07274301873453516,0.07666563985213862,-1.197365795250452,-5.5994052273484565,4.985287863362521
protein_binding,3,2,neural_ei,random,880,355,1.440625,1.921278409090909,-0.48065340909090903,-0.701471305543184,-0.365475298034137,25.017374203374285,19.77169012675449,33.835602727034804
protein_binding,3,2,neural_ei,neural_single_ei,880,355,1.440625,1.4178977272727273,0.022727272727272728,-0.005183239368598637,0.06466608700957954,-1.602885193348025,-4.7978551801478595,0.36732271945027717
protein_binding,3,3,neural_ei,gp_ei,880,355,0.7741477272727273,0.7553977272727272,0.01875,-0.023239696045642334,0.07521537842190014,-2.4821361414065497,-10.510278415614236,3.012184525670574
protein_binding,3,3,neural_ei,original_gp_ei,880,355,0.7741477272727273,0.7542613636363636,0.019886363636363636,-0.022981674581733478,0.07360471281552047,-2.6365348399246717,-10.000952986022872,3.0546487345363738
protein_binding,3,3,neural_ei,neural_greedy,880,355,0.7741477272727273,0.7840909090909091,-0.009943181818181818,-0.024062442621272148,0.0028813402586193443,1.2681159420289791,-0.37700309544447486,2.9911330118944255
protein_binding,3,3,neural_ei,delta_greedy,880,355,0.7741477272727273,0.76875,0.005397727272727273,-0.0578852410094319,0.05359179845174281,-0.7021433850702111,-7.352534446671642,7.261934914413736
protein_binding,3,3,neural_ei,random,880,355,0.7741477272727273,1.097623106060606,-0.32347537878787874,-0.4799556197436438,-0.23975723499196516,29.470532918065036,23.440014237449887,39.03042491993043
protein_binding,3,3,neural_ei,neural_single_ei,880,355,0.7741477272727273,0.7610795454545455,0.013068181818181817,-0.005632582322357019,0.037643329013212365,-1.7170586039566995,-5.002702557224687,0.7345983313976037
protein_binding,3,4,neural_ei,gp_ei,880,355,0.4877840909090909,0.47698863636363636,0.010795454545454546,-0.015532908830150316,0.06260435810384254,-2.2632519356759992,-13.386887082838319,3.248913265806701
protein_binding,3,4,neural_ei,original_gp_ei,880,355,0.4877840909090909,0.4758522727272727,0.011931818181818182,-0.012861872079511767,0.05869583065610052,-2.50746268656717,-12.431595622119815,2.7211631577059636
protein_binding,3,4,neural_ei,neural_greedy,880,355,0.4877840909090909,0.49573863636363635,-0.007954545454545454,-0.020301697739880102,0.002937494273541453,1.6045845272206267,-0.614913970046695,3.7944892315318484
protein_binding,3,4,neural_ei,delta_greedy,880,355,0.4877840909090909,0.46960227272727273,0.01818181818181818,-0.010027217624342295,0.05569731337071754,-3.871748336358138,-11.791831787162048,2.0135701280411973
protein_binding,3,4,neural_ei,random,880,355,0.4877840909090909,0.7207440476190478,-0.2329599567099567,-0.33082367275514485,-0.17516796364546533,32.322147852560384,26.114219780291094,40.06186128748693
protein_binding,3,4,neural_ei,neural_single_ei,880,355,0.4877840909090909,0.478125,0.009659090909090909,-0.004545651659701963,0.03207285715030444,-2.0202020202020172,-6.580315410845911,0.9372107726507081
cellular_clearance,3,1,neural_ei,gp_ei,524,222,2.7294847328244276,2.6727099236641223,0.05677480916030534,-0.15634530470078437,0.2723947116031765,-2.124241342377721,-9.911869586759535,5.319446662244457
cellular_clearance,3,1,neural_ei,original_gp_ei,524,222,2.7294847328244276,2.726145038167939,0.0033396946564885495,-0.22553500566893422,0.22416430965849563,-0.1225061253062729,-8.005081502474626,7.310072656923135
cellular_clearance,3,1,neural_ei,neural_greedy,524,222,2.7294847328244276,2.7943702290076335,-0.0648854961832061,-0.19495141806722688,0.020634091305658214,2.3220078538500877,-0.7067950419673423,6.312721581274149
cellular_clearance,3,1,neural_ei,delta_greedy,524,222,2.7294847328244276,2.898854961832061,-0.1693702290076336,-0.49531195510026155,0.03552564295382755,5.842659644502961,-1.2832829144110347,14.564152280934064
cellular_clearance,3,1,neural_ei,random,524,222,2.7294847328244276,3.578021162467727,-0.8485364296432999,-1.2192032198120635,-0.6281911440695708,23.71524345758961,18.079814348156056,29.881383450694027
cellular_clearance,3,1,neural_ei,neural_single_ei,524,222,2.7294847328244276,2.8091603053435112,-0.07967557251908397,-0.18252360589282182,-0.006835338790020445,2.836277173913032,0.24567254823465018,5.93355719640197
cellular_clearance,3,2,neural_ei,gp_ei,524,222,1.9265267175572518,1.838740458015267,0.08778625954198473,-0.03860790960451978,0.23000747282608686,-4.774260508562532,-12.042732916385868,1.8760411405054214
cellular_clearance,3,2,neural_ei,original_gp_ei,524,222,1.9265267175572518,1.8745229007633588,0.05200381679389313,-0.09867264576345953,0.19057009470045608,-2.7742428098752785,-9.901723953175576,4.753735328056645
cellular_clearance,3,2,neural_ei,neural_greedy,524,222,1.9265267175572518,1.9723282442748091,-0.04580152671755725,-0.15242842572422227,0.035441199342339094,2.3222060957910053,-1.7379174473713215,6.926955023524773
cellular_clearance,3,2,neural_ei,delta_greedy,524,222,1.9265267175572518,2.0477099236641223,-0.12118320610687022,-0.3126865098563212,0.03558151255521625,5.9179869524697235,-1.7773081311257444,13.282290449813006
cellular_clearance,3,2,neural_ei,random,524,222,1.9265267175572518,2.4859092031801957,-0.5593824856229437,-0.8138209495656302,-0.38768484760638805,22.502128593728692,15.454756328350479,28.911372689580144
cellular_clearance,3,2,neural_ei,neural_single_ei,524,222,1.9265267175572518,1.9599236641221374,-0.033396946564885496,-0.14764972144846794,0.04101779723766921,1.7039922103213279,-2.180739854804439,6.542689131674005
cellular_clearance,3,3,neural_ei,gp_ei,524,222,1.3096374045801527,1.2471374045801527,0.0625,-0.04630251652804435,0.20321061643835608,-5.011476664116297,-14.465440845667604,3.310336871250572
cellular_clearance,3,3,neural_ei,original_gp_ei,524,222,1.3096374045801527,1.2447519083969465,0.0648854961832061,-0.051693513576332104,0.20209454113924036,-5.212725182062098,-14.815465910025495,3.820736013238227
cellular_clearance,3,3,neural_ei,neural_greedy,524,222,1.3096374045801527,1.3229961832061068,-0.013358778625954198,-0.08819546568627451,0.053291228936966896,1.0097367472051884,-3.730073005143401,5.820692835334918
cellular_clearance,3,3,neural_ei,delta_greedy,524,222,1.3096374045801527,1.258587786259542,0.05104961832061069,-0.08527545721381802,0.21711032388663962,-4.05610310841546,-15.885055810378267,6.14886851972783
cellular_clearance,3,3,neural_ei,random,524,222,1.3096374045801527,1.654516073409203,-0.34487866882905044,-0.5131922129619847,-0.19963688045384492,20.844685305378313,11.04286666504895,28.480095092533187
cellular_clearance,3,3,neural_ei,neural_single_ei,524,222,1.3096374045801527,1.3392175572519085,-0.029580152671755726,-0.13881748071979436,0.03685669061606846,2.2087638047737888,-2.96438849917659,8.347340828862807
cellular_clearance,3,4,neural_ei,gp_ei,524,222,1.0209923664122138,0.9222328244274809,0.09875954198473283,0.011476692949907236,0.23977126137536345,-10.708742886704615,-22.24050125227949,-1.239369650236132
cellular_clearance,3,4,neural_ei,original_gp_ei,524,222,1.0209923664122138,0.916030534351145,0.1049618320610687,0.010381650605565243,0.23320894561875755,-11.458333333333343,-22.527548755351198,-1.0400688195300263
cellular_clearance,3,4,neural_ei,neural_greedy,524,222,1.0209923664122138,1.0114503816793894,0.009541984732824428,-0.03672726919122223,0.06842481203007514,-0.9433962264150931,-5.826863915099209,3.429511314488718
cellular_clearance,3,4,neural_ei,delta_greedy,524,222,1.0209923664122138,0.9122137404580153,0.10877862595419847,0.004275721687638789,0.26703755676657576,-11.924686192468625,-25.6542078806551,-0.39251769007554493
cellular_clearance,3,4,neural_ei,random,524,222,1.0209923664122138,1.222275524517891,-0.20128315810567718,-0.33070201406229943,-0.07306445771824466,16.467903845581,5.361939366822937,25.54799813126367
cellular_clearance,3,4,neural_ei,neural_single_ei,524,222,1.0209923664122138,1.0434160305343512,-0.022423664122137404,-0.10907980061943476,0.03361401833460656,2.1490626428897994,-3.407160834329699,8.40950054537272
permeability,3,1,neural_ei,gp_ei,516,376,3.2330426356589146,3.04796511627907,0.18507751937984496,-0.0033593120805369115,0.37625956488395035,-6.072166587188035,-12.557326993616549,0.1092325623174935
permeability,3,1,neural_ei,original_gp_ei,516,376,3.2330426356589146,3.0794573643410854,0.15358527131782945,-0.03690511865712332,0.3498022395175321,-4.987413467589669,-11.589931728300147,1.1888179828598282
permeability,3,1,neural_ei,neural_greedy,516,376,3.2330426356589146,3.2737403100775193,-0.040697674418604654,-0.12400650887573963,0.037716025536759915,1.2431552464111315,-1.1702090090779185,3.741214333275789
permeability,3,1,neural_ei,delta_greedy,516,376,3.2330426356589146,3.4811046511627906,-0.24806201550387597,-0.5699362447145878,0.018943529178245277,7.125956854558108,-0.5962552125268863,15.218674191023343
permeability,3,1,neural_ei,random,516,376,3.2330426356589146,4.265503875968992,-1.0324612403100775,-1.3790464687941295,-0.732095559009078,24.20490686051795,17.922703453733046,30.716893048145298
permeability,3,1,neural_ei,neural_single_ei,516,376,3.2330426356589146,3.227713178294574,0.005329457364341085,-0.0766546335951919,0.10299954410019874,-0.16511558090662462,-3.245457352073095,2.3686735454919963
permeability,3,2,neural_ei,gp_ei,516,376,2.1560077519379846,2.000968992248062,0.15503875968992248,0.010895233420593372,0.2957718132691062,-7.748184019370474,-15.053145644401297,-0.5287631381381394
permeability,3,2,neural_ei,original_gp_ei,516,376,2.1560077519379846,2.0281007751937983,0.12790697674418605,-0.015969113168910854,0.26649291219377913,-6.306736741519362,-13.483714961190184,0.7934503790955173
permeability,3,2,neural_ei,neural_greedy,516,376,2.1560077519379846,2.197674418604651,-0.041666666666666664,-0.11101144916103448,0.01893956898000336,1.8959435626102226,-0.8948888818538685,4.872402080302018
permeability,3,2,neural_ei,delta_greedy,516,376,2.1560077519379846,2.2994186046511627,-0.1434108527131783,-0.36762525573359006,0.05535904570210733,6.236831015592069,-2.5427041184807804,14.77308595801801
permeability,3,2,neural_ei,random,516,376,2.1560077519379846,2.8010981912144706,-0.6450904392764858,-0.865178284108873,-0.4412083179489547,23.029911671778795,16.36899607098238,29.47716902017416
permeability,3,2,neural_ei,neural_single_ei,516,376,2.1560077519379846,2.207848837209302,-0.05184108527131783,-0.11879946528878006,0.01470743360635391,2.348035988588973,-0.6870194781104407,5.268132854388755
permeability,3,3,neural_ei,gp_ei,516,376,1.429263565891473,1.3347868217054264,0.09447674418604651,-0.023540194324521452,0.20032465814400127,-7.078039927404722,-15.553724053724055,1.6700205470656138
permeability,3,3,neural_ei,original_gp_ei,516,376,1.429263565891473,1.3430232558139534,0.08624031007751938,-0.03606122737556561,0.19224987854115352,-6.421356421356433,-14.977412040569254,2.5118577564162425
permeability,3,3,neural_ei,neural_greedy,516,376,1.429263565891473,1.4748062015503876,-0.045542635658914726,-0.10123683085117595,0.0021999167880173737,3.0880420499342875,-0.15278428162199564,6.5986613123887965
permeability,3,3,neural_ei,delta_greedy,516,376,1.429263565891473,1.5557170542635659,-0.12645348837209303,-0.3361141144631688,0.0487510115422291,8.12830893802553,-3.474349543449039,19.157354232233114
permeability,3,3,neural_ei,random,516,376,1.429263565891473,1.851986434108527,-0.42272286821705424,-0.6061660891736401,-0.26761536106337686,22.825376062786127,15.194776304903783,30.614204638838036
permeability,3,3,neural_ei,neural_single_ei,516,376,1.429263565891473,1.4452519379844961,-0.015988372093023256,-0.0827161413886356,0.03894186599081259,1.1062688568555088,-2.774941720679907,5.517010792146661
permeability,3,4,neural_ei,gp_ei,516,376,1.0150193798449612,0.9447674418604651,0.07025193798449612,-0.021012029965398946,0.15825090891941485,-7.435897435897426,-17.472020867305343,2.1147808680994418
permeability,3,4,neural_ei,original_gp_ei,516,376,1.0150193798449612,0.9452519379844961,0.06976744186046512,-0.013160688345066486,0.15523886931454195,-7.380830343413623,-16.81979085171856,1.367653048996189
permeability,3,4,neural_ei,neural_greedy,516,376,1.0150193798449612,1.0174418604651163,-0.0024224806201550387,-0.0415830729420955,0.035885959201388797,0.23809523809524943,-3.5822679467064367,3.940224518941069
permeability,3,4,neural_ei,delta_greedy,516,376,1.0150193798449612,1.1472868217054264,-0.13226744186046513,-0.3197088182298123,0.02021910919540191,11.528716216216226,-2.076013066125187,23.91710920923175
permeability,3,4,neural_ei,random,516,376,1.0150193798449612,1.340889165743817,-0.3258697858988557,-0.4553466136734772,-0.21934298050956882,24.302514646547206,17.294587980332892,31.683625557056452
permeability,3,4,neural_ei,neural_single_ei,516,376,1.0150193798449612,1.0150193798449612,0.0,-0.04182706673306773,0.04490000311597659,0.0,-4.594992732272841,4.020599579242637
efflux,3,1,neural_ei,gp_ei,341,251,3.1510263929618767,2.8702346041055717,0.28079178885630496,0.07239001860712388,0.5113505137682975,-9.782886334610472,-18.02786127459648,-2.537098466924287
efflux,3,1,neural_ei,original_gp_ei,341,251,3.1510263929618767,2.8951612903225805,0.2558651026392962,0.03641214086986146,0.48755268973292215,-8.837680425424159,-17.059005561666332,-1.2817679193841913
efflux,3,1,neural_ei,neural_greedy,341,251,3.1510263929618767,3.147360703812317,0.0036656891495601175,-0.06756862995070542,0.07640755642357658,-0.11646866992778226,-2.442574313971854,2.0836286048804493
efflux,3,1,neural_ei,delta_greedy,341,251,3.1510263929618767,3.1495601173020527,0.001466275659824047,-0.31120981578472096,0.2845276534526854,-0.046554934823091206,-9.52084065998476,9.342059063842434
efflux,3,1,neural_ei,random,341,251,3.1510263929618767,4.1268817204301085,-0.9758553274682307,-1.320288972127355,-0.6821425756304056,23.646311999621034,17.03770088399375,30.8957015114854
efflux,3,1,neural_ei,neural_single_ei,341,251,3.1510263929618767,3.2140762463343107,-0.06304985337243402,-0.19779892913541255,0.06069094453173614,1.9616788321167866,-1.9644811207311206,5.8457669456257415
efflux,3,2,neural_ei,gp_ei,341,251,2.1634897360703813,1.906158357771261,0.25733137829912023,0.07151971067565602,0.47704719725013217,-13.5,-25.330058854752092,-3.7093305380689765
efflux,3,2,neural_ei,original_gp_ei,341,251,2.1634897360703813,1.9288856304985338,0.23460410557184752,0.04664526524895673,0.4466215290165941,-12.162675788673509,-23.309493065523323,-2.372709794770457
efflux,3,2,neural_ei,neural_greedy,341,251,2.1634897360703813,2.193548387096774,-0.030058651026392963,-0.10429599640125957,0.04152300473339972,1.370320855614962,-1.9647222569518499,4.470724670650091
efflux,3,2,neural_ei,delta_greedy,341,251,2.1634897360703813,2.285190615835777,-0.1217008797653959,-0.35984231805929917,0.11633169053576048,5.325633622072501,-5.342055128395478,14.844283323886934
efflux,3,2,neural_ei,random,341,251,2.1634897360703813,2.710822510822511,-0.5473327747521296,-0.761536263548878,-0.34896743818250164,20.190653300501744,12.947235541490896,27.448410477544552
efflux,3,2,neural_ei,neural_single_ei,341,251,2.1634897360703813,2.158357771260997,0.005131964809384164,-0.11217637036832107,0.12000071022727271,-0.2377717391304449,-5.743225530147688,4.9724141244294975
efflux,3,3,neural_ei,gp_ei,341,251,1.4948680351906158,1.3262463343108504,0.16862170087976538,0.030326759760013523,0.3509519771478007,-12.714206744057497,-25.964737457482993,-2.2571870332506787
efflux,3,3,neural_ei,original_gp_ei,341,251,1.4948680351906158,1.3409090909090908,0.15395894428152493,0.01775110446985447,0.322073961545438,-11.48168398031712,-23.99514683259966,-1.3417936152835552
efflux,3,3,neural_ei,neural_greedy,341,251,1.4948680351906158,1.5051319648093842,-0.010263929618768328,-0.06696563037865748,0.052220656301922595,0.6819288845591811,-3.5815304794634812,4.314294162498097
efflux,3,3,neural_ei,delta_greedy,341,251,1.4948680351906158,1.6041055718475072,-0.1092375366568915,-0.3146900172612198,0.10864462989177574,6.809872029250452,-6.910945183486672,18.633542257650905
efflux,3,3,neural_ei,random,341,251,1.4948680351906158,1.866315807848066,-0.3714477726574501,-0.523516679918711,-0.20663628021830205,19.902728739448644,10.970711868007923,27.769121037067755
efflux,3,3,neural_ei,neural_single_ei,341,251,1.4948680351906158,1.4934017595307918,0.001466275659824047,-0.08820072408354443,0.08828734360574315,-0.09818360333824243,-6.1340099135837685,5.493807589058981
efflux,3,4,neural_ei,gp_ei,341,251,1.1011730205278591,0.9428152492668622,0.15835777126099707,0.03505985838563598,0.3057361245173742,-16.79626749611196,-32.15232442670884,-3.9152024395189327
efflux,3,4,neural_ei,original_gp_ei,341,251,1.1011730205278591,0.9626099706744868,0.13856304985337242,0.020330854668674698,0.2830777694307233,-14.394516374714382,-28.6892935857459,-2.1197238713085103
efflux,3,4,neural_ei,neural_greedy,341,251,1.1011730205278591,1.1048387096774193,-0.0036656891495601175,-0.06342512834859773,0.05831531719337025,0.33178500331784977,-5.492111794330942,5.355033436110991
efflux,3,4,neural_ei,delta_greedy,341,251,1.1011730205278591,1.1077712609970674,-0.006598240469208211,-0.18874830377614524,0.18209700804639617,0.5956320317670413,-17.58112433869968,15.601665314817687
efflux,3,4,neural_ei,random,341,251,1.1011730205278591,1.3505708001675745,-0.24939777963971513,-0.3880204199937591,-0.10434864224025941,18.46610185921174,7.586131494025341,28.030061326236773
efflux,3,4,neural_ei,neural_single_ei,341,251,1.1011730205278591,1.065982404692082,0.03519061583577713,-0.033830213903743314,0.11050029335549792,-3.301237964236586,-10.300368392933208,3.034305340733327
all,15,1,neural_ei,gp_ei,580,334,6.097844827586207,5.524568965517242,0.5732758620689655,0.18784170560747665,0.9527887649627598,-10.37684325505188,-17.41510657808677,-3.397366272370167
all,15,1,neural_ei,original_gp_ei,580,334,6.097844827586207,5.568965517241379,0.5288793103448276,0.1702460099775406,0.8893365693116791,-9.496904024767808,-16.291332105443786,-3.038865177284787
all,15,1,neural_ei,neural_greedy,580,334,6.097844827586207,6.152155172413793,-0.054310344827586204,-0.17286789521290047,0.07537099119023095,0.8827856792545351,-1.2211918636258068,2.8465427203322333
all,15,1,neural_ei,delta_greedy,580,334,6.097844827586207,6.7219827586206895,-0.6241379310344828,-1.0846157545265598,-0.18757560893414257,9.28502725232446,2.889582569216586,15.599741922330109
all,15,1,neural_ei,random,580,334,6.097844827586207,9.58819341617833,-3.4903485885921235,-4.084565166218059,-2.923485721420778,36.40256758591035,31.07717661717386,41.7541186333281
all,15,1,neural_ei,neural_single_ei,580,334,6.097844827586207,6.330172413793103,-0.23232758620689656,-0.40322034290397635,-0.067170664983165,3.6701620591039013,1.0744681912898757,6.37997518335572
all,15,2,neural_ei,gp_ei,580,334,3.9931034482758623,3.6607758620689657,0.33232758620689656,0.09590584607586382,0.577083067992554,-9.078064288237375,-16.190443703764032,-2.5894715068833296
all,15,2,neural_ei,original_gp_ei,580,334,3.9931034482758623,3.6586206896551725,0.33448275862068966,0.07659975976185088,0.5987617776648024,-9.142318567389259,-16.707597258588045,-2.0605390884138965
all,15,2,neural_ei,neural_greedy,580,334,3.9931034482758623,4.13448275862069,-0.1413793103448276,-0.24586692489495796,-0.03326560713801325,3.4195162635529646,0.8211238590596541,5.86351548266899
all,15,2,neural_ei,delta_greedy,580,334,3.9931034482758623,4.450862068965518,-0.45775862068965517,-0.7954354688914557,-0.1286116299837776,10.284718187100527,3.0512814547808844,16.97267901646563
all,15,2,neural_ei,random,580,334,3.9931034482758623,6.597777775784242,-2.6046743275083797,-2.993158707593284,-2.19767413346789,39.47805482428175,34.035866213779656,44.23615838237938
all,15,2,neural_ei,neural_single_ei,580,334,3.9931034482758623,4.155172413793103,-0.16206896551724137,-0.29201235429479805,-0.039251880930321836,3.9004149377593254,0.9527474578752021,6.880343688804806
all,15,3,neural_ei,gp_ei,580,334,3.127155172413793,2.9060344827586206,0.22112068965517243,0.01652924062465251,0.4253858608417645,-7.6090180955206215,-15.066872168746036,-0.5411421567416766
all,15,3,neural_ei,original_gp_ei,580,334,3.127155172413793,2.910344827586207,0.2168103448275862,0.007892390709314148,0.43354485867910153,-7.449644549763033,-15.56703683475032,-0.24619577456241626
all,15,3,neural_ei,neural_greedy,580,334,3.127155172413793,3.2344827586206897,-0.10732758620689656,-0.19227880679865442,-0.01295280954082545,3.3182302771855006,0.41021631117124996,5.877043426097811
all,15,3,neural_ei,delta_greedy,580,334,3.127155172413793,3.494396551724138,-0.36724137931034484,-0.6643177643369176,-0.07159736442045174,10.50943628962625,2.1911739750873873,17.918844956079134
all,15,3,neural_ei,random,580,334,3.127155172413793,5.17391174478459,-2.046756572370797,-2.33352652869202,-1.7539268741362597,39.55917057212987,34.66390468541525,44.058823456933716
all,15,3,neural_ei,neural_single_ei,580,334,3.127155172413793,3.2711206896551723,-0.14396551724137932,-0.2684030236510409,-0.0239485315084118,4.401106865199627,0.7399071669379763,7.971525301883375
all,15,4,neural_ei,gp_ei,580,334,2.6646551724137932,2.410344827586207,0.2543103448275862,0.08683578346200917,0.43786253926034907,-10.55078683834049,-18.53287360191296,-3.490481556645338
all,15,4,neural_ei,original_gp_ei,580,334,2.6646551724137932,2.4224137931034484,0.24224137931034484,0.05967314715108386,0.4368660965323335,-10.0,-18.662158523888372,-2.3847209986840348
all,15,4,neural_ei,neural_greedy,580,334,2.6646551724137932,2.7133620689655173,-0.04870689655172414,-0.1272567279291106,0.033220526982977124,1.795075456711675,-1.2414644167189288,4.625074758569866
all,15,4,neural_ei,delta_greedy,580,334,2.6646551724137932,2.788362068965517,-0.12370689655172414,-0.36544447946481307,0.12120580425524707,4.436543515226455,-4.704958756144385,12.297584235777054
all,15,4,neural_ei,random,580,334,2.6646551724137932,4.277729057739833,-1.6130738853260402,-1.8567378728089097,-1.359593519295735,37.70865016351265,32.50554516680899,42.4876803712338
all,15,4,neural_ei,neural_single_ei,580,334,2.6646551724137932,2.7383620689655173,-0.07370689655172413,-0.1777497723410794,0.03146860896196003,2.6916417440579212,-1.1797433493037186,6.319234169489188
microsomal_clearance,15,1,neural_ei,gp_ei,311,183,5.603697749196141,4.987942122186495,0.6157556270096463,0.11322087686280535,1.1194022397094423,-12.344883158742944,-22.56936090057702,-2.282426517251293
microsomal_clearance,15,1,neural_ei,original_gp_ei,311,183,5.603697749196141,4.932475884244373,0.6712218649517685,0.23187870782350758,1.127696928974678,-13.608213820078218,-22.703151917123662,-4.756278710428136
microsomal_clearance,15,1,neural_ei,neural_greedy,311,183,5.603697749196141,5.542604501607717,0.06109324758842444,-0.10001150306748466,0.23361624100359843,-1.1022480058012982,-4.099301401408652,1.8294725486856283
microsomal_clearance,15,1,neural_ei,delta_greedy,311,183,5.603697749196141,5.717041800643087,-0.11334405144694534,-0.6961232244318182,0.4205529473135103,1.9825646794150833,-7.975927607585908,11.455779619226954
microsomal_clearance,15,1,neural_ei,random,311,183,5.603697749196141,8.625414832428499,-3.0217170832323568,-3.8514151915679076,-2.2763691034836673,35.03271601351594,27.026104470732893,43.15195007131758
microsomal_clearance,15,1,neural_ei,neural_single_ei,311,183,5.603697749196141,5.830385852090032,-0.2266881028938907,-0.4372961956521739,-0.015611148049645591,3.8880463256583533,0.271449095173148,7.541680817872585
microsomal_clearance,15,2,neural_ei,gp_ei,311,183,3.510450160771704,3.491961414790997,0.018488745980707395,-0.2726062522580049,0.3232541150149532,-0.5294659300184061,-9.621043283215556,7.527631087345606
microsomal_clearance,15,2,neural_ei,original_gp_ei,311,183,3.510450160771704,3.40032154340836,0.11012861736334405,-0.20014504877767747,0.4461499655825969,-3.238770685579195,-13.577782432621142,5.659622731614127
microsomal_clearance,15,2,neural_ei,neural_greedy,311,183,3.510450160771704,3.5884244372990355,-0.07797427652733119,-0.2002924127539186,0.05123788167074385,2.172939068100366,-1.4816704755677148,5.41698144792098
microsomal_clearance,15,2,neural_ei,delta_greedy,311,183,3.510450160771704,3.7757234726688105,-0.2652733118971061,-0.6906964129117124,0.15510036068265767,7.0257611241217885,-4.2892802327396335,17.03126857939737
microsomal_clearance,15,2,neural_ei,random,311,183,3.510450160771704,6.140931215830734,-2.6304810550590294,-3.1580219292492124,-2.117645407643935,42.83521444236179,35.64615492411416,49.49121092387508
microsomal_clearance,15,2,neural_ei,neural_single_ei,311,183,3.510450160771704,3.70016077170418,-0.18971061093247588,-0.33245615945636486,-0.04593088995854806,5.127091027590705,1.3005502806527196,8.758865064924322
microsomal_clearance,15,3,neural_ei,gp_ei,311,183,2.7564308681672025,2.6583601286173635,0.09807073954983923,-0.10683215350223546,0.3234335953563407,-3.689144239491979,-12.69831413093941,3.900986186132504
microsomal_clearance,15,3,neural_ei,original_gp_ei,311,183,2.7564308681672025,2.6414790996784565,0.11495176848874598,-0.11569374490052092,0.36526013081723163,-4.351795496043823,-14.616498766666961,4.205501214479377
microsomal_clearance,15,3,neural_ei,neural_greedy,311,183,2.7564308681672025,2.803054662379421,-0.04662379421221865,-0.15766617528812651,0.06543826660495253,1.6633209062231098,-2.41266215145417,5.50492507813738
microsomal_clearance,15,3,neural_ei,delta_greedy,311,183,2.7564308681672025,3.042604501607717,-0.2861736334405145,-0.629857073145675,0.034633620689654906,9.40554821664465,-1.234067771605423,19.035982986983143
microsomal_clearance,15,3,neural_ei,random,311,183,2.7564308681672025,4.91886326948626,-2.162432401319057,-2.5718035056915585,-1.7652189800350022,43.96203518673752,37.18156443261688,50.05520598162038
microsomal_clearance,15,3,neural_ei,neural_single_ei,311,183,2.7564308681672025,2.95016077170418,-0.1937299035369775,-0.33261791428925824,-0.04774284486245955,6.566757493188012,1.7057064082309867,10.97489171785385
microsomal_clearance,15,4,neural_ei,gp_ei,311,183,2.397106109324759,2.3207395498392285,0.07636655948553055,-0.09872838335112874,0.264970736581652,-3.2906130931763053,-11.730297130648404,4.141672871394901
microsomal_clearance,15,4,neural_ei,original_gp_ei,311,183,2.397106109324759,2.330385852090032,0.06672025723472669,-0.14124447310243185,0.2833421985815601,-2.8630562262849377,-12.89078942333448,5.767562614164345
microsomal_clearance,15,4,neural_ei,neural_greedy,311,183,2.397106109324759,2.414790996784566,-0.017684887459807074,-0.11111760124610591,0.0830550799086757,0.7323568575232995,-3.4872422714888467,4.4966534066062325
microsomal_clearance,15,4,neural_ei,delta_greedy,311,183,2.397106109324759,2.4590032154340835,-0.06189710610932476,-0.29657686104478237,0.17882657027363175,2.5171624713958716,-7.797549889135255,11.191317252494148
microsomal_clearance,15,4,neural_ei,random,311,183,2.397106109324759,4.1369454730990105,-1.7398393637742513,-2.084656705194362,-1.4160998048788027,42.05613477595409,35.53006066176562,48.43714275060798
microsomal_clearance,15,4,neural_ei,neural_single_ei,311,183,2.397106109324759,2.539389067524116,-0.1422829581993569,-0.2741069048253799,-0.009698395962359534,5.603038936372272,0.38035383802434625,10.534720565458263
in_vivo_clearance,15,1,neural_ei,gp_ei,20,16,9.25,6.925,2.325,-0.890625,5.1876420454545435,-33.574007220216615,-95.23914875684787,12.53038240849637
in_vivo_clearance,15,1,neural_ei,original_gp_ei,20,16,9.25,7.075,2.175,-1.0003906249999999,5.010781249999995,-30.74204946996466,-89.98107614653154,14.308042337776383
in_vivo_clearance,15,1,neural_ei,neural_greedy,20,16,9.25,9.9125,-0.6625,-1.3069602272727272,-0.05555555555555555,6.683480453972255,0.6464135720601238,12.584494683173924
in_vivo_clearance,15,1,neural_ei,delta_greedy,20,16,9.25,9.7375,-0.4875,-3.8594184027777776,2.052201704545453,5.006418485237491,-22.600002383847052,38.93855420479258
in_vivo_clearance,15,1,neural_ei,random,20,16,9.25,10.65,-1.4,-4.296875,0.8890624999999974,13.145539906103288,-8.061434854315557,44.17569381575249
in_vivo_clearance,15,1,neural_ei,neural_single_ei,20,16,9.25,9.225,0.025,-0.8055555555555556,0.8639204545454504,-0.27100271002710413,-8.86607551861789,10.88914623069936
in_vivo_clearance,15,2,neural_ei,gp_ei,20,16,6.0625,4.9,1.1625,-0.6875,2.9625852272727258,-23.72448979591836,-75.94228830645162,15.580288313290156
in_vivo_clearance,15,2,neural_ei,original_gp_ei,20,16,6.0625,4.9,1.1625,-0.7083333333333334,3.022727272727273,-23.72448979591836,-76.20850379894799,16.247633847491798
in_vivo_clearance,15,2,neural_ei,neural_greedy,20,16,6.0625,6.7625,-0.7,-1.5375240384615385,0.046875,10.35120147874307,-0.8372063997717761,21.635708041958026
in_vivo_clearance,15,2,neural_ei,delta_greedy,20,16,6.0625,6.1875,-0.125,-1.9445833333333333,1.5682133838383834,2.0202020202020203,-27.03481410828801,33.68153085062526
in_vivo_clearance,15,2,neural_ei,random,20,16,6.0625,6.904166666666667,-0.8416666666666668,-3.226909722222222,1.511117424242424,12.19070609535305,-21.81573515791225,48.11910071569338
in_vivo_clearance,15,2,neural_ei,neural_single_ei,20,16,6.0625,6.1125,-0.05,-0.8125,0.5340909090909091,0.817995910020447,-9.002423487400891,16.14830232131574
in_vivo_clearance,15,3,neural_ei,gp_ei,20,16,3.7625,3.825,-0.0625,-2.0694444444444446,2.1136600378787875,1.6339869281045751,-78.86555254441433,43.09977341893062
in_vivo_clearance,15,3,neural_ei,original_gp_ei,20,16,3.7625,3.8,-0.0375,-2.087585227272727,2.14778409090909,0.9868421052631486,-80.2757377864148,43.06296552064321
in_vivo_clearance,15,3,neural_ei,neural_greedy,20,16,3.7625,4.5125,-0.75,-1.6044034090909092,0.010416666666666666,16.620498614958446,-0.2841657494451559,26.46580628894842
in_vivo_clearance,15,3,neural_ei,delta_greedy,20,16,3.7625,4.1625,-0.4,-1.9064062499999999,1.2045454545454546,9.609609609609597,-33.94566487497078,41.01486662080557
in_vivo_clearance,15,3,neural_ei,random,20,16,3.7625,5.275,-1.5125,-2.75,-0.275,28.672985781990526,5.349961580729609,53.65098722415795
in_vivo_clearance,15,3,neural_ei,neural_single_ei,20,16,3.7625,3.9375,-0.175,-0.8068181818181818,0.375,4.44444444444444,-10.851552426486528,21.000936599423618
in_vivo_clearance,15,4,neural_ei,gp_ei,20,16,3.175,3.0125,0.1625,-1.6000568181818182,1.9318181818181819,-5.3941908713692825,-92.06959706959707,41.410188400205705
in_vivo_clearance,15,4,neural_ei,original_gp_ei,20,16,3.175,3.0125,0.1625,-1.625,1.989603365384615,-5.3941908713692825,-93.20626063457111,41.74012656744403
in_vivo_clearance,15,4,neural_ei,neural_greedy,20,16,3.175,3.9125,-0.7375,-1.7613636363636365,0.09383680555555429,18.84984025559106,-3.4487741678293795,31.035319718781373
in_vivo_clearance,15,4,neural_ei,delta_greedy,20,16,3.175,3.4375,-0.2625,-1.59375,0.9270833333333334,7.636363636363641,-32.367323532478366,40.26085131598438
in_vivo_clearance,15,4,neural_ei,random,20,16,3.175,4.145952380952381,-0.9709523809523809,-2.146439732142857,0.29015476190476086,23.41928444265779,-7.271709215768509,53.15647287337793
in_vivo_clearance,15,4,neural_ei,neural_single_ei,20,16,3.175,3.3875,-0.2125,-0.5227272727272727,0.15,6.273062730627316,-5.116796750557502,15.942539293733407
protein_binding,15,1,neural_ei,gp_ei,44,29,4.8522727272727275,5.488636363636363,-0.6363636363636364,-1.627797619047619,0.24038915094339616,11.594202898550716,-5.0005707762557075,27.704808627385315
protein_binding,15,1,neural_ei,original_gp_ei,44,29,4.8522727272727275,5.488636363636363,-0.6363636363636364,-1.5357405462184874,0.23989076399790546,11.594202898550716,-5.092509102605678,26.30231789511399
protein_binding,15,1,neural_ei,neural_greedy,44,29,4.8522727272727275,4.880681818181818,-0.028409090909090908,-0.39709856915739267,0.3,0.5820721769499401,-6.205761355088547,8.486629084285612
protein_binding,15,1,neural_ei,delta_greedy,44,29,4.8522727272727275,6.806818181818182,-1.9545454545454546,-3.6971875,-0.6409539473684221,28.71452420701168,11.095131389131527,46.18486198687427
protein_binding,15,1,neural_ei,random,44,29,4.8522727272727275,12.204545454545455,-7.3522727272727275,-10.040629968203497,-5.219609950859952,60.242085661080075,47.6174168297456,72.2679323054336
protein_binding,15,1,neural_ei,neural_single_ei,44,29,4.8522727272727275,5.6477272727272725,-0.7954545454545454,-1.4697130200308166,-0.20347191750767904,14.084507042253515,4.2042156163595195,23.35781124807962
protein_binding,15,2,neural_ei,gp_ei,44,29,3.085227272727273,2.977272727272727,0.10795454545454546,-0.5181902356902357,0.8864267676767668,-3.625954198473296,-35.16222683200619,16.48603751147458
protein_binding,15,2,neural_ei,original_gp_ei,44,29,3.085227272727273,3.0113636363636362,0.07386363636363637,-0.5597035204412718,0.8717060810810798,-2.4528301886792563,-34.375205052493435,17.292561490455203
protein_binding,15,2,neural_ei,neural_greedy,44,29,3.085227272727273,3.1875,-0.10227272727272728,-0.41380541871921184,0.21511627906976744,3.208556149732614,-6.95517871417152,13.754397073308002
protein_binding,15,2,neural_ei,delta_greedy,44,29,3.085227272727273,3.852272727272727,-0.7670454545454546,-1.4791940789473685,-0.020220830586684967,19.91150442477875,0.6920212806500052,32.02904005839948
protein_binding,15,2,neural_ei,random,44,29,3.085227272727273,7.5984848484848495,-4.513257575757575,-6.328741289198606,-3.1887765957446828,59.39680957128614,47.052757462190584,71.51018745938028
protein_binding,15,2,neural_ei,neural_single_ei,44,29,3.085227272727273,3.0170454545454546,0.06818181818181818,-0.27383928571428573,0.47918074324324306,-2.259887005649723,-19.890077009562727,7.812874400958461
protein_binding,15,3,neural_ei,gp_ei,44,29,2.221590909090909,2.2613636363636362,-0.03977272727272727,-0.5847547782185358,0.6597569444444439,1.7587939698492374,-40.576100203114414,23.442437030616308
protein_binding,15,3,neural_ei,original_gp_ei,44,29,2.221590909090909,2.2386363636363638,-0.017045454545454544,-0.5523332313341494,0.6162790697674418,0.761421319796956,-38.42459264873058,22.47161355784792
protein_binding,15,3,neural_ei,neural_greedy,44,29,2.221590909090909,2.4318181818181817,-0.21022727272727273,-0.36429315476190477,-0.07446449108683156,8.644859813084103,3.53069883157848,15.13353115727003
protein_binding,15,3,neural_ei,delta_greedy,44,29,2.221590909090909,3.028409090909091,-0.8068181818181818,-1.4416927083333333,-0.09042183806146578,26.641651031894927,4.475207724265272,40.31292375853359
protein_binding,15,3,neural_ei,random,44,29,2.221590909090909,5.828409090909091,-3.6068181818181815,-4.990400042444822,-2.7326728723404257,61.883408071748875,52.437868698711604,74.00656893091735
protein_binding,15,3,neural_ei,neural_single_ei,44,29,2.221590909090909,2.1306818181818183,0.09090909090909091,-0.1193560606060606,0.3194444444444444,-4.266666666666662,-19.158386908240796,5.582791673523116
protein_binding,15,4,neural_ei,gp_ei,44,29,1.7897727272727273,1.6590909090909092,0.13068181818181818,-0.23076923076923078,0.6985341251885369,-7.87671232876712,-54.65259672541454,12.022237401335756
protein_binding,15,4,neural_ei,original_gp_ei,44,29,1.7897727272727273,1.6363636363636365,0.1534090909090909,-0.1875,0.6842105263157895,-9.374999999999995,-51.650656365376726,10.139445283188085
protein_binding,15,4,neural_ei,neural_greedy,44,29,1.7897727272727273,1.9829545454545454,-0.19318181818181818,-0.3333333333333333,-0.0763888888888889,9.74212034383954,4.829288745892661,15.408038280637559
protein_binding,15,4,neural_ei,delta_greedy,44,29,1.7897727272727273,1.9943181818181819,-0.20454545454545456,-0.5416964285714285,0.21155303030303008,10.256410256410259,-13.542320979899497,23.86487154150196
protein_binding,15,4,neural_ei,random,44,29,1.7897727272727273,4.726515151515152,-2.936742424242425,-4.019798115079365,-2.212571168487256,62.13335470427952,53.2104764575448,72.76208838589595
protein_binding,15,4,neural_ei,neural_single_ei,44,29,1.7897727272727273,1.6988636363636365,0.09090909090909091,-0.06547619047619048,0.3125,-5.351170568561868,-21.230600714862213,3.6282939699290946
cellular_clearance,15,1,neural_ei,gp_ei,79,53,5.89873417721519,5.832278481012659,0.06645569620253164,-1.083362676056338,1.2085227272727244,-1.139446554530655,-22.552017832972748,16.53244971176254
cellular_clearance,15,1,neural_ei,original_gp_ei,79,53,5.89873417721519,6.072784810126582,-0.17405063291139242,-1.3893361801242234,0.9969531249999988,2.866076081292333,-17.773117647683545,19.981118432543
cellular_clearance,15,1,neural_ei,neural_greedy,79,53,5.89873417721519,6.091772151898734,-0.1930379746835443,-0.5945142551087673,0.16924999999999973,3.1688311688311637,-2.7584095985438464,9.658304850655067
cellular_clearance,15,1,neural_ei,delta_greedy,79,53,5.89873417721519,6.813291139240507,-0.9145569620253164,-2.262781912996969,0.2229026104417669,13.423130515559683,-3.8960973588199876,28.18155821362038
cellular_clearance,15,1,neural_ei,random,79,53,5.89873417721519,9.453352343858674,-3.5546181666434835,-4.825298351648351,-2.2272705942615403,37.60166803634189,24.96630550586651,48.40968881604053
cellular_clearance,15,1,neural_ei,neural_single_ei,79,53,5.89873417721519,6.167721518987341,-0.2689873417721519,-0.6619945049082373,0.059318827650012625,4.361210877372999,-0.9587255168478538,10.437128315242754
cellular_clearance,15,2,neural_ei,gp_ei,79,53,4.177215189873418,3.740506329113924,0.43670886075949367,-0.21557573891625612,1.1559145195920542,-11.675126903553302,-31.359743525696118,5.545498841488347
cellular_clearance,15,2,neural_ei,original_gp_ei,79,53,4.177215189873418,3.8860759493670884,0.2911392405063291,-0.5410900852878464,1.086352489939637,-7.491856677524435,-29.61778037347606,12.17950811826673
cellular_clearance,15,2,neural_ei,neural_greedy,79,53,4.177215189873418,4.344936708860759,-0.16772151898734178,-0.5253269266567386,0.20192307692307693,3.8601602330662685,-4.648175858038536,11.994535688436327
cellular_clearance,15,2,neural_ei,delta_greedy,79,53,4.177215189873418,4.746835443037975,-0.569620253164557,-1.4967165436456995,0.29674539170506853,12.000000000000007,-6.820527990860127,27.613903650143733
cellular_clearance,15,2,neural_ei,random,79,53,4.177215189873418,6.636896647656142,-2.4596814577827235,-3.501591139488265,-1.230925003815629,37.06071660241048,19.464050660668832,50.555671332789174
cellular_clearance,15,2,neural_ei,neural_single_ei,79,53,4.177215189873418,4.443037974683544,-0.26582278481012656,-0.7985293440206375,0.14517236795462587,5.982905982905975,-3.4006332408049964,15.933345729998459
cellular_clearance,15,3,neural_ei,gp_ei,79,53,3.8259493670886076,3.4240506329113924,0.40189873417721517,-0.18211090303786934,1.0880281690140845,-11.737523105360442,-32.48956999631084,5.089899021681776
cellular_clearance,15,3,neural_ei,original_gp_ei,79,53,3.8259493670886076,3.4556962025316458,0.370253164556962,-0.2939189189189189,1.0625578703703695,-10.714285714285706,-32.38271960211539,7.592187748046491
cellular_clearance,15,3,neural_ei,neural_greedy,79,53,3.8259493670886076,3.8512658227848102,-0.02531645569620253,-0.34798266504209124,0.3106277943368104,0.6573541495480725,-7.942427080343791,8.739859772723417
cellular_clearance,15,3,neural_ei,delta_greedy,79,53,3.8259493670886076,3.4335443037974684,0.3924050632911392,-0.3814285714285714,1.25,-11.428571428571425,-38.36789487470532,10.469718088838016
cellular_clearance,15,3,neural_ei,random,79,53,3.8259493670886076,5.2622131033523445,-1.436263736263736,-2.2846644876916984,-0.45862588897800416,27.293910528799206,9.020784675840916,42.118704269856615
cellular_clearance,15,3,neural_ei,neural_single_ei,79,53,3.8259493670886076,4.018987341772152,-0.1930379746835443,-0.7109646954113924,0.20065905300222386,4.8031496062992165,-5.42994107660042,14.86878311721879
cellular_clearance,15,4,neural_ei,gp_ei,79,53,3.5,2.867088607594937,0.6329113924050633,0.10268859398782346,1.2610335272168567,-22.07505518763796,-44.90789803313836,-3.381816142466011
cellular_clearance,15,4,neural_ei,original_gp_ei,79,53,3.5,2.892405063291139,0.6075949367088608,0.025588235294117665,1.2340073529411761,-21.006564551422326,-43.50654953329673,-0.7663382384303895
cellular_clearance,15,4,neural_ei,neural_greedy,79,53,3.5,3.439873417721519,0.060126582278481014,-0.1875400641025641,0.34590386497064557,-1.7479300827966844,-9.63548111650477,5.555555555555555
cellular_clearance,15,4,neural_ei,delta_greedy,79,53,3.5,2.848101265822785,0.6518987341772152,0.015559050324675347,1.4057971014492754,-22.888888888888886,-50.78363845221513,-0.5243005395206439
cellular_clearance,15,4,neural_ei,random,79,53,3.5,4.367065424027451,-0.8670654240274491,-1.57649151455454,-0.011384836502839769,19.85464699605564,0.2894682672139308,35.61181504976718
cellular_clearance,15,4,neural_ei,neural_single_ei,79,53,3.5,3.6550632911392404,-0.1550632911392405,-0.6159544371649791,0.19727904040403957,4.24242424242424,-5.915835722298392,14.362650024835677
permeability,15,1,neural_ei,gp_ei,72,62,7.628472222222222,7.270833333333333,0.3576388888888889,-0.6267467532467532,1.3863636363636365,-4.918815663801343,-19.74662868170289,8.944474053500292
permeability,15,1,neural_ei,original_gp_ei,72,62,7.628472222222222,7.392361111111111,0.2361111111111111,-0.7153125,1.2866828358208953,-3.19398778769376,-18.37014276513525,9.6544996699967
permeability,15,1,neural_ei,neural_greedy,72,62,7.628472222222222,7.96875,-0.3402777777777778,-0.8051676360842844,0.05488477403156375,4.270152505446623,-0.7191206067044993,10.005084667201036
permeability,15,1,neural_ei,delta_greedy,72,62,7.628472222222222,9.760416666666666,-2.1319444444444446,-3.9081290849673205,-0.5589943910256415,21.842760583422262,6.406817781302317,36.22599414578425
permeability,15,1,neural_ei,random,72,62,7.628472222222222,11.921296296296296,-4.2928240740740735,-6.098039215686274,-2.587191125613568,36.009708737864074,22.88681544240005,48.66092484540486
permeability,15,1,neural_ei,neural_single_ei,72,62,7.628472222222222,7.434027777777778,0.19444444444444445,-0.3022721215351812,0.7500868055555543,-2.6156001868285874,-10.340748474481817,4.020979062061174
permeability,15,2,neural_ei,gp_ei,72,62,5.145833333333333,4.548611111111111,0.5972222222222222,-0.2095877100840336,1.4433913043478253,-13.129770992366415,-33.72329368265045,4.391542050333755
permeability,15,2,neural_ei,original_gp_ei,72,62,5.145833333333333,4.597222222222222,0.5486111111111112,-0.23722014925373133,1.4026217532467529,-11.933534743202408,-32.124087996227146,4.973672353958627
permeability,15,2,neural_ei,neural_greedy,72,62,5.145833333333333,5.447916666666667,-0.3020833333333333,-0.707264254385965,0.02368243243243194,5.544933078393892,-0.4483970201586671,12.195205997545846
permeability,15,2,neural_ei,delta_greedy,72,62,5.145833333333333,6.052083333333333,-0.90625,-2.2706515305259596,0.33005357142857067,14.974182444061963,-6.602941176470587,32.55941224964816
permeability,15,2,neural_ei,random,72,62,5.145833333333333,8.004629629629628,-2.8587962962962963,-4.0479864433811805,-1.656226325757576,35.71428571428571,21.938049745732165,47.86279807636532
permeability,15,2,neural_ei,neural_single_ei,72,62,5.145833333333333,5.236111111111111,-0.09027777777777778,-0.4701492537313433,0.2812610035211266,1.724137931034481,-5.73925810161463,8.577078584731051
permeability,15,3,neural_ei,gp_ei,72,62,3.763888888888889,3.548611111111111,0.2152777777777778,-0.44697966507177034,0.8512679609989736,-6.066536203522502,-25.86895936197651,11.525455883114173
permeability,15,3,neural_ei,original_gp_ei,72,62,3.763888888888889,3.5625,0.2013888888888889,-0.46271360588362537,0.816211248012718,-5.653021442495126,-24.732646931467492,12.221887958158808
permeability,15,3,neural_ei,neural_greedy,72,62,3.763888888888889,4.013888888888889,-0.25,-0.5886312110334404,0.020006756756756658,6.2283737024221555,-0.5618076227624815,13.845344527604006
permeability,15,3,neural_ei,delta_greedy,72,62,3.763888888888889,4.875,-1.1111111111111112,-2.431021313987022,0.014738876319758192,22.79202279202279,-0.3830560174345168,40.93548675185758
permeability,15,3,neural_ei,random,72,62,3.763888888888889,5.921527777777778,-2.157638888888889,-3.0561733174508636,-1.338525268817207,36.43719948399203,23.716415622389245,48.88839677055786
permeability,15,3,neural_ei,neural_single_ei,72,62,3.763888888888889,3.7881944444444446,-0.024305555555555556,-0.3571565934065934,0.2761292966983264,0.6416131989000982,-8.02591442885232,8.648144635386748
permeability,15,4,neural_ei,gp_ei,72,62,3.0034722222222223,2.8125,0.1909722222222222,-0.34725378787878786,0.7392894869215292,-6.790123456790127,-28.906528222934472,11.490017553123169
permeability,15,4,neural_ei,original_gp_ei,72,62,3.0034722222222223,2.7708333333333335,0.2326388888888889,-0.26370338660578385,0.7826330304996753,-8.395989974937342,-31.336305651700748,8.70586241684794
permeability,15,4,neural_ei,neural_greedy,72,62,3.0034722222222223,3.0381944444444446,-0.034722222222222224,-0.2736650713213213,0.18333333333333332,1.1428571428571461,-6.318965210487337,8.548462029320572
permeability,15,4,neural_ei,delta_greedy,72,62,3.0034722222222223,4.131944444444445,-1.1284722222222223,-2.3059515977443605,-0.08559845559845729,27.310924369747898,2.6996473618935286,44.61568767908309
permeability,15,4,neural_ei,random,72,62,3.0034722222222223,4.809259259259259,-1.8057870370370368,-2.4489122643362133,-1.1823426030491249,37.54813246053138,25.756245054447128,48.58479735272717
permeability,15,4,neural_ei,neural_single_ei,72,62,3.0034722222222223,2.96875,0.034722222222222224,-0.25,0.33119039163961006,-1.169590643274857,-12.377946479831,7.891846289752647
efflux,15,1,neural_ei,gp_ei,54,49,7.041666666666667,5.347222222222222,1.6944444444444444,0.6135732323232324,2.9019994840041274,-31.68831168831169,-59.34176591666911,-11.073275083633627
efflux,15,1,neural_ei,original_gp_ei,54,49,7.041666666666667,5.574074074074074,1.4675925925925926,0.3989182692307693,2.648270975056688,-26.32890365448505,-51.58658216152495,-6.697147383969429
efflux,15,1,neural_ei,neural_greedy,54,49,7.041666666666667,6.972222222222222,0.06944444444444445,-0.3173076923076923,0.44,-0.9960159362549829,-7.023918169250932,4.213144552882636
efflux,15,1,neural_ei,delta_greedy,54,49,7.041666666666667,7.138888888888889,-0.09722222222222222,-1.6224559369202225,1.3070344129554654,1.361867704280157,-21.27668417608461,20.54451084482031
efflux,15,1,neural_ei,random,54,49,7.041666666666667,9.694444444444445,-2.6527777777777777,-4.0157766172506735,-1.3075514579759866,27.363896848137536,13.566146797625661,41.05526402496341
efflux,15,1,neural_ei,neural_single_ei,54,49,7.041666666666667,7.458333333333333,-0.4166666666666667,-1.0790169534412954,0.17649064171122966,5.586592178770942,-2.498607877654689,13.599009453800171
efflux,15,2,neural_ei,gp_ei,54,49,4.939814814814815,3.4305555555555554,1.5092592592592593,0.5473858556832695,2.759268162393162,-43.99460188933874,-88.03754906732728,-14.916725848397407
efflux,15,2,neural_ei,original_gp_ei,54,49,4.939814814814815,3.6296296296296298,1.3101851851851851,0.32651466836734694,2.509104020979021,-36.096938775510196,-76.67934039899505,-8.349445414909198
efflux,15,2,neural_ei,neural_greedy,54,49,4.939814814814815,5.018518518518518,-0.0787037037037037,-0.41818181818181815,0.28846153846153844,1.5682656826568182,-6.399550130742883,7.407615480649185
efflux,15,2,neural_ei,delta_greedy,54,49,4.939814814814815,5.6157407407407405,-0.6759259259259259,-1.9583705357142855,0.7403891509433962,12.036273701566358,-15.361165254237289,31.409448205138194
efflux,15,2,neural_ei,random,54,49,4.939814814814815,6.366975308641975,-1.4271604938271605,-2.4446959279394522,-0.31874077769714754,22.41504677880653,4.888564539822693,38.33753045921108
efflux,15,2,neural_ei,neural_single_ei,54,49,4.939814814814815,5.1157407407407405,-0.17592592592592593,-0.7403891509433963,0.42649064171122963,3.438914027149315,-8.674519918505354,13.32239658661261
efflux,15,3,neural_ei,gp_ei,54,49,3.8935185185185186,2.9027777777777777,0.9907407407407407,0.21868990384615386,1.9537997903563928,-34.130781499202556,-73.28334411849295,-6.94419934556459
efflux,15,3,neural_ei,original_gp_ei,54,49,3.8935185185185186,3.009259259259259,0.8842592592592593,0.09208628542510122,1.8255167238421948,-29.384615384615394,-66.43581780538302,-2.817598009383801
efflux,15,3,neural_ei,neural_greedy,54,49,3.8935185185185186,3.9583333333333335,-0.06481481481481481,-0.375,0.28449568965517225,1.637426900584797,-7.757050487896546,8.915314707373849
efflux,15,3,neural_ei,delta_greedy,54,49,3.8935185185185186,4.476851851851852,-0.5833333333333334,-1.733139754842615,0.6363859180035647,13.02998965873837,-16.111832204665163,33.71721177765996
efflux,15,3,neural_ei,random,54,49,3.8935185185185186,4.9460648148148145,-1.0525462962962964,-1.837270499108734,-0.13596875000000014,21.280479243693538,2.6885967167671225,36.8956897434776
efflux,15,3,neural_ei,neural_single_ei,54,49,3.8935185185185186,4.018518518518518,-0.125,-0.57,0.3472222222222222,3.110599078341003,-8.870460375320642,13.054678156946412
efflux,15,4,neural_ei,gp_ei,54,49,3.0555555555555554,2.111111111111111,0.9444444444444444,0.32269480519480526,1.7648099334073237,-44.73684210526314,-88.00238095238095,-14.7199108498769
efflux,15,4,neural_ei,original_gp_ei,54,49,3.0555555555555554,2.2222222222222223,0.8333333333333334,0.20586029411764706,1.648239087301586,-37.499999999999986,-78.37879546212879,-9.027450209643611
efflux,15,4,neural_ei,neural_greedy,54,49,3.0555555555555554,3.087962962962963,-0.032407407407407406,-0.36538461538461536,0.3265404238618523,1.0494752623688166,-12.445942865624486,10.240270342790675
efflux,15,4,neural_ei,delta_greedy,54,49,3.0555555555555554,3.212962962962963,-0.1574074074074074,-1.1525482580037665,0.867930960548885,4.8991354466858805,-32.11398526932292,30.095108695652137
efflux,15,4,neural_ei,random,54,49,3.0555555555555554,3.9322641093474426,-0.8767085537918872,-1.5402250322776638,-0.0739504373177844,22.295261188277014,1.892128740397297,38.85822308578076
efflux,15,4,neural_ei,neural_single_ei,54,49,3.0555555555555554,2.8425925925925926,0.21296296296296297,-0.1300238095238095,0.62505896226415,-7.491856677524424,-21.920410950941644,4.708710541283521
