endpoint,method,context_size,cutoff,pools,rank_eligible_pools,r2,spearman,nll,coverage90,width90,mse
cellular_clearance,alpaca,1,3,524,297,-0.42184472177640164,0.2586032175200996,1.3044523829202972,0.8810856658184902,2.7370676633611675,0.8747631056265316
cellular_clearance,alpaca,2,3,524,297,-0.022071844315570965,0.24764318675208122,1.0956923969986208,0.8790924512298558,2.1605010235184823,0.6288103947032316
cellular_clearance,alpaca,3,3,343,257,0.3052270848171288,0.3034428551407851,0.9954299670109309,0.880466472303207,1.9253270615533165,0.49425937258063757
cellular_clearance,alpaca,5,3,186,185,0.3391384624290801,0.3076424405171263,0.9431075499152655,0.8458781362007167,1.6834777469935394,0.3845053792742964
cellular_clearance,alpaca,10,3,101,101,0.4143074921477323,0.3943791670295779,0.9252153637810605,0.8277227722772277,1.4955794397524786,0.34331547150903385
cellular_clearance,alpaca_no_offset,1,3,524,297,-0.33959384644627,0.2586537883761436,1.2761429950650638,0.8888040712468194,2.638195101051319,0.8241598083449585
cellular_clearance,alpaca_no_offset,2,3,524,297,0.006588572011052118,0.24896726548586806,1.091589406814852,0.8881255301102629,2.1407747465639595,0.611177614969659
cellular_clearance,alpaca_no_offset,3,3,343,257,0.33900424416727204,0.2867900662212071,0.9626117376682982,0.8834467120181406,1.9274345634729269,0.4702304025054817
cellular_clearance,alpaca_no_offset,5,3,186,185,0.3622506156527636,0.3278405750539565,0.9184427421927642,0.8544802867383511,1.70245431375979,0.37105816418324655
cellular_clearance,alpaca_no_offset,10,3,101,101,0.43850058466493447,0.44529289861993265,0.8941865364446399,0.8299229922992296,1.5094629438254474,0.32913420257789705
efflux,alpaca,1,3,341,228,-0.2908283327187067,0.24649716280498982,1.4260968426588057,0.8610622352557837,3.020797752960662,1.0167488369610995
efflux,alpaca,2,3,341,228,0.051620336584115356,0.21634222759792396,1.2025501051301508,0.8630172694688824,2.4166241052275597,0.7470117407050973
efflux,alpaca,3,3,238,186,0.25068897604007057,0.2706467023227105,1.2412504133646307,0.8451914098972922,2.1733116574437856,0.6963969454327138
efflux,alpaca,5,3,139,139,0.2655214444112155,0.31287743074581925,1.1473466678836166,0.8418864908073542,1.9134303688068315,0.6131438259254568
efflux,alpaca,10,3,80,80,0.4754557275620632,0.35959535146589944,1.0542766583386765,0.8111111111111111,1.5984718493767294,0.45637038870561053
efflux,alpaca_no_offset,1,3,341,228,-0.24140584304563206,0.23569955903937717,1.3985894040841107,0.8539589442815249,2.877742863284019,0.9778201447243985
efflux,alpaca_no_offset,2,3,341,228,0.08954120650690278,0.21379888651021872,1.1845215944772949,0.8623004235907461,2.3631993817772496,0.7171425478672382
efflux,alpaca_no_offset,3,3,238,186,0.25049555228239895,0.26936108647761675,1.2177193541380058,0.8488328664799254,2.147492839981561,0.6965767101895499
efflux,alpaca_no_offset,5,3,139,139,0.2749968603493963,0.30656032111181514,1.1379129138530575,0.833093525179856,1.9108610196607039,0.6052337341516896
efflux,alpaca_no_offset,10,3,80,80,0.47976757825624716,0.3640596725221649,1.0594763281394906,0.8166666666666668,1.6155510754299356,0.45261893991331037
in_vivo_clearance,alpaca,1,3,537,229,-0.5706568644407746,0.09021973017244465,1.4197078075219014,0.874074074074074,3.0447141527334574,1.063095398155587
in_vivo_clearance,alpaca,2,3,537,229,0.001586504629087937,0.09985333016880335,1.191988496828137,0.8704738257810882,2.412784910097109,0.6757738220328354
in_vivo_clearance,alpaca,3,3,290,168,-0.07616729410768164,0.04667129665336637,1.2408868350799716,0.8421455938697319,2.1545753317766954,0.6911224724298577
in_vivo_clearance,alpaca,5,3,84,84,-0.032292806634118376,0.10896391247905049,1.3910200652123266,0.783068783068783,1.8976301863855252,0.7242646989905432
in_vivo_clearance,alpaca,10,3,29,29,-0.0003503604899897095,0.24276761703066804,1.3894492362113027,0.714176245210728,1.6703225464154667,0.7300540642260067
in_vivo_clearance,alpaca_no_offset,1,3,537,229,-0.5073145591007533,0.058102152790058065,1.415334080487308,0.8756465963169874,2.9659867010472,1.0202223080236323
in_vivo_clearance,alpaca_no_offset,2,3,537,229,-0.004130163129561826,0.08051452218936728,1.1832366493807052,0.873205048624043,2.3934273021020727,0.6796431351365403
in_vivo_clearance,alpaca_no_offset,3,3,290,168,-0.0537595182380719,0.05186992489762489,1.237795973253626,0.8367816091954023,2.1410192002306707,0.6767320356033053
in_vivo_clearance,alpaca_no_offset,5,3,84,84,0.00422466481956385,0.12680807167837452,1.3731713677991766,0.7960317460317458,1.8930401082426422,0.698643755688096
in_vivo_clearance,alpaca_no_offset,10,3,29,29,0.10830303982321388,0.2807583718630477,1.3555438509204256,0.7241379310344829,1.6696828741655778,0.6507589895965782
microsomal_clearance,alpaca,1,3,1827,1011,-0.2785037911289807,0.26748604701498757,1.3095606083953126,0.8762756188043545,2.756089114239618,0.7871071065714041
microsomal_clearance,alpaca,2,3,1827,1011,0.18585732125672105,0.28441482850866284,1.0726527745794263,0.8943988323298669,2.2698842641913832,0.5012245506413724
microsomal_clearance,alpaca,3,3,1125,852,0.2661595633167718,0.3001218214021535,1.0189132725248697,0.8799209876543209,2.0255616981189672,0.4600827589436712
microsomal_clearance,alpaca,5,3,674,673,0.3594913744900946,0.3397118519313734,0.9372078653368998,0.875074183976261,1.8301689241806876,0.3954653573677774
microsomal_clearance,alpaca,10,3,391,391,0.43937430975558667,0.39504544038774575,0.8786961699746307,0.862063086104007,1.6362361143275834,0.3478627222375499
microsomal_clearance,alpaca_no_offset,1,3,1827,1011,-0.06630856127913476,0.28753414680732614,1.211941944886825,0.8852764094143405,2.585031006246835,0.6564697361120806
microsomal_clearance,alpaca_no_offset,2,3,1827,1011,0.22611029192164656,0.3029843628422112,1.0398815195821396,0.8924770419023293,2.182726224754705,0.4764429273948781
microsomal_clearance,alpaca_no_offset,3,3,1125,852,0.27633586651882847,0.30974148625419984,1.0094296401538776,0.8772938271604938,1.9809391723218424,0.45370270488967174
microsomal_clearance,alpaca_no_offset,5,3,674,673,0.36570771992119766,0.34172465232690014,0.933031183944614,0.873854269699967,1.81103173839813,0.39162723689676004
microsomal_clearance,alpaca_no_offset,10,3,391,391,0.44945173395527926,0.38680359499875583,0.8717447924766667,0.8683716965046889,1.6321641683399057,0.34160977971948714
permeability,alpaca,1,3,516,319,-0.3423699276109704,0.21697378006624007,1.4523378266872469,0.8561154177433248,3.0114814126881413,1.0553045913103385
permeability,alpaca,2,3,516,319,0.16761143372383347,0.2452331830698389,1.1866110783361485,0.8603359173126613,2.399630130198424,0.6543825645057529
permeability,alpaca,3,3,345,256,0.2916985534769301,0.27419311460051676,1.1408520641597788,0.866022544283414,2.17193172320212,0.6059110293934308
permeability,alpaca,5,3,200,200,0.38593898399187543,0.3462376557910152,1.0808128482683423,0.8457777777777777,1.9102432688021298,0.5187727073076861
permeability,alpaca,10,3,97,97,0.44190111223749273,0.418587654099184,1.101686074686151,0.8213058419243985,1.6692284865952356,0.47766131395942557
permeability,alpaca_no_offset,1,3,516,319,-0.22361974732596135,0.22120755376155285,1.4099514378394717,0.8509043927648577,2.8485964616849517,0.9619490952611016
permeability,alpaca_no_offset,2,3,516,319,0.18621039110183146,0.2522531236041178,1.1762342598427515,0.8623169681309215,2.3442174490445136,0.6397609876133696
permeability,alpaca_no_offset,3,3,345,256,0.29986504607454,0.2873693292273264,1.149025688224844,0.8499194847020934,2.143759136482581,0.5989250660572812
permeability,alpaca_no_offset,5,3,200,200,0.3819225912043924,0.33052282755610013,1.093330466529462,0.8405555555555554,1.9068204512466065,0.5221658472492487
permeability,alpaca_no_offset,10,3,97,97,0.4474633664138673,0.4098192016206288,1.085376632787584,0.8254295532646051,1.6833471780554563,0.47290073532950727
protein_binding,alpaca,1,3,880,412,-0.15039742666724343,0.3726843955171759,1.2512688504392255,0.8951010101010101,2.3267338750903086,0.8687993089356623
protein_binding,alpaca,2,3,880,412,0.1512584871179785,0.3600749318794831,1.0585651008680117,0.9071969696969696,1.9126640035807538,0.6409837355018704
protein_binding,alpaca,3,3,460,295,0.34524876086099543,0.3716300771324442,1.0652165864713132,0.8864251207729468,1.728542227755687,0.6144590967449557
protein_binding,alpaca,5,3,177,176,0.3833037904779335,0.4373117204729268,0.9223288503431073,0.8832391713747645,1.5163329964083059,0.4278432124778948
protein_binding,alpaca,10,3,64,63,0.44197661039579783,0.5024268385692295,0.7095108791530276,0.8777777777777778,1.314524896692075,0.2572938068654933
protein_binding,alpaca_no_offset,1,3,880,412,-0.10347509755615203,0.3740447832598931,1.218592294315503,0.9016919191919192,2.3026952744363496,0.8333627839918704
protein_binding,alpaca_no_offset,2,3,880,412,0.1531577909464692,0.39258940173955675,1.0224060145395149,0.9043939393939393,1.9134704777602047,0.6395493495971384
protein_binding,alpaca_no_offset,3,3,460,295,0.34693961172974297,0.39110208272897745,1.0648885305169988,0.893816425120773,1.7367260031180651,0.6128722976135678
protein_binding,alpaca_no_offset,5,3,177,176,0.36855228515057437,0.4464466682846602,0.9381111435968927,0.8831136220966729,1.5156949983010632,0.4380773136944944
protein_binding,alpaca_no_offset,10,3,64,63,0.41309550391778027,0.5148601240488125,0.7252216214928551,0.8954861111111111,1.3218594281537732,0.27061032723122114
cellular_clearance,alpaca,1,15,79,79,-0.3477515740546422,0.2948762303426114,1.2493746612406609,0.8708860759493671,2.5845519139550306,0.6816784213081678
cellular_clearance,alpaca,2,15,79,79,0.03992928998493628,0.3076561511010738,1.0619241206180732,0.8717299578059071,2.101238086810908,0.48559356082098454
cellular_clearance,alpaca,3,15,79,79,0.18601743418444638,0.3284727208987101,0.9786774499061951,0.869198312236287,1.8991086444257332,0.41170373021209467
cellular_clearance,alpaca,5,15,79,79,0.29489190852301694,0.36328797317127376,0.9215868005239005,0.8607594936708861,1.6873321427749326,0.3566361782858935
cellular_clearance,alpaca,10,15,79,79,0.3796995874884852,0.3890407551725829,0.8536023307424512,0.8472573839662447,1.4917979511256394,0.3137413556606323
cellular_clearance,alpaca_no_offset,1,15,79,79,-0.2605549929982709,0.29787252630124555,1.2361281464589542,0.8658227848101264,2.479314392700791,0.6375753173962544
cellular_clearance,alpaca_no_offset,2,15,79,79,0.04714147621663578,0.3258575382235195,1.0663015653922228,0.8683544303797469,2.0745486940579494,0.4819457136811627
cellular_clearance,alpaca_no_offset,3,15,79,79,0.17786583872626682,0.32380078229353804,0.9911963761047763,0.8666666666666667,1.8968816204027317,0.4158267205539701
cellular_clearance,alpaca_no_offset,5,15,79,79,0.30769271801938036,0.3847056527988061,0.9215919259361707,0.8599156118143461,1.6978669473339523,0.3501616648986112
cellular_clearance,alpaca_no_offset,10,15,79,79,0.3887275686071918,0.4215083073426613,0.8466090067423916,0.8472573839662446,1.5037763660308592,0.30917509876650373
efflux,alpaca,1,15,54,54,-0.2000628007857712,0.2894441836016994,1.5043640556023306,0.8407407407407409,3.1705156511222037,1.1594237416099904
efflux,alpaca,2,15,54,54,0.04238221028493516,0.21993831768905345,1.3134992596220354,0.8345679012345676,2.5456975601226057,0.9251889151607252
efflux,alpaca,3,15,54,54,0.19268217377361307,0.24448022460871197,1.201449194190485,0.8320987654320986,2.2746797239071803,0.7799787262291245
efflux,alpaca,5,15,54,54,0.2458695588476889,0.2817269234696569,1.1990675047885884,0.817283950617284,1.9600535849747527,0.7285924846352189
efflux,alpaca,10,15,54,54,0.4857818286680743,0.37698045397683333,1.1253204405483748,0.7901234567901233,1.6211636340641702,0.49680463040695316
efflux,alpaca_no_offset,1,15,54,54,-0.142454630771357,0.3212363898312251,1.4747033425478508,0.8370370370370371,2.9956822612652765,1.1037664210250318
efflux,alpaca_no_offset,2,15,54,54,0.10279052588949988,0.2536798365899774,1.2899638382110115,0.8506172839506172,2.4559238658027365,0.8668262734250246
efflux,alpaca_no_offset,3,15,54,54,0.23157402921175496,0.285934786709514,1.1640316516588818,0.8543209876543207,2.231777361549677,0.7424039088772991
efflux,alpaca_no_offset,5,15,54,54,0.2963528483764958,0.29508990734803314,1.1681384108558908,0.8234567901234567,1.9566265836253844,0.6798187667964984
efflux,alpaca_no_offset,10,15,54,54,0.5091876355418168,0.40911262465411286,1.0997667298071716,0.8148148148148147,1.6347839121674672,0.4741914403612434
in_vivo_clearance,alpaca,1,15,20,20,-0.3168520747490373,0.15191548707808403,1.376331319132768,0.8800000000000001,2.9467592186175335,0.8322790706550725
in_vivo_clearance,alpaca,2,15,20,20,-0.24206750546779943,0.08901512627950325,1.3212745470790184,0.8166666666666668,2.4193852424124023,0.7850136009685167
in_vivo_clearance,alpaca,3,15,20,20,-0.07640453279949266,0.12820344157290756,1.2737355129776575,0.8,2.222858060987321,0.6803110094032406
in_vivo_clearance,alpaca,5,15,20,20,0.06302091077117355,0.1832467388263828,1.2699818775965142,0.7833333333333333,1.9004247931216398,0.5921911052577576
in_vivo_clearance,alpaca,10,15,20,20,0.24004379662627018,0.28534637802780194,1.1939456391526315,0.78,1.5992254546052582,0.48030880218872307
in_vivo_clearance,alpaca_no_offset,1,15,20,20,-0.30387062441922974,0.06020552315794211,1.3592092600884393,0.85,2.758722618431154,0.8240745125096132
in_vivo_clearance,alpaca_no_offset,2,15,20,20,-0.1991471913852385,-0.01247835137326236,1.3030788516428131,0.8066666666666666,2.314118947165995,0.7578870316280193
in_vivo_clearance,alpaca_no_offset,3,15,20,20,0.003341384835596095,0.04017318901390103,1.2551367543962302,0.8333333333333334,2.152600669045033,0.6299098599571145
in_vivo_clearance,alpaca_no_offset,5,15,20,20,0.039127931448071696,0.0681601443194323,1.2812192988784625,0.7933333333333334,1.8540962450935332,0.6072919863722913
in_vivo_clearance,alpaca_no_offset,10,15,20,20,0.22321463770469352,0.2904329725347526,1.2217977657234669,0.7500000000000001,1.5994882245118438,0.4909451956118991
microsomal_clearance,alpaca,1,15,311,311,-0.19086237388867366,0.3068670909656973,1.2633672428317413,0.8737406216505895,2.684287115413286,0.730827465412897
microsomal_clearance,alpaca,2,15,311,311,0.14253654665036175,0.3323770219799066,1.0943716782491857,0.8790996784565915,2.2466209837609528,0.5262218842714803
microsomal_clearance,alpaca,3,15,311,311,0.24290222310982434,0.3527199072350986,1.0237585362482273,0.8707395498392282,2.0574804009987724,0.46462787093322955
microsomal_clearance,alpaca,5,15,311,311,0.33348141080516636,0.37912548036146937,0.9671356403709297,0.8653804930332263,1.8570087989983917,0.4090397865214416
microsomal_clearance,alpaca,10,15,311,311,0.4180585730080585,0.4234137565220678,0.9073312172684762,0.8555198285101824,1.6476105894618742,0.35713512109590223
microsomal_clearance,alpaca_no_offset,1,15,311,311,-0.04434389729855703,0.3066731213954693,1.1864716582732577,0.884458735262594,2.543502044291476,0.6409096636329544
microsomal_clearance,alpaca_no_offset,2,15,311,311,0.1633007646862935,0.33664975632407934,1.0717317652223946,0.8788853161843517,2.1793068047107265,0.5134789668939435
microsomal_clearance,alpaca_no_offset,3,15,311,311,0.25702846803715296,0.3577423505075358,1.009917128251815,0.8748124330117899,2.01574673875319,0.4559586510448476
microsomal_clearance,alpaca_no_offset,5,15,311,311,0.3315942166998864,0.36704499537543467,0.9652934265913464,0.8623794212218651,1.8373125217903088,0.41019794997923914
microsomal_clearance,alpaca_no_offset,10,15,311,311,0.42412822428619423,0.41105179505897055,0.9007039847950288,0.860235798499464,1.6453525722653868,0.35341020043604876
permeability,alpaca,1,15,72,72,-0.17010108130246482,0.32383219954020886,1.4478230742226548,0.8685185185185186,3.203997133873211,1.0068195006280816
permeability,alpaca,2,15,72,72,0.09724708607718391,0.29501877121619474,1.2944138072509643,0.8601851851851852,2.523875934469478,0.7767783933458028
permeability,alpaca,3,15,72,72,0.17108999436588856,0.3230837193478562,1.2309854635568855,0.8472222222222222,2.2355536006237937,0.7132398826682447
permeability,alpaca,5,15,72,72,0.28530499015540534,0.35252091325581375,1.2119312514437253,0.8277777777777777,1.957786671506962,0.6149630014119372
permeability,alpaca,10,15,72,72,0.41448803419617475,0.43831033679003234,1.1293377080199147,0.8240740740740741,1.6798634979824512,0.5038067859626136
permeability,alpaca_no_offset,1,15,72,72,-0.10807870252217788,0.3251459598827235,1.4159539707868598,0.862037037037037,2.996661455587037,0.9534520254336949
permeability,alpaca_no_offset,2,15,72,72,0.11425020287680776,0.3018985503075653,1.2834361814875412,0.8435185185185186,2.46374435685353,0.7621479739411282
permeability,alpaca_no_offset,3,15,72,72,0.1998927031685379,0.3257848047577059,1.2235365605327668,0.8425925925925926,2.1983412093636563,0.6884564435647273
permeability,alpaca_no_offset,5,15,72,72,0.2842567419594567,0.3551649088995684,1.2130382753187057,0.8194444444444444,1.9503116202960473,0.6158649719699031
permeability,alpaca_no_offset,10,15,72,72,0.41824071483810554,0.4589046901638305,1.1209815377922163,0.8296296296296297,1.6933196074495753,0.5005777725805222
protein_binding,alpaca,1,15,44,43,0.019897069356538233,0.48300609178532733,0.9457297736637721,0.9196969696969696,2.245217451910023,0.48006110328853885
protein_binding,alpaca,2,15,44,43,0.2777391466501423,0.4862208432877436,0.8063046224637926,0.8863636363636364,1.8329534659799658,0.35376829441130014
protein_binding,alpaca,3,15,44,43,0.3738877447232396,0.48809624055765605,0.7490318407084047,0.8909090909090908,1.6618222865587768,0.30667405499267697
protein_binding,alpaca,5,15,44,43,0.38259445865126573,0.5125915423881902,0.7285849331648414,0.909090909090909,1.4868249136928482,0.30240944709933887
protein_binding,alpaca,10,15,44,43,0.4534872496305119,0.5472298223705422,0.7084599021360294,0.8954545454545454,1.3196577021164781,0.26768567433155693
protein_binding,alpaca_no_offset,1,15,44,43,0.04764285670461077,0.47154241125938956,0.9164318541962537,0.9227272727272724,2.165625693272912,0.46647102731847717
protein_binding,alpaca_no_offset,2,15,44,43,0.22547634890043322,0.49328755108171474,0.8115199259952169,0.9060606060606059,1.787752630348281,0.37936696937108133
protein_binding,alpaca_no_offset,3,15,44,43,0.376402966113482,0.5063036076639841,0.7221266538973635,0.9151515151515148,1.6548518320254801,0.30544208239279713
protein_binding,alpaca_no_offset,5,15,44,43,0.328534924935598,0.512259969061142,0.6854327256478082,0.9136363636363636,1.49876517190353,0.3288881755955075
protein_binding,alpaca_no_offset,10,15,44,43,0.39915533750560317,0.556655530583144,0.7585674451633633,0.9060606060606059,1.3307536733012204,0.2942978156311811
cellular_clearance,alpaca,1,20,50,50,-0.29522045361272387,0.40411453641335454,1.263086902786904,0.8746666666666667,2.703898629026544,0.7214548299810332
cellular_clearance,alpaca,2,20,50,50,0.015967200984238983,0.42961265072043936,1.1225723917685528,0.8626666666666667,2.1664780267314074,0.5481192130107834
cellular_clearance,alpaca,3,20,50,50,0.1608010175272495,0.4014425076905088,1.0478064336209074,0.8573333333333332,1.961409278116918,0.467444872053545
cellular_clearance,alpaca,5,20,50,50,0.258665974077973,0.4443649350816511,1.0240990141666155,0.8453333333333333,1.7335939892076109,0.41293280393999227
cellular_clearance,alpaca,10,20,50,50,0.35196698600943344,0.4629655363891139,0.9579228873155589,0.8320000000000001,1.5252197617882017,0.36096291301345756
cellular_clearance,alpaca_no_offset,1,20,50,50,-0.2154505078486113,0.39677785242203006,1.2388235487135488,0.8719999999999999,2.5717503588446884,0.6770219208972396
cellular_clearance,alpaca_no_offset,2,20,50,50,0.025219230201082632,0.4272000430710473,1.1249478056614857,0.86,2.140663614276494,0.5429657110358883
cellular_clearance,alpaca_no_offset,3,20,50,50,0.15232344687690824,0.38966326816480645,1.0611488873498498,0.8559999999999998,1.9605786882392804,0.47216699041967675
cellular_clearance,alpaca_no_offset,5,20,50,50,0.26912720754341835,0.41589732474411834,1.0227419275893144,0.8466666666666666,1.7479772525586896,0.40710575929276394
cellular_clearance,alpaca_no_offset,10,20,50,50,0.35116064261557667,0.46185751805320413,0.9575082876868041,0.8213333333333334,1.537406182932221,0.36141205689046996
efflux,alpaca,1,20,26,26,-0.1476432990655221,0.35523681678697455,1.477075037320468,0.8512820512820513,3.3095481730417964,1.1204976802252495
efflux,alpaca,2,20,26,26,-0.019424703687510814,0.20669910748075376,1.2532428909464417,0.8435897435897436,2.6125615813713883,0.9953118853011774
efflux,alpaca,3,20,26,26,0.13675597059680733,0.2524259904811043,1.123772142795097,0.8435897435897437,2.322356281332069,0.8428254085587186
efflux,alpaca,5,20,26,26,0.15472688757347242,0.3142395491526939,1.103518555366215,0.8256410256410257,2.0207383490549016,0.8252795641310379
efflux,alpaca,10,20,26,26,0.5008569897306279,0.44089487271669725,1.0776741953860443,0.7897435897435898,1.623836079967599,0.4873366015057855
efflux,alpaca_no_offset,1,20,26,26,-0.0994307566595567,0.3868094936928682,1.4560585340701602,0.8641025641025641,3.0887576765718623,1.073425526388222
efflux,alpaca_no_offset,2,20,26,26,0.04579445707232921,0.24424228300338913,1.2614158251116514,0.8461538461538461,2.4931559929773397,0.93163537675785
efflux,alpaca_no_offset,3,20,26,26,0.16178919953286286,0.3100678563221993,1.1159043124162713,0.8717948717948718,2.2642334177149315,0.8183842995710762
efflux,alpaca_no_offset,5,20,26,26,0.2605358119179625,0.36895423321598647,1.0814548301962053,0.8512820512820514,1.9883883112720375,0.7219733762487339
efflux,alpaca_no_offset,10,20,26,26,0.5349469479837937,0.46007555633065367,1.0657338706210155,0.8128205128205128,1.6394142277719008,0.4540529852700171
in_vivo_clearance,alpaca,1,20,9,9,-0.38870711200182106,0.18840780829471937,1.3049316812972982,0.8962962962962963,2.9516345716817796,0.6913330915571451
in_vivo_clearance,alpaca,2,20,9,9,-0.27844986862874066,0.1219335738657205,1.2159346083909601,0.8444444444444444,2.378366439649961,0.6364442814769526
in_vivo_clearance,alpaca,3,20,9,9,-0.10164610863745782,0.16637801831016494,1.143030538857361,0.8148148148148148,2.1348946736114494,0.5484269530299876
in_vivo_clearance,alpaca,5,20,9,9,0.033977743904653135,0.3696250038851084,1.1014629440766557,0.8222222222222222,1.834803994008625,0.48091001122382715
in_vivo_clearance,alpaca,10,20,9,9,0.323619130679038,0.38804730628479295,0.966225233270753,0.8518518518518517,1.5300198963940501,0.33671929337476947
in_vivo_clearance,alpaca_no_offset,1,20,9,9,-0.3696572249742791,0.03227495602616039,1.2964052414871314,0.8592592592592592,2.8127666256540227,0.6818495819108377
in_vivo_clearance,alpaca_no_offset,2,20,9,9,-0.22537105470184216,-0.05375181176312066,1.172295689177332,0.8518518518518517,2.3123800124829175,0.6100203219457216
in_vivo_clearance,alpaca_no_offset,3,20,9,9,-0.042845993381196656,0.05925925925925927,1.097776825685078,0.8592592592592592,2.0828433646066116,0.5191547867735407
in_vivo_clearance,alpaca_no_offset,5,20,9,9,-0.013504676412647632,0.2005772967130034,1.1120230180198094,0.8296296296296296,1.822732931737761,0.5045479462130535
in_vivo_clearance,alpaca_no_offset,10,20,9,9,0.2597568099054859,0.3971622413658014,1.0150561561804419,0.8148148148148149,1.534396716075873,0.36851155199635266
microsomal_clearance,alpaca,1,20,178,178,-0.16478839934629663,0.3506605187984635,1.2900371822501502,0.8696629213483145,2.7252507494139806,0.7400547348646842
microsomal_clearance,alpaca,2,20,178,178,0.19795509406940948,0.3719346602891324,1.103476750741784,0.8782771535580525,2.2809483979497513,0.5095836553155494
microsomal_clearance,alpaca,3,20,178,178,0.28903321272637317,0.3849266631893631,1.0272729211520923,0.8674157303370786,2.0856033904807982,0.45171667021123235
microsomal_clearance,alpaca,5,20,178,178,0.3656726680917721,0.4048079404042407,0.9677863564719767,0.8655430711610487,1.8727272204998966,0.4030233694774294
microsomal_clearance,alpaca,10,20,178,178,0.45910629031153927,0.44316026636164924,0.8834492513830919,0.8539325842696629,1.6602233378257083,0.34365980219078496
microsomal_clearance,alpaca_no_offset,1,20,178,178,-0.014684105669156455,0.3489903552681603,1.2106482699070436,0.8752808988764046,2.5689328831033773,0.6446851438543084
microsomal_clearance,alpaca_no_offset,2,20,178,178,0.23010600454901942,0.3800783299404744,1.0748718268750626,0.8756554307116106,2.204169450569512,0.48915639698777136
microsomal_clearance,alpaca_no_offset,3,20,178,178,0.31446420367420935,0.39737544469857367,1.0050335818952374,0.8719101123595506,2.040965656400316,0.43555894982716126
microsomal_clearance,alpaca_no_offset,5,20,178,178,0.36751097345712336,0.393760643823411,0.9631934605420641,0.8602996254681647,1.8548893159456927,0.4018553920228817
microsomal_clearance,alpaca_no_offset,10,20,178,178,0.46789338129672176,0.43322366372973314,0.8777230996102675,0.8554307116104868,1.6592596601231568,0.3380768754609852
permeability,alpaca,1,20,40,40,-0.13748002125569903,0.28283569251049856,1.436398106225125,0.8666666666666666,3.2154939859109555,0.9719986491795798
permeability,alpaca,2,20,40,40,0.09502043644903413,0.29199687762244814,1.3103753916815286,0.8516666666666668,2.526306890903385,0.7733225172039544
permeability,alpaca,3,20,40,40,0.2054118700850791,0.3253735082092567,1.2235049458130787,0.8483333333333334,2.2221610631623436,0.6789909048941568
permeability,alpaca,5,20,40,40,0.32432918924668586,0.3437501387960653,1.1709607009255663,0.8300000000000001,1.9555736547278861,0.5773737587208656
permeability,alpaca,10,20,40,40,0.46953303114071154,0.46089307525095985,1.0462586134995917,0.8216666666666665,1.6744684456827876,0.4532942711349019
permeability,alpaca_no_offset,1,20,40,40,-0.09577018963351258,0.3010824313368814,1.4283225868350609,0.8566666666666667,2.972476287115716,0.9363567924113905
permeability,alpaca_no_offset,2,20,40,40,0.09986958106326627,0.29280856232904384,1.3262999459809768,0.8300000000000001,2.4504875582110386,0.7691788294673498
permeability,alpaca_no_offset,3,20,40,40,0.23706844509112923,0.34488107134900836,1.2366899773316522,0.8350000000000002,2.167722792963994,0.6519397500883215
permeability,alpaca_no_offset,5,20,40,40,0.31813036427184715,0.3673810713490084,1.209326698417282,0.8233333333333335,1.9242189418794016,0.5826707743953847
permeability,alpaca_no_offset,10,20,40,40,0.48779410788798305,0.48172640858429316,1.0529668034605837,0.8350000000000002,1.6729519551206251,0.43768982833218956
protein_binding,alpaca,1,20,26,26,0.11667538975773273,0.48251062500989517,0.9638833040654184,0.9076923076923078,2.173769327732327,0.5569789098410887
protein_binding,alpaca,2,20,26,26,0.3183306879955278,0.48477207632079283,0.8808651018824284,0.8743589743589744,1.8277026928992959,0.4298254864293244
protein_binding,alpaca,3,20,26,26,0.40642669293821754,0.4816656584889468,0.8448049520759482,0.8846153846153846,1.6779072548606764,0.37427669244646816
protein_binding,alpaca,5,20,26,26,0.34619305923349175,0.4973565490472935,0.917695244027612,0.8871794871794871,1.5021646526516368,0.41225691313501467
protein_binding,alpaca,10,20,26,26,0.41981229292781097,0.5229604010352844,0.9378446613335144,0.8769230769230769,1.3227910924182305,0.365836423938917
protein_binding,alpaca_no_offset,1,20,26,26,0.11768510578065872,0.46392329897517115,0.9544080339938635,0.905128205128205,2.1064150799167036,0.5563422350296124
protein_binding,alpaca_no_offset,2,20,26,26,0.2234444933753369,0.4759294939704064,0.9198799867971074,0.882051282051282,1.7718254935285163,0.4896558235734785
protein_binding,alpaca_no_offset,3,20,26,26,0.38521971060069937,0.49575184497059027,0.8262453465737944,0.894871794871795,1.6546920372124274,0.38764872099227127
protein_binding,alpaca_no_offset,5,20,26,26,0.26917036724174304,0.5064827481460384,0.8488735733190919,0.8923076923076925,1.5058685692573388,0.46082344747715653
protein_binding,alpaca_no_offset,10,20,26,26,0.33919094576101927,0.5400197830303883,1.040294939145342,0.8871794871794871,1.3305717451825467,0.4166720845037957
cellular_clearance,alpaca,1,25,31,31,-0.27803850752642933,0.41103724972997335,1.2796774303878398,0.864516129032258,2.661761321432174,0.7092505411746444
cellular_clearance,alpaca,2,25,31,31,0.08631901001347053,0.4092666558350283,1.089536388670759,0.8666666666666667,2.123473810216349,0.5070494611802845
cellular_clearance,alpaca,3,25,31,31,0.2175152157709075,0.38546215178801413,1.0147150496772661,0.8473118279569894,1.9135525972324074,0.434241811500294
cellular_clearance,alpaca,5,25,31,31,0.24097854459601087,0.4451023104211317,1.039724897500839,0.8365591397849462,1.6963197226323934,0.4212207807809836
cellular_clearance,alpaca,10,25,31,31,0.3248361935192432,0.4846613538346643,1.019988951702642,0.8129032258064516,1.4976451163613398,0.3746837769816627
cellular_clearance,alpaca_no_offset,1,25,31,31,-0.19910849577347767,0.40698676680547635,1.2496054447805636,0.8602150537634409,2.5056531506953634,0.6654481414652255
cellular_clearance,alpaca_no_offset,2,25,31,31,0.09731571825683882,0.42890326479157126,1.0859268829295265,0.860215053763441,2.0986485943730178,0.5009468115129877
cellular_clearance,alpaca_no_offset,3,25,31,31,0.22179413431582007,0.39088485719637595,1.011346705957633,0.8494623655913979,1.9082038597498903,0.43186721537056133
cellular_clearance,alpaca_no_offset,5,25,31,31,0.26722678221940166,0.40214278531064057,1.0315114934962728,0.8387096774193549,1.7005954416369784,0.4066542582312821
cellular_clearance,alpaca_no_offset,10,25,31,31,0.32638192772850305,0.48618842829792164,1.018754363299096,0.7935483870967742,1.5171719424055756,0.3738259680674763
efflux,alpaca,1,25,18,18,-0.09829923528600237,0.3774054726313027,1.445650434205579,0.8777777777777778,3.4980178665579413,1.1246444177280135
efflux,alpaca,2,25,18,18,-0.13479368833561534,0.24329847027314605,1.3214145331503038,0.8407407407407407,2.737244776418242,1.162014272483122
efflux,alpaca,3,25,18,18,0.05398357432027312,0.2969986729615163,1.1468665351377556,0.8518518518518517,2.4178501878245164,0.96870876172709
efflux,alpaca,5,25,18,18,0.05364045006225904,0.29786493484861054,1.0974709542901568,0.837037037037037,2.0712967633910306,0.9690601165937457
efflux,alpaca,10,25,18,18,0.5337654293811782,0.4262540457894446,1.0472515021053204,0.8074074074074075,1.6344793322056401,0.4774182575677861
efflux,alpaca_no_offset,1,25,18,18,-0.07766609436238259,0.4136068669467501,1.4324987214248543,0.8962962962962963,3.268458162504382,1.1035163444175535
efflux,alpaca_no_offset,2,25,18,18,-0.02956721191139322,0.24476159660284535,1.3096611375332348,0.8518518518518519,2.6045932317295515,1.0542637018684813
efflux,alpaca_no_offset,3,25,18,18,0.0919057483316249,0.3103095667747755,1.1190471627749987,0.8777777777777778,2.355103306739799,0.9298769389052602
efflux,alpaca_no_offset,5,25,18,18,0.19296614830069958,0.3309255351602841,1.066985657674712,0.8592592592592593,2.0364209681571923,0.8263923774788076
efflux,alpaca_no_offset,10,25,18,18,0.5748244751469742,0.4527689574235512,1.0235375240274163,0.825925925925926,1.6266711475657625,0.4353743180527807
in_vivo_clearance,alpaca,1,25,5,5,-0.45694739591096467,0.29077935056255455,1.2099292580581436,0.96,3.2642427090028483,0.5732236753695927
in_vivo_clearance,alpaca,2,25,5,5,-0.22265653244221983,0.18632028863886457,1.0302132047308936,0.9199999999999999,2.525396051357472,0.481043909483744
in_vivo_clearance,alpaca,3,25,5,5,0.010128338592322872,0.19316014431943226,0.9154142152602247,0.9066666666666666,2.2392555808702643,0.3894566636302832
in_vivo_clearance,alpaca,5,25,5,5,0.09924788847234989,0.4641126838958879,0.9044712645709474,0.8933333333333332,1.8569708534894847,0.35439332773161725
in_vivo_clearance,alpaca,10,25,5,5,0.3241730623373308,0.4306061615486535,0.7893332254518957,0.8933333333333333,1.5631429853280037,0.26589841349662996
in_vivo_clearance,alpaca_no_offset,1,25,5,5,-0.4551676533383129,0.08974021647914845,1.2158518297107466,0.8933333333333333,3.0484930113186897,0.5725234506520973
in_vivo_clearance,alpaca_no_offset,2,25,5,5,-0.25949021670845696,-0.0073594227222707805,1.0599997352120112,0.9066666666666666,2.439654626418325,0.49553581216448156
in_vivo_clearance,alpaca_no_offset,3,25,5,5,0.06856722529454262,0.08939383845134638,0.9113662250846829,0.9333333333333332,2.1790451359724656,0.36646437611601196
in_vivo_clearance,alpaca_no_offset,5,25,5,5,0.07694554102892392,0.21316014431943228,0.8915473512520474,0.8800000000000001,1.8647558562615725,0.36316799839355757
in_vivo_clearance,alpaca_no_offset,10,25,5,5,0.22288303194278947,0.45008659450695043,0.8527094238236226,0.8666666666666668,1.574430111392475,0.3057501223942961
microsomal_clearance,alpaca,1,25,112,112,-0.18122192778717183,0.3542646385789043,1.338781351725738,0.855952380952381,2.7592000564758865,0.7964920080430807
microsomal_clearance,alpaca,2,25,112,112,0.2061346217728819,0.37442647881418395,1.1428858423963075,0.8755952380952381,2.3111042137992936,0.5352994338705874
microsomal_clearance,alpaca,3,25,112,112,0.2948288589172652,0.3794051066907849,1.0649365981115768,0.8607142857142858,2.105787015373042,0.47549335561963624
microsomal_clearance,alpaca,5,25,112,112,0.36042184565358104,0.403728866989656,1.0192972609504418,0.8529761904761906,1.8952982752901708,0.4312643343915741
microsomal_clearance,alpaca,10,25,112,112,0.45159825955337773,0.4335330990476189,0.9362654136339772,0.8428571428571429,1.6762789720942755,0.3697845368320584
microsomal_clearance,alpaca_no_offset,1,25,112,112,-0.03754365040144214,0.35053931242261127,1.2622822454920664,0.8601190476190477,2.599127093904919,0.6996104678556979
microsomal_clearance,alpaca_no_offset,2,25,112,112,0.22946341709229545,0.38748376792275135,1.1181397640153432,0.8744047619047619,2.230165489222975,0.5195689444578192
microsomal_clearance,alpaca_no_offset,3,25,112,112,0.3123331666531739,0.3969644689121002,1.0497979541937703,0.8654761904761905,2.060527535749671,0.4636902889054108
microsomal_clearance,alpaca_no_offset,5,25,112,112,0.3618332995312017,0.3914204508460668,1.0182193892130973,0.8511904761904763,1.8774085426135991,0.43031259813710726
microsomal_clearance,alpaca_no_offset,10,25,112,112,0.4591493340484222,0.41838031590517194,0.9349931796864644,0.8440476190476192,1.675617848049549,0.36469288525841403
permeability,alpaca,1,25,24,24,-0.04076684367365169,0.37487394767080606,1.4335329826417424,0.8861111111111111,3.2868873550663267,1.0345848136450067
permeability,alpaca,2,25,24,24,0.1478577698522654,0.3075578222020105,1.3404757454469831,0.8527777777777779,2.5865596800472495,0.8470806076647825
permeability,alpaca,3,25,24,24,0.2583212134853353,0.33950226664645494,1.2615953117902234,0.85,2.285496136364994,0.7372733036174015
permeability,alpaca,5,25,24,24,0.38224185448615566,0.3981964104254154,1.194316343337255,0.8444444444444444,1.9978291263089671,0.6140887363380807
permeability,alpaca,10,25,24,24,0.49618518418037516,0.45400453329290996,1.11938542500266,0.8194444444444443,1.7169428454206068,0.5008222163347303
permeability,alpaca_no_offset,1,25,24,24,-0.03348184580979452,0.3741253816595176,1.4463091807966937,0.8722222222222222,3.07600550099202,1.0273430877933458
permeability,alpaca_no_offset,2,25,24,24,0.14004508540733185,0.3012176195906038,1.380248967760246,0.8166666666666668,2.5412082667608376,0.8548468857026164
permeability,alpaca_no_offset,3,25,24,24,0.2936347880267466,0.3692370941015966,1.2804287932440814,0.8333333333333334,2.2514690474636807,0.7021694874667008
permeability,alpaca_no_offset,5,25,24,24,0.36041602706581843,0.43206182350266104,1.2513443583427428,0.8416666666666667,1.9987707897947804,0.6357849209653824
permeability,alpaca_no_offset,10,25,24,24,0.5115639518423829,0.5327112823047898,1.1159660408303784,0.8388888888888889,1.7406447703073094,0.48553479670525057
protein_binding,alpaca,1,25,15,15,-0.07695568202625225,0.5429276317481673,0.8456279482289538,0.9066666666666667,2.0037212208572557,0.31617249741651327
protein_binding,alpaca,2,25,15,15,0.16856584600481606,0.5224030362426121,0.7041782950308504,0.8844444444444445,1.689899244671601,0.2440923218042274
protein_binding,alpaca,3,25,15,15,0.3337176904023572,0.5082451491211242,0.5958877392272784,0.8933333333333334,1.5628178103056485,0.19560706659124533
protein_binding,alpaca,5,25,15,15,0.4564468360576911,0.5284873777324233,0.4938286042574718,0.9288888888888889,1.4064332783195752,0.15957626129883584
protein_binding,alpaca,10,25,15,15,0.5275969242548167,0.5319073055727073,0.41875416902577,0.9022222222222224,1.2853810254122289,0.13868802842896924
protein_binding,alpaca_no_offset,1,25,15,15,-0.02839886570010086,0.5638630396134513,0.8141791385314104,0.9066666666666667,1.9466785327285654,0.30191719411977097
protein_binding,alpaca_no_offset,2,25,15,15,0.20054806267629355,0.570431387010299,0.6799757549931831,0.8844444444444445,1.6676724680432895,0.2347029871392095
protein_binding,alpaca_no_offset,3,25,15,15,0.3429302808618456,0.5656991860055112,0.5837449128560704,0.9066666666666667,1.5615855407795016,0.1929024355819435
protein_binding,alpaca_no_offset,5,25,15,15,0.47707667882292937,0.5749486919169963,0.48021511303373215,0.92,1.4053473586463814,0.15351975496598155
protein_binding,alpaca_no_offset,10,25,15,15,0.5407685985631192,0.5548679640355211,0.40881853532450413,0.9111111111111112,1.2849836849293235,0.1348210901410561
cellular_clearance,alpaca,1,30,20,20,-0.23504481675477296,0.3648672430101795,1.316830398366821,0.8566666666666667,2.72185910633145,0.7367958476268417
cellular_clearance,alpaca,2,30,20,20,0.09786701369420914,0.40016403814145535,1.1522450366051251,0.8533333333333333,2.1437362620593987,0.5381892456857197
cellular_clearance,alpaca,3,30,20,20,0.2671786357650152,0.4066869847088673,1.0393383488853263,0.8400000000000001,1.9090212957340849,0.43718230374775374
cellular_clearance,alpaca,5,30,20,20,0.28293157420475,0.4751464384547375,1.0752824305058093,0.8266666666666668,1.694679718322146,0.42778450743068097
cellular_clearance,alpaca,10,30,20,20,0.34527862999353587,0.5050127753464226,1.07844133989666,0.8033333333333333,1.5082328924771458,0.3905898638082403
cellular_clearance,alpaca_no_offset,1,30,20,20,-0.1599810047233554,0.34516906663692526,1.2917346519150543,0.86,2.5462622841412648,0.6920147155889655
cellular_clearance,alpaca_no_offset,2,30,20,20,0.13108203561365972,0.4197025028105507,1.130128457814686,0.85,2.1197872678349485,0.5183740212524958
cellular_clearance,alpaca_no_offset,3,30,20,20,0.2868501688535776,0.4020186282793462,1.0190461287189736,0.8400000000000001,1.8991374948705346,0.425446775045086
cellular_clearance,alpaca_no_offset,5,30,20,20,0.313834659693614,0.41655709294844157,1.0544888091167455,0.8333333333333334,1.6956754554326108,0.40934852457551535
cellular_clearance,alpaca_no_offset,10,30,20,20,0.34072851052163367,0.49306153371064143,1.0778447171065941,0.7866666666666667,1.5221799756629077,0.3933043475967013
efflux,alpaca,1,30,5,5,0.0003199282802169856,0.6541992784028383,1.6917203658711883,0.8666666666666666,3.952867441661381,1.5650412699608145
efflux,alpaca,2,30,5,5,-0.37752854431404526,0.2445883984998543,1.6287272192602384,0.8,3.421510955035221,2.1565789730025102
efflux,alpaca,3,30,5,5,0.0514425246051301,0.38822536779177585,1.3229949294505168,0.8133333333333332,2.844905524326517,1.4850066915597526
efflux,alpaca,5,30,5,5,-0.3464507468467555,0.36155870112510924,1.3662247781745367,0.7733333333333333,2.293032078462732,2.1079253717237343
efflux,alpaca,10,30,5,5,0.684370849088458,0.5912989176042577,1.0426001463966479,0.8266666666666665,1.7254367488722475,0.49413073357504816
efflux,alpaca_no_offset,1,30,5,5,-0.010420566530702002,0.6977923952570232,1.6663982702938402,0.8799999999999999,3.591453595901258,1.5818559670968395
efflux,alpaca_no_offset,2,30,5,5,-0.18036732544410317,0.24818151535403912,1.5983579831279031,0.7733333333333333,2.970674293335848,1.847914778230276
efflux,alpaca_no_offset,3,30,5,5,0.1458050406102136,0.3808659450695051,1.2868090591568913,0.8266666666666665,2.551895672650007,1.3372781971513041
efflux,alpaca_no_offset,5,30,5,5,-0.07301384531880184,0.4075326117361717,1.3830329605990892,0.7466666666666666,2.175286273150406,1.6798483821672068
efflux,alpaca_no_offset,10,30,5,5,0.7338540185082649,0.620865945069505,1.1262059172583108,0.8266666666666665,1.649698778956283,0.41666274706489137
in_vivo_clearance,alpaca,1,30,2,2,-0.40918530787517393,-0.0730516235936134,1.188054097132675,0.9333333333333333,2.9492680336768453,0.5732067982201248
in_vivo_clearance,alpaca,2,30,2,2,-0.28277607763567025,0.049134054930494844,1.0465169677275452,0.8666666666666667,2.4182683146479946,0.5217879892628325
in_vivo_clearance,alpaca,3,30,2,2,-0.11478663287192847,0.09956702746524741,0.9357829210248226,0.8666666666666667,2.2599867774563434,0.45345581802199353
in_vivo_clearance,alpaca,5,30,2,2,0.2724818974523653,0.31028170973971986,0.8559374941232031,0.8999999999999999,1.7459099622608754,0.2959286616728264
in_vivo_clearance,alpaca,10,30,2,2,0.4228757249429612,0.45984873720496733,0.7700548552118233,0.8999999999999999,1.4811342499528595,0.23475376590419234
in_vivo_clearance,alpaca_no_offset,1,30,2,2,-0.42632572652210254,-0.058982792135462175,1.182170516052864,0.8999999999999999,2.5537142515001046,0.5801789149728694
in_vivo_clearance,alpaca_no_offset,2,30,2,2,-0.28033019630149547,-0.11839855680567694,1.0663266849245194,0.8999999999999999,2.230427562140738,0.5207930911464856
in_vivo_clearance,alpaca_no_offset,3,30,2,2,0.11382949904878192,-0.009848737204967317,0.8721506442472562,0.9333333333333332,2.11413936239242,0.3604628523223057
in_vivo_clearance,alpaca_no_offset,5,30,2,2,0.2824609982070567,0.09956702746524741,0.874124944312231,0.8333333333333335,1.706835568508156,0.2918695160368719
in_vivo_clearance,alpaca_no_offset,10,30,2,2,0.4360943214110894,0.4418831529340429,0.7556729447141377,0.8999999999999999,1.463352236241985,0.22937690785996215
microsomal_clearance,alpaca,1,30,71,71,-0.13020985969316423,0.3846035713018234,1.3466236932114413,0.8713615023474177,2.820752106371143,0.8092433272863383
microsomal_clearance,alpaca,2,30,71,71,0.17253220932428748,0.38524527049350776,1.207779491358273,0.867605633802817,2.3585668342079384,0.5924765054964942
microsomal_clearance,alpaca,3,30,71,71,0.26397125265951626,0.3935142185512564,1.1246234217827462,0.8497652582159623,2.151145140486804,0.5270050932292456
microsomal_clearance,alpaca,5,30,71,71,0.33128264533878915,0.4288440932775563,1.0874892428087277,0.84037558685446,1.926309689025332,0.47880935780110123
microsomal_clearance,alpaca,10,30,71,71,0.42989509427515515,0.4333476734779101,1.0065766672925862,0.8272300469483567,1.6970646558662765,0.40820170418287505
microsomal_clearance,alpaca_no_offset,1,30,71,71,-0.008512016182818938,0.38324802695351295,1.278752740311504,0.8694835680751174,2.63991798257404,0.7221062642345077
microsomal_clearance,alpaca_no_offset,2,30,71,71,0.19503324250056397,0.39556518476753205,1.1843116050233498,0.860093896713615,2.2604919091008533,0.5763655055801657
microsomal_clearance,alpaca_no_offset,3,30,71,71,0.2854032177769894,0.40220180670005196,1.1086595978396565,0.8469483568075116,2.0939180026561024,0.5116595584038309
microsomal_clearance,alpaca_no_offset,5,30,71,71,0.334832909422229,0.4108092834187051,1.0884369075706053,0.8375586854460093,1.8981911610219204,0.4762673276683893
microsomal_clearance,alpaca_no_offset,10,30,71,71,0.43739011681146445,0.4300237645706198,1.0088854978435444,0.8272300469483567,1.6929041445267856,0.40283518138770524
permeability,alpaca,1,30,13,13,-0.19214945263937722,0.4607728602725619,1.6265596221581897,0.8512820512820514,3.5547035173681922,1.3374337424413578
permeability,alpaca,2,30,13,13,0.10486051166024624,0.3892275667922545,1.4493084909204725,0.8307692307692308,2.7077968116838704,1.0042279122359552
permeability,alpaca,3,30,13,13,0.2192734765703953,0.3840993616640494,1.353355867018936,0.8461538461538463,2.414351605390759,0.875871723752362
permeability,alpaca,5,30,13,13,0.3506343164016321,0.45471209891565895,1.2266519752660863,0.8307692307692308,2.0887878092132013,0.7285022649678387
permeability,alpaca,10,30,13,13,0.4870767853065463,0.4127707679835265,1.2161992678542526,0.8000000000000002,1.8134641732103765,0.5754318916086703
permeability,alpaca_no_offset,1,30,13,13,-0.2077577991849433,0.474775507636337,1.6804059597305923,0.8205128205128206,3.2566424963659943,1.354944239374054
permeability,alpaca_no_offset,2,30,13,13,0.059767699490551385,0.3647020645352984,1.5355104914101323,0.7743589743589744,2.6297827016470183,1.054816073312403
permeability,alpaca_no_offset,3,30,13,13,0.24658465429129894,0.4247253357345342,1.4123620319230217,0.8153846153846154,2.368207997093154,0.8452322007052477
permeability,alpaca_no_offset,5,30,13,13,0.3286055300132258,0.46207135081200307,1.330216430389085,0.8307692307692308,2.0831998128270848,0.7532156447841525
permeability,alpaca_no_offset,10,30,13,13,0.4917915398550875,0.5413089519846183,1.2147564145478382,0.8358974358974359,1.8693025503755092,0.5701425616453947
protein_binding,alpaca,1,30,9,9,-0.11974856004806012,0.5092710503542521,0.9119055319542971,0.8666666666666666,1.873484269325201,0.3800482028176296
protein_binding,alpaca,2,30,9,9,0.16763712728445357,0.46024857636351224,0.7701510761727942,0.8740740740740741,1.6546729906366184,0.2825080782904382
protein_binding,alpaca,3,30,9,9,0.391088542513084,0.5017674268280108,0.6122263794058257,0.8814814814814815,1.525899597721789,0.2066675621204045
protein_binding,alpaca,5,30,9,9,0.5387662243855162,0.551870626994679,0.48122747368516766,0.911111111111111,1.3576947535309314,0.15654502604901838
protein_binding,alpaca,10,30,9,9,0.6029679906304557,0.5427556919136707,0.40201956864003674,0.8888888888888888,1.242685154304331,0.13475462885658118
protein_binding,alpaca_no_offset,1,30,9,9,-0.022071850791962166,0.5441633967963924,0.8526117653394686,0.8666666666666666,1.7776190394302431,0.34689624430265126
protein_binding,alpaca_no_offset,2,30,9,9,0.21675339465976962,0.5334894486065772,0.712586648236073,0.874074074074074,1.5976891670208682,0.26583777407116077
protein_binding,alpaca_no_offset,3,30,9,9,0.404732897469698,0.5244791104174893,0.577304848615713,0.8962962962962963,1.5126597317580222,0.2020366005234149
protein_binding,alpaca_no_offset,5,30,9,9,0.5711007114746974,0.5578124437508225,0.4505751066816279,0.8962962962962963,1.3584875194878054,0.14557054111041243
protein_binding,alpaca_no_offset,10,30,9,9,0.6200175757187631,0.5206408602446602,0.38374552820137836,0.8888888888888888,1.2452671659241004,0.1289679153007099
