method,brier,log_loss,maximum_mse,pools,maximum_rmse,minimum_pool_size,endpoint,context
both,0.2421057201968907,0.6838113215994248,1.106338327530326,3284,1.0518261869388525,3,all,0
coordinates_both,0.25876149811773885,0.7310353471855547,1.312079042728147,3284,1.1454601881899462,3,all,0
covariance,0.24622520822897712,0.692342324562263,1.2214592417156962,3284,1.105196471997489,3,all,0
distance,0.24052641587986226,0.6803488596275447,1.118638518794064,3284,1.0576570894170114,3,all,0
summary,0.24479923294136877,0.6882652023276996,1.1662669736373308,3284,1.079938411964928,3,all,0
both,0.24131136757851843,0.6814124591610908,1.1616950189003,3284,1.0778195669500066,3,all,1
coordinates_both,0.25715064841277585,0.7260622451875953,1.3220177430542686,3284,1.1497903039486237,3,all,1
covariance,0.2456134108946685,0.6909147716017482,1.271777147765903,3284,1.1277309731340641,3,all,1
distance,0.2397855134133845,0.6779828815212716,1.171600412676238,3284,1.0824049208481261,3,all,1
summary,0.2438786029580335,0.6858205802200089,1.21686449038618,3284,1.1031158100517733,3,all,1
both,0.23543283619880584,0.6693817590321582,1.0535621501455399,1989,1.0264317562047367,3,all,3
coordinates_both,0.25141944742704697,0.7176424841455866,1.360519380247022,1989,1.166413040156454,3,all,3
covariance,0.23879252097941298,0.6756999090613713,1.1826703561242562,1989,1.0875064855550316,3,all,3
distance,0.2340194378857872,0.6664995809004159,1.0677348197353498,1989,1.033312546974704,3,all,3
summary,0.23898616939981887,0.6765275430760022,1.1338542872159267,1989,1.0648259422158755,3,all,3
both,0.22725616501737886,0.6474423282302266,1.027230567374471,1247,1.0135238366089232,3,all,6
coordinates_both,0.2467428564467394,0.7038393466631508,1.4085586981343348,1247,1.1868271559643109,3,all,6
covariance,0.2323805532987244,0.659180026000063,1.1933013279384033,1247,1.0923833246339874,3,all,6
distance,0.22718508461766404,0.6473404154128728,1.0618740307579206,1247,1.030472721986332,3,all,6
summary,0.2326223522572125,0.6593538000829966,1.1420156762405815,1247,1.0686513352074107,3,all,6
both,0.23001089199836197,0.6550553661149615,0.7040669385761473,1284,0.8390869672305412,3,microsomal_clearance,0
coordinates_both,0.25465397019906577,0.7170641577045546,1.1361635994304358,1284,1.0659097520101952,3,microsomal_clearance,0
covariance,0.2392633900694189,0.6762026243983742,0.9402778810258023,1284,0.9696792670908264,3,microsomal_clearance,0
distance,0.23051925802520046,0.656446968716828,0.7054514379778283,1284,0.8399115655697499,3,microsomal_clearance,0
summary,0.23632105591895652,0.6699349032204115,0.8316133719748225,1284,0.9119283809460162,3,microsomal_clearance,0
both,0.23153227132275706,0.6584753905139037,0.7693899208812277,1284,0.8771487450149078,3,microsomal_clearance,1
coordinates_both,0.2542740067636248,0.7165272510996886,1.1408945841174083,1284,1.068126670445696,3,microsomal_clearance,1
covariance,0.24073751251520856,0.6796472228158691,0.9838459986237267,1284,0.9918901141879208,3,microsomal_clearance,1
distance,0.23238260662707805,0.6606609119433936,0.7663585605609349,1284,0.8754190771058938,3,microsomal_clearance,1
summary,0.23748327332532657,0.6726050416003599,0.8835546589629736,1284,0.9399758821177134,3,microsomal_clearance,1
both,0.23202040873705038,0.6589477680588667,0.649748257343138,834,0.8060696355422018,3,microsomal_clearance,3
coordinates_both,0.2542608227304713,0.7180691054320153,1.180480847675062,834,1.0864993546592938,3,microsomal_clearance,3
covariance,0.2405768530878645,0.6795241576811997,0.9092618220404528,834,0.9535522125402744,3,microsomal_clearance,3
distance,0.23251747977007386,0.660176381196657,0.6561476706266621,834,0.8100294257782628,3,microsomal_clearance,3
summary,0.23899352372155763,0.6760878641888315,0.7926037647071085,834,0.8902829688964675,3,microsomal_clearance,3
both,0.2289823358664096,0.6509555280799832,0.6380263411549841,582,0.7987655107445389,3,microsomal_clearance,6
coordinates_both,0.25212310387556214,0.7128708288346453,1.2760257839955893,582,1.129613112528174,3,microsomal_clearance,6
covariance,0.23794431002980584,0.6723762578494195,0.9341125004587923,582,0.9664949562510879,3,microsomal_clearance,6
distance,0.2286556624698976,0.6500510861631231,0.646466877226262,582,0.8040316394435371,3,microsomal_clearance,6
summary,0.23677551494964075,0.6698438322073773,0.7913804556843936,582,0.8895956697761032,3,microsomal_clearance,6
both,0.26467362387325916,0.7344839403709642,1.2068843599151362,351,1.0985828871392163,3,in_vivo_clearance,0
coordinates_both,0.27480282305952897,0.7837985971434291,0.8621674284507361,351,0.928529713283714,3,in_vivo_clearance,0
covariance,0.2642419243397837,0.7281814180914393,1.3470970789215433,351,1.1606451132544966,3,in_vivo_clearance,0
distance,0.25408963864230527,0.705952016599141,1.115438628942268,351,1.0561432804985638,3,in_vivo_clearance,0
summary,0.25813540865026746,0.7148350539370498,1.1942810428696895,351,1.0928316626405412,3,in_vivo_clearance,0
both,0.25968627201235406,0.7220933986127626,1.1875087053257583,351,1.089728730155243,3,in_vivo_clearance,1
coordinates_both,0.2733530766088097,0.7766555369953907,0.8522474530392316,351,0.9231724936539387,3,in_vivo_clearance,1
covariance,0.2603241787401257,0.7192772679132773,1.3144234633254603,351,1.146483084622473,3,in_vivo_clearance,1
distance,0.250887394568322,0.6980833273446214,1.1001407175410514,351,1.048875930480365,3,in_vivo_clearance,1
summary,0.2540526919324534,0.7050536638210636,1.1712727330010468,351,1.0822535437692256,3,in_vivo_clearance,1
both,0.25320627554318065,0.7093063265706462,1.434807629696797,168,1.1978345585667485,3,in_vivo_clearance,3
coordinates_both,0.2660331178984129,0.7708576295914474,1.011824091851695,168,1.005894672344821,3,in_vivo_clearance,3
covariance,0.250106056517572,0.6974388545039932,1.6242869868872152,168,1.274475180961644,3,in_vivo_clearance,3
distance,0.2400889188705646,0.6762410754258842,1.3285584202919156,168,1.1526310859472408,3,in_vivo_clearance,3
summary,0.24535337007293695,0.6875571497169461,1.4413708429495795,168,1.2005710486887393,3,in_vivo_clearance,3
both,0.2314616784608663,0.6583378388778408,2.0253762093844654,71,1.4231571274404191,3,in_vivo_clearance,6
coordinates_both,0.25853359953014965,0.7477232574266397,1.3762941226937226,71,1.1731556259481188,3,in_vivo_clearance,6
covariance,0.23007707434097238,0.6515701170264694,2.3593963253269594,71,1.5360326576368615,3,in_vivo_clearance,6
distance,0.2223335176866646,0.6348595796020453,1.9830587870667418,71,1.408211201157959,3,in_vivo_clearance,6
summary,0.22676677097730316,0.6446527926490144,2.0727632067748747,71,1.4397094174780114,3,in_vivo_clearance,6
both,0.24584492055362883,0.7003372982694901,1.1919033852434802,577,1.091743278084862,3,protein_binding,0
coordinates_both,0.26166923072715753,0.7557874264447154,1.646629719518479,577,1.2832107073736874,3,protein_binding,0
covariance,0.2480628919892366,0.7040366476320715,1.151751106777048,577,1.0731966766520702,3,protein_binding,0
distance,0.24403447792346433,0.6983791244827661,1.1908526911409394,577,1.091261971820213,3,protein_binding,0
summary,0.2473684514366152,0.6977505943035137,1.033434128098642,577,1.0165796221145897,3,protein_binding,0
both,0.24424494017040146,0.6935967924373303,1.2750222812539709,577,1.1291688453256097,3,protein_binding,1
coordinates_both,0.25614893059593213,0.73586415113603,1.667356957080104,577,1.2912617693868675,3,protein_binding,1
covariance,0.2460494295989975,0.6986401990554384,1.2590449973638231,577,1.1220717434120793,3,protein_binding,1
distance,0.2413999733947919,0.688529658892334,1.2844768776920183,577,1.1333476420287019,3,protein_binding,1
summary,0.2446416804847621,0.6891734475349806,1.1439044961897418,577,1.0695347101378907,3,protein_binding,1
both,0.2378031964951286,0.6882455944308226,1.1150274055703604,294,1.0559485809310794,3,protein_binding,3
coordinates_both,0.258725365717069,0.7671492823019282,1.789157694575163,294,1.3375939946692206,3,protein_binding,3
covariance,0.2396638766147466,0.683444802324502,1.0314765512618722,294,1.0156163405843135,3,protein_binding,3
distance,0.23707892897133623,0.6900854742361519,1.0776181138291732,294,1.0380838664718632,3,protein_binding,3
summary,0.24336475612349004,0.6945889024409728,0.9084569356469024,294,0.9531300727848757,3,protein_binding,3
both,0.21912625444127054,0.6342907950413686,1.0435358550628244,134,1.0215360272955742,3,protein_binding,6
coordinates_both,0.24484372413968888,0.7388467699313802,1.6606814511938042,134,1.2886742998887672,3,protein_binding,6
covariance,0.22301463795754667,0.6410529880156247,0.9531202409894335,134,0.9762787721698314,3,protein_binding,6
distance,0.21791035668239173,0.6330958239460333,1.0408604254063354,134,1.0202256737635724,3,protein_binding,6
summary,0.2292587762770448,0.6524049884600603,0.8213256839862756,134,0.9062702047327141,3,protein_binding,6
both,0.25777380761860097,0.7195158986721771,1.4394205432736304,384,1.199758535403533,3,cellular_clearance,0
coordinates_both,0.2642639966356264,0.7340348397482342,1.4588110118019746,384,1.2078124903319947,3,cellular_clearance,0
covariance,0.25581859165286436,0.7153786696616659,1.3594769042894823,384,1.1659660819635718,3,cellular_clearance,0
distance,0.24857151965172516,0.7007698431116355,1.2835820703863516,384,1.132952810308687,3,cellular_clearance,0
summary,0.25469379429629563,0.7112933107559659,1.370251573731854,384,1.1705774531110078,3,cellular_clearance,0
both,0.258347529001761,0.7212043747023521,1.469284205350772,384,1.212140340616866,3,cellular_clearance,1
coordinates_both,0.26481560480242333,0.7371244732547821,1.4459487573212495,384,1.2024760942826471,3,cellular_clearance,1
covariance,0.25633846577604963,0.7167187604650455,1.4002134336344938,384,1.1833061453548248,3,cellular_clearance,1
distance,0.24795839225302588,0.6995337255905922,1.3205930789219777,384,1.1491706047937258,3,cellular_clearance,1
summary,0.25582035280523135,0.7141428864561,1.4037192098102051,384,1.184786567196896,3,cellular_clearance,1
both,0.2464440244285659,0.6949642490467848,1.195974513351354,252,1.0936061966500346,3,cellular_clearance,3
coordinates_both,0.2545139434039515,0.715132631467449,1.3640059440006047,252,1.1679066503794748,3,cellular_clearance,3
covariance,0.24444501231306534,0.6907273123018238,1.089147907093656,252,1.0436224926158195,3,cellular_clearance,3
distance,0.23919761210007218,0.6794919286994139,1.00377827230067,252,1.0018873550957064,3,cellular_clearance,3
summary,0.24445951369300342,0.6897722060182283,1.107243570091508,252,1.052256418413073,3,cellular_clearance,3
both,0.23972279847878422,0.6769440960794908,0.967978343831133,157,0.983858904432507,3,cellular_clearance,6
coordinates_both,0.25207620128131,0.7075249232811012,1.3269226234780405,157,1.1519212748612817,3,cellular_clearance,6
covariance,0.23793795402667225,0.6733184769614572,0.8297834073941501,157,0.9109244795229461,3,cellular_clearance,6
distance,0.23727970863959946,0.6725806085105925,0.7253413746312798,157,0.8516697567903182,3,cellular_clearance,6
summary,0.23711426388332224,0.6702340356911096,0.8667680466328903,157,0.9310037844353214,3,cellular_clearance,6
both,0.2412755893188038,0.6763092757670773,1.518214300998694,408,1.2321583911976146,3,permeability,0
coordinates_both,0.24839343835102481,0.6975471981337291,1.2251078656069339,408,1.106845908700454,3,permeability,0
covariance,0.24166989186318566,0.6771677759880702,1.4369536840056898,408,1.1987300296587593,3,permeability,0
distance,0.24433626306744355,0.6830991721438114,1.6118900814692467,408,1.2696023320194583,3,permeability,0
summary,0.24687197138136083,0.6885240375827232,1.674607891659457,408,1.294066417020184,3,permeability,0
both,0.23793463260218123,0.6689618177004716,1.580654508629325,408,1.257240831594856,3,permeability,1
coordinates_both,0.2453294798787415,0.6906982584808169,1.281931599670679,408,1.1322241826028443,3,permeability,1
covariance,0.23917531852109195,0.671883623571244,1.517087312250098,408,1.2317009832950927,3,permeability,1
distance,0.24149832650288178,0.6768975296349359,1.665279427511053,408,1.2904570614751398,3,permeability,1
summary,0.2439408281142343,0.6823552045106677,1.7220903877521683,408,1.3122844157240336,3,permeability,1
both,0.22687311593546636,0.6450458114528761,1.573546414055731,256,1.2544107836174445,3,permeability,3
coordinates_both,0.23046595516229668,0.6563115057392095,1.2743856135223988,256,1.1288868913768104,3,permeability,3
covariance,0.22730629981090947,0.6457247522025555,1.4914811525843106,256,1.2212621146110734,3,permeability,3
distance,0.22889395552616118,0.6497023487612523,1.69089884630349,256,1.3003456641614528,3,permeability,3
summary,0.2313596420959778,0.6548042422941882,1.7867360388245672,256,1.33668845989803,3,permeability,3
both,0.21917184935486161,0.6259803666313185,1.6194600545499247,176,1.2725800778536196,3,permeability,6
coordinates_both,0.2295018144648671,0.6515096461313358,1.2509284112438603,176,1.1184491098140588,3,permeability,6
covariance,0.22284204608754557,0.6341500398904679,1.4818066458491517,176,1.2172948064660227,3,permeability,6
distance,0.22220513907213119,0.6326874330145784,1.7384853204635464,176,1.3185163330287366,3,permeability,6
summary,0.22435559526658483,0.6374527175519974,1.8420439012400591,176,1.3572191795137802,3,permeability,6
both,0.24129520033614224,0.680066129521831,1.591712612277056,280,1.2616309334655107,3,efflux,0
coordinates_both,0.259057955372467,0.7226371918103067,1.9188570050092786,280,1.3852281418630212,3,efflux,0
covariance,0.24525904206747776,0.6878476390998073,1.9937416175854124,280,1.4119991563685201,3,efflux,0
distance,0.2456000237215815,0.6886919733644715,1.9236486412189453,280,1.3869566111522542,3,efflux,0
summary,0.24507549618204041,0.6875102614288676,1.919030034782337,280,1.385290595789323,3,efflux,0
both,0.2386325055586084,0.6740610028866261,1.662479276531232,280,1.289371659581221,3,efflux,1
coordinates_both,0.2588086493744982,0.722525096082793,1.9182906659088539,280,1.3850237059014021,3,efflux,1
covariance,0.2433059531341044,0.6834529911299,2.0313311071804003,280,1.4252477353710828,3,efflux,1
distance,0.2427848541420457,0.6825113149423524,1.9632038016170472,280,1.401143747663689,3,efflux,1
summary,0.24241139753088362,0.6816114462831254,1.9603861641603764,280,1.4001379089791035,3,efflux,1
both,0.22775505089959266,0.6490134812735765,1.5165722790580851,185,1.2314918915925046,3,efflux,3
coordinates_both,0.23850883885452967,0.6770060955032757,1.9220594365635453,185,1.386383582044863,3,efflux,3
covariance,0.22728473339784044,0.6474197454754519,1.9545308715253007,185,1.398045375345629,3,efflux,3
distance,0.23045561878295132,0.6542225247611086,1.8954466475821252,185,1.376752209942706,3,efflux,3
summary,0.22931038839294043,0.651809643409104,1.8839902227507135,185,1.3725852333282307,3,efflux,3
both,0.22136453692082284,0.6323995689218901,1.4881267869037362,127,1.2198880222806257,3,efflux,6
coordinates_both,0.23479896051311544,0.6689442030302463,2.0873011090699745,127,1.4447494969959236,3,efflux,6
covariance,0.22440211707123175,0.6392954625753712,2.0321579893782786,127,1.4255377895300703,3,efflux,6
distance,0.22736628879087256,0.6460295398871829,1.951092210272126,127,1.3968150236420447,3,efflux,6
summary,0.2263156110782677,0.6437325963340099,1.9370392424322584,127,1.3917755718621658,3,efflux,6
both,0.22147696108199383,0.6351611990649133,1.021621036059058,580,1.0107527076684277,15,all,0
coordinates_both,0.245269191331416,0.703902786654777,1.385056557180835,580,1.1768842581922978,15,all,0
covariance,0.22658965255042343,0.6479861443773394,1.1796221990175038,580,1.0861041382010768,15,all,0
distance,0.22134029181258835,0.634839949189166,1.042888782685774,580,1.0212192627862902,15,all,0
summary,0.22606745606335907,0.6466001546379798,1.1452484199869364,580,1.0701628006929302,15,all,0
both,0.2222901857881477,0.6374165291080974,1.1015743956541626,580,1.0495591434760418,15,all,1
coordinates_both,0.24493199000151866,0.7043489835251353,1.3886008248184598,580,1.1783890804053048,15,all,1
covariance,0.22712212886879704,0.6499830584432678,1.2424010198394337,580,1.1146304409262442,15,all,1
distance,0.2222479079549283,0.637306385239732,1.1111172820610842,580,1.054095480523982,15,all,1
summary,0.2266099398597228,0.6483711542691118,1.2031395104881086,580,1.09687716289843,15,all,1
both,0.22501699279733636,0.6436621149020132,0.9845793608056821,577,0.9922597244702025,15,all,3
coordinates_both,0.2478342030064409,0.7102274986189683,1.3696884558088784,577,1.1703368984223639,15,all,3
covariance,0.22924528255902268,0.6546219758708391,1.1488250668898272,577,1.0718325740944,15,all,3
distance,0.22473295459145365,0.6429873662038696,1.00931379884714,577,1.0046461062718255,15,all,3
summary,0.2290983488380812,0.6541971062427334,1.1164155416983133,577,1.0566056699158457,15,all,3
both,0.2161616799133668,0.6216777982703993,0.9871174082390012,571,0.9935378242618653,15,all,6
coordinates_both,0.24108768193374602,0.6921162809425453,1.408913821599394,571,1.186976756975213,15,all,6
covariance,0.22191607525819962,0.6354164766347455,1.1586839654440904,571,1.0764218343400929,15,all,6
distance,0.21593640995009364,0.6211509978597557,1.0164884010137145,571,1.0082104943977297,15,all,6
summary,0.22155253337679023,0.6346022314605901,1.1251408501517393,571,1.0607265670999946,15,all,6
both,0.23275118932199473,0.6611366334525711,0.6645593183905385,311,0.8152050775053713,15,microsomal_clearance,0
coordinates_both,0.26245344116379354,0.7452564134777532,1.2198741974368756,311,1.1044791521060393,15,microsomal_clearance,0
covariance,0.24135626576284233,0.6829369009840855,0.9030422345833213,311,0.9502853437696076,15,microsomal_clearance,0
distance,0.23339355184896596,0.6627051870040694,0.66844390557008,311,0.8175841886742184,15,microsomal_clearance,0
summary,0.23894617394319148,0.6767758297677313,0.8018364316862281,311,0.8954531990485198,15,microsomal_clearance,0
both,0.23895240743783625,0.6757388154407639,0.7592250871828377,311,0.8713352323777788,15,microsomal_clearance,1
coordinates_both,0.26679774908286474,0.7587722446416896,1.2228885915929972,311,1.1058429326052581,15,microsomal_clearance,1
covariance,0.24658188177341003,0.6964142607651246,0.9640387803607002,311,0.981854765411209,15,microsomal_clearance,1
distance,0.24017334033677332,0.6787432429823128,0.7546624816898546,311,0.8687131181753011,15,microsomal_clearance,1
summary,0.24461981195251584,0.6906710183491314,0.8725724426316873,311,0.9341158614602834,15,microsomal_clearance,1
both,0.23644726651492654,0.6697912613656876,0.6246149486478133,308,0.7903258496644364,15,microsomal_clearance,3
coordinates_both,0.2658676309458431,0.7539149233731808,1.207449888460989,308,1.0988402470154564,15,microsomal_clearance,3
covariance,0.24429396602719738,0.6900364705779966,0.873454563996066,308,0.9345879113256633,15,microsomal_clearance,3
distance,0.23707527716896928,0.6713277798693378,0.6314629372294788,308,0.7946464227752358,15,microsomal_clearance,3
summary,0.242487232862708,0.6855387256066449,0.7700803234120643,308,0.8775422060573863,15,microsomal_clearance,3
both,0.22335739992581252,0.6390606537449383,0.617066938912372,305,0.7855360837748779,15,microsomal_clearance,6
coordinates_both,0.2524801364192158,0.7174075393922708,1.2426671461582837,305,1.1147498132577927,15,microsomal_clearance,6
covariance,0.23276925805734747,0.6614050440546138,0.8847801253295056,305,0.9406275167830811,15,microsomal_clearance,6
distance,0.22319095327016308,0.638622422956201,0.6252396008783614,305,0.7907209374225279,15,microsomal_clearance,6
summary,0.23026581074841837,0.6554645358167692,0.770197757236705,305,0.8776091141486083,15,microsomal_clearance,6
both,0.18836360875803812,0.5555014715313484,1.403293846936289,20,1.1846070432579274,15,in_vivo_clearance,0
coordinates_both,0.22863686557503518,0.6703853142410178,0.8019359415835117,20,0.8955087613103021,15,in_vivo_clearance,0
covariance,0.18965643552358222,0.5591286424881534,1.6434134277437473,20,1.2819568743697065,15,in_vivo_clearance,0
distance,0.18299662422718746,0.5439244700006405,1.4009799051299003,20,1.1836299696822061,15,in_vivo_clearance,0
summary,0.1848315774647999,0.5475510031800968,1.3802027135761912,20,1.1748202899065845,15,in_vivo_clearance,0
both,0.1690300123108145,0.51007466092229,1.3485144900878905,20,1.161255566224718,15,in_vivo_clearance,1
coordinates_both,0.21521547893163073,0.6375248570541421,0.7775452941387051,20,0.8817852880030972,15,in_vivo_clearance,1
covariance,0.17061171829736832,0.5142827277055273,1.5486689586162867,20,1.2444552859047555,15,in_vivo_clearance,1
distance,0.1672780253678539,0.505857242136908,1.3191162551834625,20,1.1485278643478627,15,in_vivo_clearance,1
summary,0.16953581486476987,0.5108836144437208,1.325383665285473,20,1.1512530848104048,15,in_vivo_clearance,1
both,0.20035386040471073,0.5846672550370511,1.3824399689384108,20,1.1757720735492958,15,in_vivo_clearance,3
coordinates_both,0.23387896801154956,0.6766809671820246,0.7843652306034511,20,0.8856439637932678,15,in_vivo_clearance,3
covariance,0.2012505369881214,0.5872527085399122,1.6288532549287715,20,1.2762653544340892,15,in_vivo_clearance,3
distance,0.19487716982501468,0.5728015929524222,1.384116832670229,20,1.1764849479148591,15,in_vivo_clearance,3
summary,0.1953222416402411,0.5730740074497731,1.361779303134946,20,1.166952999539804,15,in_vivo_clearance,3
both,0.1957069535585892,0.571762498634704,1.4789270817825657,20,1.2161114594405258,15,in_vivo_clearance,6
coordinates_both,0.23681614978192517,0.6969501184868865,0.8438973000083788,20,0.9186388300133947,15,in_vivo_clearance,6
covariance,0.1971070512852569,0.5758504912190208,1.752718069686183,20,1.3239025907090685,15,in_vivo_clearance,6
distance,0.18683467748869378,0.5531145749125911,1.49970662753601,20,1.2246250967279781,15,in_vivo_clearance,6
summary,0.18963667588938868,0.5586953876467962,1.4534451723081545,20,1.2055891390967963,15,in_vivo_clearance,6
both,0.1977443754853655,0.5761041327176679,0.987484672784855,44,0.9937226337287759,15,protein_binding,0
coordinates_both,0.23487422108441444,0.7127883240656248,1.6644120439482903,44,1.2901209415974497,15,protein_binding,0
covariance,0.1959319712563343,0.5720800061692389,1.0159114361091721,44,1.007924320625895,15,protein_binding,0
distance,0.1967785476291488,0.5748961373825142,0.9041423810724425,44,0.9508640181815917,15,protein_binding,0
summary,0.20631508822679515,0.597618022815686,0.9147896782589001,44,0.9564463802320025,15,protein_binding,0
both,0.1918804890486868,0.5618258483527881,1.087241475430641,44,1.0427087203196495,15,protein_binding,1
coordinates_both,0.22537087679170256,0.6739659472902192,1.713397158622042,44,1.3089679746357594,15,protein_binding,1
covariance,0.191438135262055,0.5588994354129897,1.15769214832589,44,1.075961034761896,15,protein_binding,1
distance,0.19026946375727044,0.5596042691441596,1.009868378679537,44,1.0049220759240673,15,protein_binding,1
summary,0.19986542597495796,0.5804733447851324,1.0054621980124663,44,1.0027273797062022,15,protein_binding,1
both,0.20336374724781392,0.5892920520445256,0.9247888064573592,44,0.9616594025211624,15,protein_binding,3
coordinates_both,0.24003032183491763,0.7264307129908855,1.6223849374727286,44,1.2737287534921744,15,protein_binding,3
covariance,0.20030316991095204,0.5830414032636458,0.9530916056354687,44,0.9762641064975546,15,protein_binding,3
distance,0.2020623982718739,0.5875337150255993,0.8370809946359675,44,0.9149213051601583,15,protein_binding,3
summary,0.21089445210510524,0.6085415750519167,0.8713073558138315,44,0.9334384585037363,15,protein_binding,3
both,0.19798889015959578,0.57719449775569,0.9504237364665649,44,0.9748967824680543,15,protein_binding,6
coordinates_both,0.2392214646266231,0.7379683119157696,1.6574540357501002,44,1.2874214677991431,15,protein_binding,6
covariance,0.19605460859599588,0.574299179831081,0.9369505543661578,44,0.9679620624622423,15,protein_binding,6
distance,0.19800378085830195,0.5775504279777837,0.8654777699018229,44,0.9303105771202556,15,protein_binding,6
summary,0.20818538660032224,0.603839148610009,0.867599480950403,44,0.9314502031511953,15,protein_binding,6
both,0.23791761257112254,0.6817885213549877,1.075757582623838,79,1.0371873421054838,15,cellular_clearance,0
coordinates_both,0.25158442305589734,0.716747209704122,1.277104428215784,79,1.1300904513426278,15,cellular_clearance,0
covariance,0.23641215306671548,0.6776983601558569,0.9323862763375883,79,0.9656015101156317,15,cellular_clearance,0
distance,0.23064722695765955,0.6638870418240034,0.852139773194652,79,0.9231141712673747,15,cellular_clearance,0
summary,0.23803183190361785,0.6814143253686384,0.9421041418085777,79,0.9706204931942132,15,cellular_clearance,0
both,0.2399196408016294,0.6879884336849715,1.0804136281489094,79,1.0394294724265372,15,cellular_clearance,1
coordinates_both,0.25350961497602603,0.7251771398466842,1.219432089040547,79,1.104278990581885,15,cellular_clearance,1
covariance,0.23923217731864904,0.6852766700928387,0.961557269190446,79,0.9805902657024728,15,cellular_clearance,1
distance,0.23258311021254266,0.6693730678999172,0.8795810101965981,79,0.9378598030604564,15,cellular_clearance,1
summary,0.2408383510228954,0.6890968858466389,0.9577525328781081,79,0.9786483193047991,15,cellular_clearance,1
both,0.23955625020965665,0.6868695410067842,1.07023166126651,79,1.034520014918276,15,cellular_clearance,3
coordinates_both,0.25138356834040354,0.717045336312057,1.266881515024159,79,1.125558312582764,15,cellular_clearance,3
covariance,0.2368440086558821,0.6803157313286402,0.9225138725271751,79,0.9604758573369635,15,cellular_clearance,3
distance,0.23206767112428764,0.6684482711378376,0.8425519299966978,79,0.9179062751701275,15,cellular_clearance,3
summary,0.23889456479908336,0.6849896046356863,0.9351277832031567,79,0.9670200531546161,15,cellular_clearance,3
both,0.22660913419473866,0.6491942460187304,1.0713219557466171,76,1.035046837465154,15,cellular_clearance,6
coordinates_both,0.24597103009500015,0.6973119427307485,1.360017155262906,76,1.1661977342041554,15,cellular_clearance,6
covariance,0.22545228133303655,0.6460816408762882,0.9013802712435643,76,0.9494104861668446,15,cellular_clearance,6
distance,0.21931728577617238,0.6317955363375694,0.8195864969004608,76,0.9053101661311779,15,cellular_clearance,6
summary,0.2267126051199901,0.6488620893693404,0.9224381641750232,76,0.9604364446307851,15,cellular_clearance,6
both,0.18847398675662974,0.5549595339962731,1.8241689558641834,72,1.3506179903526323,15,permeability,0
coordinates_both,0.19717979226154844,0.576123745124254,1.40780690171327,72,1.1865103883714083,15,permeability,0
covariance,0.19272976615612558,0.5653498420909524,1.7486759965035708,72,1.3223751345603754,15,permeability,0
distance,0.19037921658291357,0.5596100482563807,1.9696365938271982,72,1.4034374207021838,15,permeability,0
summary,0.19070424847875553,0.5610407941429013,2.122376129134443,72,1.4568377154420609,15,permeability,0
both,0.1799384265274233,0.5362879460195769,1.8889857818429485,72,1.3744037914102785,15,permeability,1
coordinates_both,0.18950276933990695,0.5602739792073862,1.474565406878391,72,1.214316847811308,15,permeability,1
covariance,0.18523141012551242,0.5490060692377222,1.8414930961847322,72,1.35701624757581,15,permeability,1
distance,0.18118088873495966,0.5397790878111476,2.020117986208429,72,1.421308547152387,15,permeability,1
summary,0.18213779776848446,0.5429287728879084,2.1637034052595943,72,1.4709532301401,15,permeability,1
both,0.18960448633651436,0.5570485620066611,1.7708764561134862,72,1.3307428211767616,15,permeability,3
coordinates_both,0.19781827215192405,0.5765652495810798,1.3755494076766768,72,1.1728381847794165,15,permeability,3
covariance,0.1933630267608869,0.5661606797509315,1.692299113085364,72,1.3008839737214706,15,permeability,3
distance,0.1909317910678764,0.5601749365996143,1.9213526706967972,72,1.3861286631106065,15,permeability,3
summary,0.19061702081285808,0.5601727182714379,2.075041246833204,72,1.4405003460024588,15,permeability,3
both,0.19587904740595163,0.5715420939625813,1.812644629636115,72,1.3463449148105084,15,permeability,6
coordinates_both,0.2042183352928143,0.591532006584296,1.3733058905847424,72,1.1718813466323041,15,permeability,6
covariance,0.19959486158197742,0.5808827772842033,1.712235780240616,72,1.3085242757551792,15,permeability,6
distance,0.1990249699459046,0.5788761203583802,1.9674391245763685,72,1.4026543139977037,15,permeability,6
summary,0.19935792685492404,0.5800208912693576,2.1283837353105315,72,1.4588981236914835,15,permeability,6
both,0.20809952615376293,0.6019076212762982,1.815222898222823,54,1.3473020812805208,15,efflux,0
coordinates_both,0.21581098642257734,0.6224914797946232,2.4523283748929394,54,1.565991179698321,15,efflux,0
covariance,0.21098076158777254,0.6081691727543588,2.3370959472617434,54,1.528756340056107,15,efflux,0
distance,0.2138028059707715,0.6146840397787336,2.2232351781061634,54,1.4910517020231604,15,efflux,0
summary,0.21291015515341657,0.6125541607844525,2.218163791158022,54,1.4893501237647317,15,efflux,0
both,0.20151016567216398,0.5863178955579296,1.9745477727479568,54,1.4051860278084025,15,efflux,1
coordinates_both,0.20730309450116657,0.6020467220063088,2.4375166892165403,54,1.5612548444173169,15,efflux,1
covariance,0.20319173440155197,0.590052132674245,2.4132253689756107,54,1.5534559436867241,15,efflux,1
distance,0.2050624289025367,0.5937825092586672,2.2962233928106865,54,1.515329466753249,15,efflux,1
summary,0.2042973590939561,0.5920103274124233,2.3009959468579444,54,1.5169034072273502,15,efflux,1
both,0.21254625717918085,0.6130545593169282,1.7653698899673116,54,1.3286722281914798,15,efflux,3
coordinates_both,0.21799951460368416,0.6285114824162092,2.4485228602822198,54,1.5647756581319316,15,efflux,3
covariance,0.21408929025437864,0.6162640649633873,2.3076079641909777,54,1.5190812895269883,15,efflux,3
distance,0.21820380620477145,0.6256894430488994,2.1938996683486036,54,1.4811818485076718,15,efflux,3
summary,0.21705153175511055,0.622997757077185,2.187700992323395,54,1.4790878920210913,15,efflux,3
both,0.21024215560994397,0.6063504089540367,1.705751031953201,54,1.306044039055805,15,efflux,6
coordinates_both,0.22213035016288127,0.6369162349613512,2.470945575180057,54,1.5719241633043424,15,efflux,6
covariance,0.21566126010738704,0.6181913206254444,2.290454508618641,54,1.5134247614660734,15,efflux,6
distance,0.2181421828050064,0.6245801670286343,2.1795824731591997,54,1.476340906823082,15,efflux,6
summary,0.21738157461118296,0.6226543978637489,2.165794434292726,54,1.4716638319578035,15,efflux,6
