endpoint,cutoff,top_k,dimension,baseline,augmented,improvement,low,high,pools,groups
all,3,1,2,2.6453548352971707,2.7501553202871865,-0.10480048499001571,-0.14863611759499687,-0.056052141584359755,4625,1724
microsomal_clearance,3,1,2,2.5192027002371833,2.571109286626528,-0.051906586389344866,-0.0993574465531844,-0.009058460806499512,1827,877
in_vivo_clearance,3,1,2,2.522501551831161,2.61731843575419,-0.09481688392302923,-0.21733878085081532,0.04909096227867601,537,391
protein_binding,3,1,2,2.0543560606060605,2.121117424242424,-0.06676136363636376,-0.1436701896558238,-0.027804382204668736,880,344
cellular_clearance,3,1,2,2.6841603053435112,2.7964376590330793,-0.11227735368956804,-0.22981751149533886,0.04474707321334977,524,220
permeability,3,1,2,3.229005167958657,3.3204134366925064,-0.09140826873384933,-0.19466179622375385,0.0257785526727296,516,369
efflux,3,1,2,2.8629032258064515,3.074535679374389,-0.2116324535679377,-0.3817095051306756,-0.05355328106852494,341,247
all,3,1,4,2.6453548352971707,2.767448524556789,-0.12209368925961828,-0.17377202485186014,-0.07189614506495978,4625,1724
microsomal_clearance,3,1,4,2.5192027002371833,2.584108739281153,-0.06490603904396952,-0.11476061189934025,-0.01617427104981422,1827,877
in_vivo_clearance,3,1,4,2.522501551831161,2.591247672253259,-0.06874612042209804,-0.18638538834594753,0.07186915862750586,537,391
protein_binding,3,1,4,2.0543560606060605,2.1196969696969696,-0.06534090909090917,-0.16868265231882487,-0.014135538260723803,880,344
cellular_clearance,3,1,4,2.6841603053435112,2.8730916030534353,-0.188931297709924,-0.32234116587522504,-0.0004751461988304,524,220
permeability,3,1,4,3.229005167958657,3.3422157622739017,-0.1132105943152446,-0.23854667884664085,0.023424584997933602,516,369
efflux,3,1,4,2.8629032258064515,3.094330400782013,-0.23142717497556164,-0.44734021094585397,-0.05898737227684593,341,247
all,3,1,8,2.6453548352971707,2.768262736217863,-0.12290790092069237,-0.1803726680383709,-0.07055967963210592,4625,1724
microsomal_clearance,3,1,8,2.5192027002371833,2.62634555738004,-0.10714285714285676,-0.17098155370885768,-0.04761875892861525,1827,877
in_vivo_clearance,3,1,8,2.522501551831161,2.602110490378647,-0.0796089385474863,-0.21486265393201795,0.06770968497693194,537,391
protein_binding,3,1,8,2.0543560606060605,2.1608901515151517,-0.10653409090909127,-0.22382324947154394,-0.05003011131209946,880,344
cellular_clearance,3,1,8,2.6841603053435112,2.8140903307888046,-0.1299300254452933,-0.28121299171842645,0.05311139724537464,524,220
permeability,3,1,8,3.229005167958657,3.30765503875969,-0.07864987080103303,-0.20601671778955524,0.06854903736857057,516,369
efflux,3,1,8,2.8629032258064515,3.098484848484849,-0.23558162267839755,-0.42831636439694487,-0.0603690758780854,341,247
all,3,1,16,2.6453548352971707,2.78107230559277,-0.13571747029559944,-0.1994543344588765,-0.0811446219439001,4625,1724
microsomal_clearance,3,1,16,2.5192027002371833,2.6299489144316732,-0.11074621419448993,-0.1745373323596898,-0.0437157409339111,1827,877
in_vivo_clearance,3,1,16,2.522501551831161,2.5870577281191807,-0.0645561762880198,-0.1875029315197,0.09116678740705803,537,391
protein_binding,3,1,16,2.0543560606060605,2.1724431818181817,-0.11808712121212128,-0.24885215329951418,-0.05325453930215241,880,344
cellular_clearance,3,1,16,2.6841603053435112,2.8067748091603053,-0.12261450381679406,-0.260097934545013,0.043347170058637356,524,220
permeability,3,1,16,3.229005167958657,3.362887596899225,-0.1338824289405678,-0.28664415380217284,0.03368337837351733,516,369
efflux,3,1,16,2.8629032258064515,3.127321603128055,-0.26441837732160334,-0.4930066962668571,-0.07438344006166518,341,247
all,3,1,-2,2.6453548352971707,2.7148056639684977,-0.0694508286713269,-0.11403017391884845,-0.022869016228890076,4625,1724
microsomal_clearance,3,1,-2,2.5192027002371833,2.5595238095238093,-0.04032110928662602,-0.08203964777020308,0.0007754253427319234,1827,877
in_vivo_clearance,3,1,-2,2.522501551831161,2.599937926753569,-0.07743637492240829,-0.2060947498121505,0.07682242764314888,537,391
protein_binding,3,1,-2,2.0543560606060605,2.0576704545454545,-0.0033143939393940336,-0.005985157084496746,0.0,880,344
cellular_clearance,3,1,-2,2.6841603053435112,2.6841603053435112,0.0,0.0,0.0,524,220
permeability,3,1,-2,3.229005167958657,3.310562015503876,-0.08155684754521886,-0.21494042797020407,0.0381462731395077,516,369
efflux,3,1,-2,2.8629032258064515,3.0769794721407626,-0.2140762463343111,-0.4148199777968411,-0.04765734630805214,341,247
all,3,2,2,1.8314478860943908,1.8914914541009942,-0.060043568006603376,-0.09207026549157514,-0.026073319992208847,4625,1724
microsomal_clearance,3,2,2,1.830140485312899,1.8391716839992704,-0.009031198686371367,-0.045115807756138236,0.02873058348347981,1827,877
in_vivo_clearance,3,2,2,1.7122905027932962,1.7094972067039107,0.0027932960893854997,-0.09589055963375162,0.10244008922166424,537,391
protein_binding,3,2,2,1.4247159090909092,1.481155303030303,-0.0564393939393939,-0.12648661822966323,-0.02035705651635808,880,344
cellular_clearance,3,2,2,1.838740458015267,1.9502226463104326,-0.11148218829516554,-0.19372038188394322,0.017674606788437016,524,220
permeability,3,2,2,2.1661821705426356,2.262596899224806,-0.09641472868217038,-0.17924241051656803,-0.0003627232142856823,516,369
efflux,3,2,2,2.0166177908113396,2.1063049853372435,-0.0896871945259039,-0.2089995577898803,0.02121902376458067,341,247
all,3,2,4,1.8314478860943908,1.9115747758812385,-0.08012688978684768,-0.11723524253800112,-0.04291258057251876,4625,1724
microsomal_clearance,3,2,4,1.830140485312899,1.835568326947637,-0.005427841634737973,-0.045446942562305914,0.04129391369153042,1827,877
in_vivo_clearance,3,2,4,1.7122905027932962,1.7278088144009933,-0.015518311607697122,-0.11449398737227692,0.07534897837225968,537,391
protein_binding,3,2,4,1.4247159090909092,1.4673295454545454,-0.04261363636363624,-0.12533319621554917,0.0009167371915298888,880,344
cellular_clearance,3,2,4,1.838740458015267,2.000477099236641,-0.1617366412213741,-0.25031405462482176,-0.03381041930495351,524,220
permeability,3,2,4,2.1661821705426356,2.2764857881136953,-0.11030361757105966,-0.21129703354101934,0.008665737536844855,516,369
efflux,3,2,4,2.0166177908113396,2.16177908113392,-0.14516129032258052,-0.30144311618044883,-0.007495646958675041,341,247
all,3,2,8,1.8314478860943908,1.8963232564387607,-0.06487537034436985,-0.10437065642905523,-0.02453933867856437,4625,1724
microsomal_clearance,3,2,8,1.830140485312899,1.838441890166028,-0.008301404853128913,-0.055627497023156704,0.04283673449149295,1827,877
in_vivo_clearance,3,2,8,1.7122905027932962,1.7138423339540656,-0.0015518311607694013,-0.09119971542929027,0.09212835002484975,537,391
protein_binding,3,2,8,1.4247159090909092,1.4872159090909092,-0.0625,-0.14906047930898916,-0.016853680263478242,880,344
cellular_clearance,3,2,8,1.838740458015267,1.975826972010178,-0.1370865139949109,-0.241210031819138,0.0010602028220905938,524,220
permeability,3,2,8,2.1661821705426356,2.236757105943153,-0.07057493540051718,-0.18720668149516567,0.0703796202264611,516,369
efflux,3,2,8,2.0166177908113396,2.125855327468231,-0.10923753665689118,-0.26242179380684705,0.02695287659447133,341,247
all,3,2,16,1.8314478860943908,1.9082692228667482,-0.07682133677235736,-0.1265834128567255,-0.03553134931856161,4625,1724
microsomal_clearance,3,2,16,1.830140485312899,1.8562306148513044,-0.026090129538405282,-0.07689902599524227,0.033654770451916574,1827,877
in_vivo_clearance,3,2,16,1.7122905027932962,1.7102731222842955,0.002017380509000688,-0.09502463054187188,0.096648162569201,537,391
protein_binding,3,2,16,1.4247159090909092,1.4885416666666667,-0.06382575757575748,-0.15833369191049915,-0.014638060089792754,880,344
cellular_clearance,3,2,16,1.838740458015267,1.9904580152671756,-0.1517175572519085,-0.25560374075775066,-0.02825159143518519,524,220
permeability,3,2,16,2.1661821705426356,2.251130490956072,-0.08494832041343647,-0.21058864949924874,0.04427806288693389,516,369
efflux,3,2,16,2.0166177908113396,2.152981427174976,-0.13636363636363624,-0.31654489813388115,0.016485507246376832,341,247
all,3,2,-2,1.8314478860943908,1.8534846101616156,-0.02203672406722479,-0.06072408412233584,0.011447171080246276,4625,1724
microsomal_clearance,3,2,-2,1.830140485312899,1.829273855135924,0.0008666301769750806,-0.03236954188890776,0.037284799654978926,1827,877
in_vivo_clearance,3,2,-2,1.7122905027932962,1.7119801365611422,0.0003103662321539691,-0.10566804275473632,0.09978646491871444,537,391
protein_binding,3,2,-2,1.4247159090909092,1.4176136363636365,0.007102272727272707,0.0,0.0129760031966184,880,344
cellular_clearance,3,2,-2,1.838740458015267,1.838740458015267,0.0,0.0,0.0,524,220
permeability,3,2,-2,2.1661821705426356,2.2238372093023258,-0.057655038759690136,-0.1616366908292189,0.03826641438565948,516,369
efflux,3,2,-2,2.0166177908113396,2.099462365591398,-0.08284457478005836,-0.23508293449699696,0.05043711251651565,341,247
all,3,3,2,1.1517589636272092,1.1980440935803023,-0.046285129953093085,-0.07233115068929039,-0.016107288364925292,4625,1724
microsomal_clearance,3,3,2,1.1796661193212918,1.166621054552089,0.013045064769202863,-0.016930314972526925,0.043497938133806965,1827,877
in_vivo_clearance,3,3,2,0.9027001862197392,0.9062693978895097,-0.0035692116697704224,-0.08752083333333334,0.07502318415699415,537,391
protein_binding,3,3,2,0.7711174242424242,0.8024621212121211,-0.031344696969696884,-0.06636318147992766,-0.011388469425801634,880,344
cellular_clearance,3,3,2,1.2131043256997456,1.2994592875318067,-0.08635496183206115,-0.15801504697881036,0.03405418788907754,524,220
permeability,3,3,2,1.4673772609819122,1.5356912144702841,-0.06831395348837188,-0.14226306810459166,0.014995335491413617,516,369
efflux,3,3,2,1.3765884652981426,1.4777614858260018,-0.10117302052785915,-0.21425251725610192,-0.008380064960700536,341,247
all,3,3,4,1.1517589636272092,1.2160069315384983,-0.06424796791128906,-0.0934721734121321,-0.03329792356243426,4625,1724
microsomal_clearance,3,3,4,1.1796661193212918,1.172687465790914,0.006978653530377743,-0.026119424545544116,0.04505164355274825,1827,877
in_vivo_clearance,3,3,4,0.9027001862197392,0.9059590316573557,-0.0032588454376164533,-0.0863459740621395,0.07312326559185758,537,391
protein_binding,3,3,4,0.7711174242424242,0.8019886363636364,-0.030871212121212133,-0.06765501471369126,-0.009000546351051453,880,344
cellular_clearance,3,3,4,1.2131043256997456,1.3463740458015268,-0.13326972010178118,-0.20395384831081276,-0.028441961618164934,524,220
permeability,3,3,4,1.4673772609819122,1.5607235142118865,-0.09334625322997425,-0.17880139288674793,0.0033029381965552487,516,369
efflux,3,3,4,1.3765884652981426,1.5083088954056694,-0.13172043010752676,-0.25707804812423135,-0.030468617305453357,341,247
all,3,3,8,1.1517589636272092,1.2077227324243331,-0.05596376879712395,-0.08752782674371667,-0.022137372207214817,4625,1724
microsomal_clearance,3,3,8,1.1796661193212918,1.1703156358328772,0.009350483488414607,-0.03351475010480028,0.04979717581846877,1827,877
in_vivo_clearance,3,3,8,0.9027001862197392,0.9013035381750466,0.0013966480446926388,-0.06893626765883507,0.0815112165010539,537,391
protein_binding,3,3,8,0.7711174242424242,0.803030303030303,-0.03191287878787874,-0.07625165374694182,-0.006850217369839455,880,344
cellular_clearance,3,3,8,1.2131043256997456,1.3198155216284986,-0.106711195928753,-0.19293829097775053,0.011675616826990757,524,220
permeability,3,3,8,1.4673772609819122,1.5298772609819122,-0.0625,-0.16018996618498513,0.0480446680790961,516,369
efflux,3,3,8,1.3765884652981426,1.5219941348973607,-0.14540566959921808,-0.27612616144018587,-0.04344377248125142,341,247
all,3,3,16,1.1517589636272092,1.2164225595807865,-0.06466359595357729,-0.10630362190028053,-0.027421524228735426,4625,1724
microsomal_clearance,3,3,16,1.1796661193212918,1.173690932311622,0.005975187009669813,-0.029125893263856464,0.04698698960192388,1827,877
in_vivo_clearance,3,3,16,0.9027001862197392,0.9135630043451273,-0.01086281812538803,-0.0890457126896937,0.07717101813234101,537,391
protein_binding,3,3,16,0.7711174242424242,0.8033143939393941,-0.032196969696969835,-0.09373310475054662,-0.0005524081931710203,880,344
cellular_clearance,3,3,16,1.2131043256997456,1.3241094147582697,-0.11100508905852413,-0.20125046380246206,0.006453521126760571,524,220
permeability,3,3,16,1.4673772609819122,1.5237403100775193,-0.056363049095607076,-0.16443591057386656,0.05257965280079548,516,369
efflux,3,3,16,1.3765884652981426,1.5601173020527859,-0.18352883675464327,-0.360831901489118,-0.04819236052409121,341,247
all,3,3,-2,1.1517589636272092,1.1788200414692938,-0.027061077842084558,-0.05724887951106907,-8.332019518501046e-05,4625,1724
microsomal_clearance,3,3,-2,1.1796661193212918,1.1612844371465063,0.01838168217478553,-0.008724757432446344,0.04413132076760656,1827,877
in_vivo_clearance,3,3,-2,0.9027001862197392,0.9216325263811298,-0.01893234016139056,-0.102824297188755,0.07437951501183351,537,391
protein_binding,3,3,-2,0.7711174242424242,0.7719696969696969,-0.0008522727272726183,-0.0015327760134286827,0.0,880,344
cellular_clearance,3,3,-2,1.2131043256997456,1.2131043256997456,0.0,0.0,0.0,524,220
permeability,3,3,-2,1.4673772609819122,1.5322997416020674,-0.06492248062015515,-0.15004465426017152,0.014377624379692132,516,369
efflux,3,3,-2,1.3765884652981426,1.472629521016618,-0.09604105571847543,-0.22101866933968173,0.002425878985068623,341,247
all,3,4,2,0.8069441059619287,0.8490869113954936,-0.04214280543356497,-0.06659346850673793,-0.019602611571723976,4625,1724
microsomal_clearance,3,4,2,0.8894362342638205,0.8821382959313995,0.0072979383324209834,-0.017116112686966185,0.03156242917116878,1827,877
in_vivo_clearance,3,4,2,0.5611421477343266,0.558969584109249,0.0021725636250775615,-0.07233131257881702,0.0660454333248451,537,391
protein_binding,3,4,2,0.4870265151515152,0.5,-0.012973484848484818,-0.03533050185510643,0.0006375402063827999,880,344
cellular_clearance,3,4,2,0.853530534351145,0.9402035623409668,-0.0866730279898218,-0.1318942901234568,-0.026040706900081905,524,220
permeability,3,4,2,1.0805878552971577,1.135497416020672,-0.05490956072351416,-0.11996760935232505,0.018822393822393813,516,369
efflux,3,4,2,0.9699413489736071,1.0777126099706744,-0.10777126099706735,-0.20600648115484912,-0.02888120128065909,341,247
all,3,4,4,0.8069441059619287,0.8602102307757487,-0.05326612481381998,-0.07934678961484992,-0.028352276036833806,4625,1724
microsomal_clearance,3,4,4,0.8894362342638205,0.8780788177339901,0.011357416529830355,-0.01305594096143044,0.03806279045309702,1827,877
in_vivo_clearance,3,4,4,0.5611421477343266,0.5572625698324022,0.0038795779019243914,-0.06923025446381643,0.07154397403492647,537,391
protein_binding,3,4,4,0.4870265151515152,0.5,-0.012973484848484818,-0.04166854354354355,0.0024955304458811195,880,344
cellular_clearance,3,4,4,0.853530534351145,0.9909351145038168,-0.13740458015267176,-0.19616071428571427,-0.07391140820417134,524,220
permeability,3,4,4,1.0805878552971577,1.1511627906976745,-0.07057493540051674,-0.14809653129917816,0.016609074480774536,516,369
efflux,3,4,4,0.9699413489736071,1.0838220918866082,-0.1138807429130011,-0.2236053020121957,-0.024486562183150783,341,247
all,3,4,8,0.8069441059619287,0.8476993346530027,-0.040755228691074064,-0.06747142231137623,-0.014807486693587337,4625,1724
microsomal_clearance,3,4,8,0.8894362342638205,0.8772577996715928,0.012178434592227672,-0.016833980055390614,0.04140320653829093,1827,877
in_vivo_clearance,3,4,8,0.5611421477343266,0.5495034140285536,0.011638733705772952,-0.04868917380566488,0.07915737006861195,537,391
protein_binding,3,4,8,0.4870265151515152,0.49886363636363634,-0.01183712121212116,-0.04840948077714065,0.007149054428893422,880,344
cellular_clearance,3,4,8,0.853530534351145,0.9556297709923665,-0.10209923664122145,-0.16507699063231848,-0.033251125177603646,524,220
permeability,3,4,8,1.0805878552971577,1.1401808785529717,-0.05959302325581395,-0.14628069502805657,0.04262500495163796,516,369
efflux,3,4,8,0.9699413489736071,1.0647605083088953,-0.09481915933528828,-0.19821653731982172,-0.014689414508493448,341,247
all,3,4,16,0.8069441059619287,0.8575797043436933,-0.05063559838176468,-0.08550204530397501,-0.022849642743614028,4625,1724
microsomal_clearance,3,4,16,0.8894362342638205,0.8805874840357599,0.008848750228060531,-0.018867856794535537,0.03976063578911297,1827,877
in_vivo_clearance,3,4,16,0.5611421477343266,0.5567970204841713,0.004345127250155234,-0.0690289152619057,0.07383828314190238,537,391
protein_binding,3,4,16,0.4870265151515152,0.5005681818181819,-0.013541666666666674,-0.06395407733279394,0.011173184357541902,880,344
cellular_clearance,3,4,16,0.853530534351145,0.9696246819338421,-0.1160941475826971,-0.19161988163787586,-0.04795118328714801,524,220
permeability,3,4,16,1.0805878552971577,1.1345284237726097,-0.05394056847545192,-0.15136931292017514,0.04948267850968189,516,369
efflux,3,4,16,0.9699413489736071,1.1033724340175952,-0.13343108504398815,-0.26788534839975603,-0.03262439218645203,341,247
all,3,4,-2,0.8069441059619287,0.825214751071957,-0.018270645110028294,-0.04462274553471606,0.003211030423716988,4625,1724
microsomal_clearance,3,4,-2,0.8894362342638205,0.8794015690567414,0.010034665207079074,-0.012757604366163003,0.032393577701295424,1827,877
in_vivo_clearance,3,4,-2,0.5611421477343266,0.5626939788950962,-0.0015518311607696234,-0.07704106436428583,0.06861149961283466,537,391
protein_binding,3,4,-2,0.4870265151515152,0.481344696969697,0.005681818181818177,0.0,0.01033093473924195,880,344
cellular_clearance,3,4,-2,0.853530534351145,0.853530534351145,0.0,0.0,0.0,524,220
permeability,3,4,-2,1.0805878552971577,1.130329457364341,-0.049741602067183255,-0.13091585828086857,0.023661604890151868,516,369
efflux,3,4,-2,0.9699413489736071,1.0439882697947214,-0.0740469208211143,-0.17609710067801956,0.004513827879054107,341,247
all,15,1,2,6.324788538370837,6.551460328323675,-0.22667178995283876,-0.5830820360263025,0.2136734572799559,580,283
microsomal_clearance,15,1,2,5.146570203644159,5.280546623794212,-0.13397642015005307,-0.34338352833140595,0.0601302360384131,311,176
in_vivo_clearance,15,1,2,9.458333333333334,9.054166666666667,0.4041666666666668,-1.246130952380952,2.8427398989899,20,15
protein_binding,15,1,2,4.84469696969697,5.208333333333334,-0.3636363636363642,-1.0067961711711713,0.029483454014227646,44,27
cellular_clearance,15,1,2,5.2668776371308015,5.834388185654008,-0.5675105485232068,-1.2035860655737705,0.20946368679050595,79,52
permeability,15,1,2,7.93287037037037,7.909722222222222,0.023148148148147918,-0.5986658230633802,0.7442109647130095,72,61
efflux,15,1,2,5.299382716049382,6.021604938271604,-0.7222222222222223,-1.517837548507962,0.0038969942957436687,54,49
all,15,1,4,6.324788538370837,6.522783732152104,-0.19799519378126718,-0.5603993064938024,0.30294365537155815,580,283
microsomal_clearance,15,1,4,5.146570203644159,5.364147909967846,-0.217577706323687,-0.4422927765093861,0.005725860488080171,311,176
in_vivo_clearance,15,1,4,9.458333333333334,8.412500000000001,1.0458333333333325,-0.6214804292929292,3.6833630952380956,20,15
protein_binding,15,1,4,4.84469696969697,5.232954545454546,-0.38825757575757613,-1.1702473958333335,0.12343750000000016,44,27
cellular_clearance,15,1,4,5.2668776371308015,6.137130801687763,-0.8702531645569618,-1.5708943965517241,0.04849880699894027,79,52
permeability,15,1,4,7.93287037037037,7.94675925925926,-0.013888888888890172,-0.722653160479653,0.8171755268199237,72,61
efflux,15,1,4,5.299382716049382,6.0432098765432105,-0.7438271604938285,-1.6750320512820513,0.05393407362945192,54,49
all,15,1,8,6.324788538370837,6.732824686312568,-0.40803614794173093,-0.8495640933695576,0.14133562996878124,580,283
microsomal_clearance,15,1,8,5.146570203644159,5.509646302250804,-0.363076098606645,-0.6840426664108028,-0.04959227709029776,311,176
in_vivo_clearance,15,1,8,9.458333333333334,9.025000000000002,0.4333333333333318,-1.6515963203463204,3.242474747474748,20,15
protein_binding,15,1,8,4.84469696969697,5.626893939393939,-0.7821969696969688,-1.6250548245614038,-0.2319273819273817,44,27
cellular_clearance,15,1,8,5.2668776371308015,6.138185654008439,-0.8713080168776379,-1.6092324443247126,0.05273922068827556,79,52
permeability,15,1,8,7.93287037037037,8.018518518518517,-0.08564814814814703,-0.8240010987913295,0.7841418006596582,72,61
efflux,15,1,8,5.299382716049382,6.078703703703703,-0.7793209876543212,-1.6683359929078012,0.0442775974025977,54,49
all,15,1,16,6.324788538370837,6.748201573884232,-0.42341303551339493,-0.8412650884983542,0.09338383102321958,580,283
microsomal_clearance,15,1,16,5.146570203644159,5.613076098606646,-0.46650589496248696,-0.7847243394308943,-0.1016199548136001,311,176
in_vivo_clearance,15,1,16,9.458333333333334,8.870833333333332,0.5875000000000021,-1.1296626984126983,3.29201388888889,20,15
protein_binding,15,1,16,4.84469696969697,5.674242424242425,-0.829545454545455,-1.9068763616557742,-0.15361421130952377,44,27
cellular_clearance,15,1,16,5.2668776371308015,6.1265822784810124,-0.859704641350211,-1.623345238095238,-0.005303209993674475,79,52
permeability,15,1,16,7.93287037037037,8.081018518518519,-0.1481481481481488,-1.0608231188287367,0.8569951923076926,72,61
efflux,15,1,16,5.299382716049382,6.123456790123455,-0.8240740740740726,-1.8218713347407927,0.1029944586530266,54,49
all,15,1,-2,6.324788538370837,6.3495667855923665,-0.02477824722152988,-0.3873699885600751,0.47432000501390614,580,283
microsomal_clearance,15,1,-2,5.146570203644159,5.262593783494104,-0.11602357984994516,-0.2892029969637108,0.06266297265211111,311,176
in_vivo_clearance,15,1,-2,9.458333333333334,8.691666666666666,0.7666666666666675,-1.06159755770263,3.5278645833333337,20,15
protein_binding,15,1,-2,4.84469696969697,4.848484848484848,-0.0037878787878780074,-0.008474576271186411,0.0,44,27
cellular_clearance,15,1,-2,5.2668776371308015,5.2668776371308015,0.0,0.0,0.0,79,52
permeability,15,1,-2,7.93287037037037,7.842592592592592,0.09027777777777857,-0.6294852543290042,0.8547050715143576,72,61
efflux,15,1,-2,5.299382716049382,6.185185185185185,-0.8858024691358031,-1.7241038548348775,-0.14022512371862855,54,49
all,15,2,2,4.255439999108765,4.38626302685572,-0.1308230277469553,-0.5006846489667015,0.17094225512154762,580,283
microsomal_clearance,15,2,2,3.765541264737406,3.6768488745980705,0.0886923901393355,-0.07535496189087026,0.2657464434420543,311,176
in_vivo_clearance,15,2,2,5.916666666666666,5.570833333333334,0.3458333333333323,-1.558660714285714,2.0353009259259265,20,15
protein_binding,15,2,2,3.028409090909091,3.1931818181818183,-0.16477272727272751,-0.8698606004901961,0.3100958516656191,44,27
cellular_clearance,15,2,2,3.4377637130801686,3.8871308016877633,-0.44936708860759467,-0.8571565934065933,-0.029109543010752505,79,52
permeability,15,2,2,5.384259259259259,5.563657407407407,-0.1793981481481488,-0.6574270244821094,0.3412606900378641,72,61
efflux,15,2,2,4.0,4.4259259259259265,-0.4259259259259265,-1.0470281862745097,0.21047087585034022,54,49
all,15,2,4,4.255439999108765,4.492240823643992,-0.23680082453522733,-0.62654175541687,0.10003247280735911,580,283
microsomal_clearance,15,2,4,3.765541264737406,3.6626473740621655,0.10289389067524057,-0.07574552266081866,0.3246605670213223,311,176
in_vivo_clearance,15,2,4,5.916666666666666,5.654166666666667,0.2624999999999993,-1.8031628787878788,1.912604166666667,20,15
protein_binding,15,2,4,3.028409090909091,3.2537878787878793,-0.2253787878787885,-0.9801354166666667,0.2828050754335948,44,27
cellular_clearance,15,2,4,3.4377637130801686,4.244725738396625,-0.806962025316456,-1.2477488722011334,-0.3508684906711224,79,52
permeability,15,2,4,5.384259259259259,5.622685185185186,-0.23842592592592737,-0.8664930555555553,0.4338299312262218,72,61
efflux,15,2,4,4.0,4.515432098765432,-0.515432098765432,-1.2972569444444442,0.277893518518519,54,49
all,15,2,8,4.255439999108765,4.461638134660781,-0.20619813555201638,-0.5518503246038622,0.16023743009441374,580,283
microsomal_clearance,15,2,8,3.765541264737406,3.6519292604501614,0.1136120042872446,-0.11886829960219254,0.39271395541479365,311,176
in_vivo_clearance,15,2,8,5.916666666666666,5.658333333333333,0.25833333333333286,-1.4848800505050503,2.00014880952381,20,15
protein_binding,15,2,8,3.028409090909091,3.276515151515152,-0.248106060606061,-1.0859557291666666,0.31214511846405246,44,27
cellular_clearance,15,2,8,3.4377637130801686,4.168776371308017,-0.731012658227848,-1.2889448051948051,-0.2261607142857141,79,52
permeability,15,2,8,5.384259259259259,5.498842592592592,-0.11458333333333304,-0.8742556536866047,0.6881323313782992,72,61
efflux,15,2,8,4.0,4.515432098765432,-0.515432098765432,-1.3126257183908046,0.2487503815628818,54,49
all,15,2,16,4.255439999108765,4.527979832801981,-0.27253983369321677,-0.7281199596011761,0.09317781557376938,580,283
microsomal_clearance,15,2,16,3.765541264737406,3.732315112540192,0.03322615219721392,-0.22224901088031648,0.3439974507735587,311,176
in_vivo_clearance,15,2,16,5.916666666666666,5.520833333333333,0.39583333333333304,-1.6765231092436976,2.0088651315789474,20,15
protein_binding,15,2,16,3.028409090909091,3.285984848484848,-0.25757575757575735,-1.0962673611111111,0.2998367752466116,44,27
cellular_clearance,15,2,16,3.4377637130801686,4.302742616033755,-0.8649789029535864,-1.4650676309950503,-0.349752170605084,79,52
permeability,15,2,16,5.384259259259259,5.572916666666667,-0.18865740740740833,-0.9764436744847192,0.6378114787581701,72,61
efflux,15,2,16,4.0,4.753086419753087,-0.7530864197530871,-1.6931792622582096,0.1704755892255893,54,49
all,15,2,-2,4.255439999108765,4.208919634392171,0.04652036471659393,-0.36437957251563063,0.37198830347645,580,283
microsomal_clearance,15,2,-2,3.765541264737406,3.7068595927116825,0.0586816720257235,-0.07698266968465138,0.22916666666666666,311,176
in_vivo_clearance,15,2,-2,5.916666666666666,5.3583333333333325,0.5583333333333336,-1.5654761904761902,2.238612155388473,20,15
protein_binding,15,2,-2,3.028409090909091,2.8030303030303028,0.22537878787878807,0.0,0.4958333333333333,44,27
cellular_clearance,15,2,-2,3.4377637130801686,3.4377637130801686,0.0,0.0,0.0,79,52
permeability,15,2,-2,5.384259259259259,5.37962962962963,0.004629629629628873,-0.5773295259361044,0.5491115196078435,72,61
efflux,15,2,-2,4.0,4.567901234567901,-0.5679012345679011,-1.331800314465409,0.17176488095238115,54,49
all,15,3,2,3.406810177331874,3.433063935786441,-0.02625375845456679,-0.3307596545488701,0.2800473741478687,580,283
microsomal_clearance,15,3,2,3.046891747052519,2.872990353697749,0.17390139335476995,0.03293605307735738,0.3221772541610107,311,176
in_vivo_clearance,15,3,2,4.383333333333334,4.054166666666667,0.3291666666666666,-1.3003125,1.9012834821428581,20,15
protein_binding,15,3,2,2.3030303030303028,2.2632575757575757,0.03977272727272707,-0.41666666666666663,0.3534052144249514,44,27
cellular_clearance,15,3,2,3.1424050632911387,3.40295358649789,-0.26054852320675126,-0.6676638031450204,0.18139904610492844,79,52
permeability,15,3,2,4.262731481481481,4.336805555555555,-0.0740740740740744,-0.5311150184711565,0.4255244755244756,72,61
efflux,15,3,2,3.302469135802469,3.66820987654321,-0.3657407407407409,-0.9185850966562175,0.1799207841031153,54,49
all,15,3,4,3.406810177331874,3.4817535163399955,-0.07494333900812133,-0.3748041477898453,0.26608521577534866,580,283
microsomal_clearance,15,3,4,3.046891747052519,2.889603429796356,0.157288317256163,-0.0023023675762439957,0.34069899186089525,311,176
in_vivo_clearance,15,3,4,4.383333333333334,3.895833333333333,0.4875000000000007,-1.2011642156862743,2.089756944444444,20,15
protein_binding,15,3,4,2.3030303030303028,2.2613636363636362,0.04166666666666652,-0.39447916666666677,0.3689513229795805,44,27
cellular_clearance,15,3,4,3.1424050632911387,3.7383966244725735,-0.5959915611814348,-1.0596049783549784,-0.08438852813852804,79,52
permeability,15,3,4,4.262731481481481,4.424768518518519,-0.1620370370370381,-0.7350364583333333,0.45905661487758964,72,61
efflux,15,3,4,3.302469135802469,3.6805555555555554,-0.3780864197530862,-0.9504783244342739,0.18911637931034483,54,49
all,15,3,8,3.406810177331874,3.502408493385563,-0.09559831605368885,-0.38746556693715567,0.2848922894004649,580,283
microsomal_clearance,15,3,8,3.046891747052519,2.855573419078242,0.19131832797427695,-0.011362114942020048,0.3971544628616999,311,176
in_vivo_clearance,15,3,8,4.383333333333334,4.05,0.3333333333333339,-1.11125,2.015151515151515,20,15
protein_binding,15,3,8,2.3030303030303028,2.3162878787878785,-0.01325757575757569,-0.5379349046015713,0.3979564950980393,44,27
cellular_clearance,15,3,8,3.1424050632911387,3.65717299578059,-0.5147679324894514,-1.0066199813258636,0.01477355867720249,79,52
permeability,15,3,8,4.262731481481481,4.260416666666667,0.0023148148148139924,-0.681956644144144,0.7408420138888893,72,61
efflux,15,3,8,3.302469135802469,3.8749999999999996,-0.5725308641975304,-1.1716563018242123,-0.01470055413469737,54,49
all,15,3,16,3.406810177331874,3.6023467788470462,-0.19553660151517205,-0.5407250705275218,0.2356956986324396,580,283
microsomal_clearance,15,3,16,3.046891747052519,2.860128617363344,0.18676312968917497,0.017381880538514034,0.3815682243225694,311,176
in_vivo_clearance,15,3,16,4.383333333333334,4.2666666666666675,0.11666666666666625,-1.387195910973085,2.064393939393941,20,15
protein_binding,15,3,16,2.3030303030303028,2.359848484848485,-0.0568181818181821,-0.7563026094276094,0.44085841694537353,44,27
cellular_clearance,15,3,16,3.1424050632911387,3.728902953586497,-0.5864978902953584,-1.091841475095785,-0.0867017431972788,79,52
permeability,15,3,16,4.262731481481481,4.341435185185185,-0.07870370370370416,-0.7840858918128656,0.6552984344422703,72,61
efflux,15,3,16,3.302469135802469,4.057098765432099,-0.7546296296296298,-1.6059486269872552,0.06785647734048905,54,49
all,15,3,-2,3.406810177331874,3.3884561971946674,0.018353980137206793,-0.2745717405589299,0.3635293816640114,580,283
microsomal_clearance,15,3,-2,3.046891747052519,2.905412647374062,0.14147909967845695,0.016599365807687547,0.2700631950971179,311,176
in_vivo_clearance,15,3,-2,4.383333333333334,4.05,0.3333333333333339,-1.2499999999999998,2.319494047619048,20,15
protein_binding,15,3,-2,2.3030303030303028,2.172348484848485,0.1306818181818179,0.0,0.2875,44,27
cellular_clearance,15,3,-2,3.1424050632911387,3.1424050632911387,0.0,0.0,0.0,79,52
permeability,15,3,-2,4.262731481481481,4.304398148148148,-0.04166666666666696,-0.5555675287356321,0.4636509919733457,72,61
efflux,15,3,-2,3.302469135802469,3.7561728395061724,-0.4537037037037033,-1.044656729217111,0.1071582602339189,54,49
all,15,4,2,2.7678111405216277,2.846270068312157,-0.07845892779052921,-0.4368496338564264,0.18060309775291436,580,283
microsomal_clearance,15,4,2,2.654876741693462,2.5217041800643085,0.13317256162915347,0.0008838053533515271,0.26593912600859687,311,176
in_vivo_clearance,15,4,2,3.6083333333333334,3.3625,0.24583333333333357,-1.6666666666666665,1.6563616071428575,20,15
protein_binding,15,4,2,1.8863636363636365,1.7973484848484846,0.08901515151515182,-0.23611111111111113,0.3091828612209047,44,27
cellular_clearance,15,4,2,2.5464135021097047,2.842827004219409,-0.2964135021097043,-0.5484365768639962,-0.04435077519379817,79,52
permeability,15,4,2,3.517361111111111,3.650462962962963,-0.13310185185185164,-0.5335420447670902,0.29927502483854956,72,61
efflux,15,4,2,2.3935185185185186,2.9027777777777777,-0.5092592592592591,-1.036352657004831,-0.032734860248447226,54,49
all,15,4,4,2.7678111405216277,2.8917799235551165,-0.1239687830334888,-0.4704292207329107,0.16354247733206423,580,283
microsomal_clearance,15,4,4,2.654876741693462,2.5308145766345125,0.12406216505894951,-0.0025660059597785497,0.26282099942036746,311,176
in_vivo_clearance,15,4,4,3.6083333333333334,3.191666666666667,0.4166666666666665,-1.5697145061728395,1.9259722222222222,20,15
protein_binding,15,4,4,1.8863636363636365,1.7821969696969697,0.10416666666666674,-0.2670977011494253,0.37758039046798747,44,27
cellular_clearance,15,4,4,2.5464135021097047,3.210970464135021,-0.6645569620253164,-0.9874964326484018,-0.2973545744019879,79,52
permeability,15,4,4,3.517361111111111,3.69212962962963,-0.17476851851851904,-0.6727177465188969,0.36547385192945736,72,61
efflux,15,4,4,2.3935185185185186,2.942901234567901,-0.5493827160493825,-1.0941681600955793,-0.040907605466429,54,49
all,15,4,8,2.7678111405216277,2.8904163305693182,-0.12260519004769055,-0.410089237090287,0.16847692750708998,580,283
microsomal_clearance,15,4,8,2.654876741693462,2.5037513397642015,0.1511254019292605,-0.017438201666507662,0.31740160095078307,311,176
in_vivo_clearance,15,4,8,3.6083333333333334,3.4,0.20833333333333348,-1.3936586257309937,1.7225961538461552,20,15
protein_binding,15,4,8,1.8863636363636365,1.8200757575757576,0.0662878787878789,-0.431561397707231,0.41806089743589747,44,27
cellular_clearance,15,4,8,2.5464135021097047,3.077004219409282,-0.5305907172995772,-0.8639854321257093,-0.17493464052287555,79,52
permeability,15,4,8,3.517361111111111,3.6944444444444446,-0.17708333333333348,-0.8069328643390655,0.48739930955120836,72,61
efflux,15,4,8,2.3935185185185186,2.847222222222222,-0.4537037037037033,-0.9555316091954024,-0.016666666666666666,54,49
all,15,4,16,2.7678111405216277,2.941015555901665,-0.17320441538003717,-0.5673074896929465,0.14482119370208207,580,283
microsomal_clearance,15,4,16,2.654876741693462,2.514737406216506,0.140139335476956,-0.006722487382049556,0.30611724782757715,311,176
in_vivo_clearance,15,4,16,3.6083333333333334,3.3625,0.24583333333333357,-1.7052083333333334,1.7797991071428574,20,15
protein_binding,15,4,16,1.8863636363636365,1.9053030303030303,-0.01893939393939381,-0.7160173160173159,0.41148078304597707,44,27
cellular_clearance,15,4,16,2.5464135021097047,3.161392405063291,-0.6149789029535864,-0.9865289022912536,-0.2369014550264551,79,52
permeability,15,4,16,3.517361111111111,3.6944444444444446,-0.17708333333333348,-0.8169592752926083,0.5217620143723334,72,61
efflux,15,4,16,2.3935185185185186,3.0077160493827164,-0.6141975308641978,-1.3049954642916048,-0.021166983742649473,54,49
all,15,4,-2,2.7678111405216277,2.7431565433109832,0.024654597210644447,-0.3510679375012112,0.2984261666345441,580,283
microsomal_clearance,15,4,-2,2.654876741693462,2.553322615219721,0.10155412647374096,-0.017549782417098158,0.22722492425789761,311,176
in_vivo_clearance,15,4,-2,3.6083333333333334,3.2166666666666672,0.39166666666666616,-1.5899305555555554,1.9533782051282054,20,15
protein_binding,15,4,-2,1.8863636363636365,1.6988636363636365,0.1875,0.0,0.412630537974684,44,27
cellular_clearance,15,4,-2,2.5464135021097047,2.5464135021097047,0.0,0.0,0.0,79,52
permeability,15,4,-2,3.517361111111111,3.6087962962962967,-0.09143518518518556,-0.549131716008772,0.3525752314814815,72,61
efflux,15,4,-2,2.3935185185185186,2.834876543209876,-0.44135802469135754,-0.9572916666666667,0.018122083026283414,54,49
