endpoint,subset,cutoff,method,mode,pools,groups,mean_purchases,ci_lower,ci_upper,reduction_vs_random_percent
in_vivo_clearance,all_optima,3,Delta greedy,multitask,99,84,3.2222222222222223,2.4116161616161618,4.271089378852536,-9.684813753581656
in_vivo_clearance,all_optima,3,Delta greedy,single_task,99,84,3.202020202020202,2.3749690594059407,4.32620879120879,-8.997134670487084
in_vivo_clearance,all_optima,3,GP + EI,multitask,99,84,2.4823232323232323,2.046177124505929,3.0027999306518716,15.501432664756464
in_vivo_clearance,all_optima,3,GP + EI,single_task,99,84,2.6843434343434343,2.195510309526098,3.3043847615027433,8.624641833810909
in_vivo_clearance,all_optima,3,NAP,multitask,99,84,3.3055555555555562,2.523647628243216,4.229809354971762,-12.521489971346721
in_vivo_clearance,all_optima,3,NAP,single_task,99,84,3.244949494949495,2.5617901945724526,4.1015859374999994,-10.458452722063004
in_vivo_clearance,all_optima,3,Random,single_task,99,84,2.937710437710438,2.4074074074074074,3.6649851884226883,0.0
protein_binding,all_optima,3,Delta greedy,multitask,143,77,2.0996503496503496,1.756551334998079,2.510068814619989,34.37158469945355
protein_binding,all_optima,3,Delta greedy,single_task,143,77,2.243006993006993,1.8371895635946023,2.731920289855072,29.890710382513664
protein_binding,all_optima,3,GP + EI,multitask,143,77,2.770979020979021,2.338766654978962,3.266669776119403,13.387978142076506
protein_binding,all_optima,3,GP + EI,single_task,143,77,2.7884615384615383,2.3116839963833637,3.361111111111111,12.841530054644812
protein_binding,all_optima,3,NAP,multitask,143,77,3.232517482517483,2.534658671171171,4.155571095571096,-1.0382513661202353
protein_binding,all_optima,3,NAP,single_task,143,77,2.6165501165501164,2.1214927974755593,3.1897333502366463,18.214936247723134
protein_binding,all_optima,3,Random,single_task,143,77,3.199300699300699,2.6530169684690392,3.8870775398158517,0.0
cellular_clearance,all_optima,3,Delta greedy,multitask,93,49,3.8521505376344085,2.91117394114138,4.984562103489294,8.158033412615906
cellular_clearance,all_optima,3,Delta greedy,single_task,93,49,3.935483870967742,2.9940563725490197,5.023216940919904,6.171221853502917
cellular_clearance,all_optima,3,GP + EI,multitask,93,49,2.8655913978494625,2.353439388553146,3.433746829422955,31.67931864469543
cellular_clearance,all_optima,3,GP + EI,single_task,93,49,3.6451612903225805,2.94406121751026,4.43224941588785,13.093016962670745
cellular_clearance,all_optima,3,NAP,multitask,93,49,4.267921146953405,3.3721115266494945,5.223689748360801,-1.7546608177972711
cellular_clearance,all_optima,3,NAP,single_task,93,49,3.5681003584229396,2.8868972091383895,4.329572947214076,14.930283565721448
cellular_clearance,all_optima,3,Random,single_task,93,49,4.194324970131422,3.44808658392435,4.992792461924041,0.0
permeability,all_optima,3,Delta greedy,multitask,104,87,2.9711538461538463,2.481285504856148,3.5447445471787575,24.878444084278772
permeability,all_optima,3,Delta greedy,single_task,104,87,3.0216346153846154,2.538640268666042,3.5408746778350513,23.60210696920584
permeability,all_optima,3,GP + EI,multitask,104,87,3.360576923076923,2.8333333333333335,3.950025773195876,15.032414910859003
permeability,all_optima,3,GP + EI,single_task,104,87,3.1225961538461537,2.6893203883495147,3.5760039592760178,21.04943273905997
permeability,all_optima,3,NAP,multitask,104,87,3.6586538461538463,2.97872778784411,4.457563048245614,7.495948136142627
permeability,all_optima,3,NAP,single_task,104,87,3.266826923076923,2.682174898261191,3.9542594707786023,17.40275526742302
permeability,all_optima,3,Random,single_task,104,87,3.9551282051282053,3.396430116312602,4.573276194441873,0.0
efflux,all_optima,3,Delta greedy,multitask,68,53,2.7536764705882355,2.225295232936078,3.373080985915493,24.64788732394365
efflux,all_optima,3,Delta greedy,single_task,68,53,2.6654411764705883,2.1132376802884614,3.3134056231327356,27.06237424547283
efflux,all_optima,3,GP + EI,multitask,68,53,3.360294117647059,2.57532457575138,4.257252747252745,8.048289738430581
efflux,all_optima,3,GP + EI,single_task,68,53,3.4558823529411766,2.6486361361361364,4.4141817697228145,5.432595573440635
efflux,all_optima,3,NAP,multitask,68,53,3.154411764705882,2.3421243686868682,4.179735113495024,13.682092555332003
efflux,all_optima,3,NAP,single_task,68,53,3.0588235294117645,2.355605391608913,3.956267655367231,16.297786720321938
efflux,all_optima,3,Random,single_task,68,53,3.6544117647058822,3.0140748601196217,4.40584448160535,0.0
in_vivo_clearance,all_optima,5,Delta greedy,multitask,42,36,5.3273809523809526,3.674385062611807,7.357181677018633,-15.335051546391764
in_vivo_clearance,all_optima,5,Delta greedy,single_task,42,36,5.410714285714286,3.725594512195122,7.58939732142857,-17.139175257731964
in_vivo_clearance,all_optima,5,GP + EI,multitask,42,36,3.7976190476190474,2.912455357142857,4.773284174702212,17.78350515463917
in_vivo_clearance,all_optima,5,GP + EI,single_task,42,36,4.136904761904762,3.1761079545454547,5.303720238095236,10.438144329896904
in_vivo_clearance,all_optima,5,NAP,multitask,42,36,5.579365079365079,4.063467261904761,7.3299717169476475,-20.790378006872867
in_vivo_clearance,all_optima,5,NAP,single_task,42,36,5.369047619047619,4.010060975609757,6.932586119554204,-16.237113402061865
in_vivo_clearance,all_optima,5,Random,single_task,42,36,4.619047619047619,3.599939024390244,6.0,0.0
protein_binding,all_optima,5,Delta greedy,multitask,68,42,2.7169117647058822,2.0,3.5871753246753237,44.35240963855422
protein_binding,all_optima,5,Delta greedy,single_task,68,42,3.0551470588235294,2.1883347602739724,4.1160737812911705,37.42469879518073
protein_binding,all_optima,5,GP + EI,multitask,68,42,3.9669117647058822,3.1071309523809525,4.992069597069597,18.75000000000001
protein_binding,all_optima,5,GP + EI,single_task,68,42,4.110294117647059,3.161178577865898,5.309748810296344,15.8132530120482
protein_binding,all_optima,5,NAP,multitask,68,42,4.873774509803922,3.4121886574074076,6.805138888888888,0.1757028112449821
protein_binding,all_optima,5,NAP,single_task,68,42,3.759803921568628,2.6986123002283104,5.0469729907773395,22.99196787148594
protein_binding,all_optima,5,Random,single_task,68,42,4.882352941176471,3.7665755208333334,6.292239199157009,0.0
cellular_clearance,all_optima,5,Delta greedy,multitask,54,34,5.467592592592593,4.037703911163522,7.053595779220779,9.220572912218383
cellular_clearance,all_optima,5,Delta greedy,single_task,54,34,5.592592592592593,4.197870710784314,7.098401639344261,7.145175341202215
cellular_clearance,all_optima,5,GP + EI,multitask,54,34,3.865740740740741,3.1070153061224492,4.703758169934639,35.81640845190716
cellular_clearance,all_optima,5,GP + EI,single_task,54,34,5.074074074074074,4.012868175287356,6.237581018518517,15.754231932084117
cellular_clearance,all_optima,5,NAP,multitask,54,34,6.166666666666667,4.795289225422045,7.653715277777779,-2.3862801701313385
cellular_clearance,all_optima,5,NAP,single_task,54,34,5.010802469135802,4.032163650392817,6.091365131578946,16.8047418137096
cellular_clearance,all_optima,5,Random,single_task,54,34,6.022942386831277,5.081548563464836,7.004250656402911,0.0
permeability,all_optima,5,Delta greedy,multitask,63,54,3.8412698412698414,3.1475289296046287,4.698412698412699,28.683693516699414
permeability,all_optima,5,Delta greedy,single_task,63,54,3.892857142857143,3.2241216039707417,4.6525423728813555,27.725933202357577
permeability,all_optima,5,GP + EI,multitask,63,54,4.468253968253968,3.696389180672269,5.327659263588544,17.04322200392928
permeability,all_optima,5,GP + EI,single_task,63,54,4.126984126984127,3.561409112825458,4.72457627118644,23.379174852652262
permeability,all_optima,5,NAP,multitask,63,54,4.974867724867725,3.9610039042498717,6.179007478929332,7.637524557956798
permeability,all_optima,5,NAP,single_task,63,54,4.332010582010581,3.460931919642857,5.349490174267705,19.572691552062892
permeability,all_optima,5,Random,single_task,63,54,5.386243386243387,4.655539906103287,6.1803895646042655,0.0
efflux,all_optima,5,Delta greedy,multitask,42,35,3.4226190476190474,2.662135885885886,4.282083333333333,30.16194331983807
efflux,all_optima,5,Delta greedy,single_task,42,35,3.4464285714285716,2.6802104398382203,4.396368824265165,29.676113360323885
efflux,all_optima,5,GP + EI,multitask,42,35,4.505952380952381,3.4268004284772577,5.651194696539989,8.05668016194332
efflux,all_optima,5,GP + EI,single_task,42,35,4.7023809523809526,3.6136228354978357,5.959347545219638,4.048582995951422
efflux,all_optima,5,NAP,multitask,42,35,4.146825396825396,2.9905247973925295,5.602591463414633,15.384615384615397
efflux,all_optima,5,NAP,single_task,42,35,4.007936507936508,2.957317073170732,5.31202761627907,18.218623481781382
efflux,all_optima,5,Random,single_task,42,35,4.900793650793651,4.142245153220762,5.767441860465116,0.0
in_vivo_clearance,all_optima,10,Delta greedy,multitask,13,11,10.346153846153847,6.318181818181818,13.441331269349844,-31.219512195121958
in_vivo_clearance,all_optima,10,Delta greedy,single_task,13,11,9.75,5.18125,13.65394736842105,-23.65853658536585
in_vivo_clearance,all_optima,10,GP + EI,multitask,13,11,5.653846153846154,3.5,7.5544314381270885,28.292682926829272
in_vivo_clearance,all_optima,10,GP + EI,single_task,13,11,6.8076923076923075,4.636363636363637,8.583333333333334,13.658536585365866
in_vivo_clearance,all_optima,10,NAP,multitask,13,11,10.423076923076923,6.946969696969697,13.008797729618163,-32.19512195121952
in_vivo_clearance,all_optima,10,NAP,single_task,13,11,10.01923076923077,7.378598484848484,12.088273001508295,-27.073170731707318
in_vivo_clearance,all_optima,10,Random,single_task,13,11,7.884615384615385,5.7272727272727275,10.029411764705882,0.0
protein_binding,all_optima,10,Delta greedy,multitask,20,14,5.15,3.152576754385965,7.412513586956521,46.026200873362434
protein_binding,all_optima,10,Delta greedy,single_task,20,14,5.525,2.988080357142857,8.333333333333334,42.09606986899562
protein_binding,all_optima,10,GP + EI,multitask,20,14,7.25,5.388706140350878,9.147838438735176,24.017467248908297
protein_binding,all_optima,10,GP + EI,single_task,20,14,7.3875,4.9523214285714285,10.381578947368421,22.576419213973796
protein_binding,all_optima,10,NAP,multitask,20,14,9.720833333333333,5.487767857142857,14.870621980676326,-1.8777292576419358
protein_binding,all_optima,10,NAP,single_task,20,14,6.841666666666666,3.8570684523809526,10.653508771929822,28.296943231441052
protein_binding,all_optima,10,Random,single_task,20,14,9.541666666666666,6.8998684210526315,12.622291666666666,0.0
cellular_clearance,all_optima,10,Delta greedy,multitask,38,26,6.717105263157895,4.792852787456446,8.829482531311797,6.754206157530507
cellular_clearance,all_optima,10,Delta greedy,single_task,38,26,6.730263157894737,4.76265243902439,8.853019162210337,6.571550341972287
cellular_clearance,all_optima,10,GP + EI,multitask,38,26,4.657894736842105,3.618732638888889,5.826432291666666,35.339841292391384
cellular_clearance,all_optima,10,GP + EI,single_task,38,26,5.894736842105263,4.545331695331695,7.5,18.170194629919045
cellular_clearance,all_optima,10,NAP,multitask,38,26,7.355263157894737,5.583277027027027,9.257216810966812,-2.1046008970429853
cellular_clearance,all_optima,10,NAP,single_task,38,26,5.837719298245613,4.5242706838833096,7.277818627450979,18.96170316400465
cellular_clearance,all_optima,10,Random,single_task,38,26,7.203654970760235,5.949970930232558,8.526058793168168,0.0
permeability,all_optima,10,Delta greedy,multitask,29,27,4.948275862068965,3.653225806451613,6.5,36.316568047337284
permeability,all_optima,10,Delta greedy,single_task,29,27,5.103448275862069,3.9031898041474657,6.48405097926267,34.319526627218934
permeability,all_optima,10,GP + EI,multitask,29,27,5.646551724137931,4.322551843317972,7.089368386243385,27.329881656804744
permeability,all_optima,10,GP + EI,single_task,29,27,5.155172413793103,4.25,6.080431547619047,33.65384615384617
permeability,all_optima,10,NAP,multitask,29,27,7.623563218390806,5.871997407834101,9.592733134920636,1.8860946745562046
permeability,all_optima,10,NAP,single_task,29,27,6.316091954022988,4.761484674329503,8.091173735119048,18.71301775147931
permeability,all_optima,10,Random,single_task,29,27,7.770114942528736,6.741935483870968,8.940476190476192,0.0
efflux,all_optima,10,Delta greedy,multitask,19,18,4.065789473684211,2.611111111111111,5.847423245614032,42.27895392278954
efflux,all_optima,10,Delta greedy,single_task,19,18,4.171052631578948,2.625,6.083333333333333,40.784557907845574
efflux,all_optima,10,GP + EI,multitask,19,18,6.815789473684211,4.776282894736842,8.9092803030303,3.237858032378582
efflux,all_optima,10,GP + EI,single_task,19,18,6.842105263157895,4.638888888888889,9.325,2.8642590286425906
efflux,all_optima,10,NAP,multitask,19,18,6.359649122807017,4.138789682539683,9.111622807017536,9.713574097135746
efflux,all_optima,10,NAP,single_task,19,18,5.675438596491228,3.6973684210526314,8.157523148148147,19.427148194271492
efflux,all_optima,10,Random,single_task,19,18,7.043859649122807,5.736708089668616,8.592592592592592,0.0
in_vivo_clearance,all_optima,15,Delta greedy,multitask,7,5,14.535714285714286,11.4,16.27777777777778,-43.3098591549296
in_vivo_clearance,all_optima,15,Delta greedy,single_task,7,5,14.428571428571429,8.4,17.22222222222222,-42.253521126760575
in_vivo_clearance,all_optima,15,GP + EI,multitask,7,5,7.035714285714286,4.4,9.2,30.6338028169014
in_vivo_clearance,all_optima,15,GP + EI,single_task,7,5,8.142857142857142,4.8,10.0,19.718309859154925
in_vivo_clearance,all_optima,15,NAP,multitask,7,5,14.333333333333332,13.45,15.2,-41.31455399061033
in_vivo_clearance,all_optima,15,NAP,single_task,7,5,12.845238095238097,10.833333333333332,13.856060606060606,-26.643192488262923
in_vivo_clearance,all_optima,15,Random,single_task,7,5,10.142857142857142,7.8,12.045454545454545,0.0
protein_binding,all_optima,15,Delta greedy,multitask,11,9,6.7727272727272725,3.6666666666666665,9.895833333333334,48.62068965517241
protein_binding,all_optima,15,Delta greedy,single_task,11,9,8.113636363636363,4.124375000000001,11.583333333333334,38.44827586206897
protein_binding,all_optima,15,GP + EI,multitask,11,9,9.75,7.416666666666667,12.32708333333333,26.03448275862069
protein_binding,all_optima,15,GP + EI,single_task,11,9,9.909090909090908,5.9791193181818185,14.825208333333329,24.827586206896555
protein_binding,all_optima,15,NAP,multitask,11,9,14.113636363636362,7.1871875,21.354513888888885,-7.068965517241366
protein_binding,all_optima,15,NAP,single_task,11,9,10.09090909090909,5.629608585858586,15.17520833333333,23.448275862068968
protein_binding,all_optima,15,Random,single_task,11,9,13.181818181818182,9.636363636363637,16.772727272727273,0.0
cellular_clearance,all_optima,15,Delta greedy,multitask,18,13,10.555555555555555,7.789424342105264,13.367830882352939,-10.038610038610019
cellular_clearance,all_optima,15,Delta greedy,single_task,18,13,9.819444444444445,6.652576754385965,13.357142857142858,-2.3648648648648685
cellular_clearance,all_optima,15,GP + EI,multitask,18,13,5.722222222222222,3.736842105263158,8.111249999999998,40.34749034749036
cellular_clearance,all_optima,15,GP + EI,single_task,18,13,7.805555555555555,5.342105263157895,11.073529411764707,18.62934362934364
cellular_clearance,all_optima,15,NAP,multitask,18,13,10.00925925925926,7.233115942028984,13.156302083333333,-4.343629343629329
cellular_clearance,all_optima,15,NAP,single_task,18,13,7.958333333333332,5.7272622053872055,10.385416666666666,17.036679536679557
cellular_clearance,all_optima,15,Random,single_task,18,13,9.592592592592593,7.8133302005012535,11.583333333333334,0.0
permeability,all_optima,15,Delta greedy,multitask,12,12,6.208333333333333,3.5833333333333335,9.292187499999992,41.948051948051955
permeability,all_optima,15,Delta greedy,single_task,12,12,6.125,3.9578125,8.5625,42.72727272727273
permeability,all_optima,15,GP + EI,multitask,12,12,7.125,4.395833333333333,9.708333333333334,33.376623376623385
permeability,all_optima,15,GP + EI,single_task,12,12,6.125,4.583333333333333,7.666666666666667,42.72727272727273
permeability,all_optima,15,NAP,multitask,12,12,10.472222222222223,6.902777777777779,14.285069444444439,2.0779220779220675
permeability,all_optima,15,NAP,single_task,12,12,8.590277777777779,5.152604166666666,12.285243055555549,19.675324675324667
permeability,all_optima,15,Random,single_task,12,12,10.694444444444445,9.430555555555555,12.041666666666666,0.0
efflux,all_optima,15,Delta greedy,multitask,8,8,4.625,1.6875,8.219531249999989,49.43052391799545
efflux,all_optima,15,Delta greedy,single_task,8,8,5.125,1.9375,9.09375,43.96355353075171
efflux,all_optima,15,GP + EI,multitask,8,8,8.90625,5.28125,12.3125,2.6195899772209597
efflux,all_optima,15,GP + EI,single_task,8,8,9.6875,5.625,14.15625,-5.9225512528473745
efflux,all_optima,15,NAP,multitask,8,8,9.041666666666668,4.541145833333334,14.573437499999994,1.1389521640091105
efflux,all_optima,15,NAP,single_task,8,8,8.90625,5.166666666666666,13.260677083333329,2.6195899772209597
efflux,all_optima,15,Random,single_task,8,8,9.145833333333334,6.541666666666667,11.8125,0.0
in_vivo_clearance,all_optima,20,Delta greedy,multitask,2,1,21.375,,,-37.90322580645162
in_vivo_clearance,all_optima,20,Delta greedy,single_task,2,1,22.0,,,-41.93548387096775
in_vivo_clearance,all_optima,20,GP + EI,multitask,2,1,9.625,,,37.903225806451616
in_vivo_clearance,all_optima,20,GP + EI,single_task,2,1,12.75,,,17.741935483870964
in_vivo_clearance,all_optima,20,NAP,multitask,2,1,17.291666666666668,,,-11.559139784946248
in_vivo_clearance,all_optima,20,NAP,single_task,2,1,16.208333333333336,,,-4.569892473118298
in_vivo_clearance,all_optima,20,Random,single_task,2,1,15.5,,,0.0
protein_binding,all_optima,20,Delta greedy,multitask,7,6,8.392857142857142,4.083333333333333,11.964285714285714,48.91304347826087
protein_binding,all_optima,20,Delta greedy,single_task,7,6,9.535714285714286,4.166666666666667,13.5,41.95652173913042
protein_binding,all_optima,20,GP + EI,multitask,7,6,11.678571428571429,9.041666666666666,14.28125,28.913043478260857
protein_binding,all_optima,20,GP + EI,single_task,7,6,13.321428571428571,9.0,18.291666666666668,18.91304347826086
protein_binding,all_optima,20,NAP,multitask,7,6,19.71428571428571,11.736111111111109,25.11111111111111,-19.999999999999996
protein_binding,all_optima,20,NAP,single_task,7,6,11.952380952380953,5.4444444444444455,19.541666666666668,27.246376811594196
protein_binding,all_optima,20,Random,single_task,7,6,16.428571428571427,13.166666666666666,18.6875,0.0
cellular_clearance,all_optima,20,Delta greedy,multitask,13,9,10.51923076923077,6.671744791666667,16.30067307692307,-4.256670902160087
cellular_clearance,all_optima,20,Delta greedy,single_task,13,9,9.692307692307692,5.265625,16.041761363636365,3.9390088945362334
cellular_clearance,all_optima,20,GP + EI,multitask,13,9,5.25,2.796875,8.954545454545455,47.96696315120712
cellular_clearance,all_optima,20,GP + EI,single_task,13,9,8.134615384615385,4.826785714285714,13.227320075757575,19.37738246505719
cellular_clearance,all_optima,20,NAP,multitask,13,9,10.141025641025642,6.239523237179486,15.484848484848483,-0.5082592121982143
cellular_clearance,all_optima,20,NAP,single_task,13,9,7.903846153846155,5.218697916666666,11.841837121212118,21.664548919949176
cellular_clearance,all_optima,20,Random,single_task,13,9,10.089743589743591,7.583055555555555,13.483333333333334,0.0
permeability,all_optima,20,Delta greedy,multitask,8,8,5.28125,2.46875,9.1875,55.21201413427562
permeability,all_optima,20,Delta greedy,single_task,8,8,5.1875,2.8125,8.282031249999989,56.00706713780919
permeability,all_optima,20,GP + EI,multitask,8,8,7.625,4.15625,10.782031249999989,35.335689045936405
permeability,all_optima,20,GP + EI,single_task,8,8,6.46875,4.65625,8.1875,45.141342756183754
permeability,all_optima,20,NAP,multitask,8,8,12.53125,7.65625,17.208333333333336,-6.27208480565371
permeability,all_optima,20,NAP,single_task,8,8,9.354166666666668,4.395833333333334,14.3125,20.671378091872793
permeability,all_optima,20,Random,single_task,8,8,11.791666666666668,10.353645833333335,13.188020833333326,0.0
efflux,all_optima,20,Delta greedy,multitask,5,5,3.1,1.0,7.0,68.79194630872483
efflux,all_optima,20,Delta greedy,single_task,5,5,3.8,1.0,9.4,61.74496644295302
efflux,all_optima,20,GP + EI,multitask,5,5,9.7,5.3,14.1,2.3489932885906173
efflux,all_optima,20,GP + EI,single_task,5,5,10.85,5.15,16.55,-9.228187919463071
efflux,all_optima,20,NAP,multitask,5,5,10.433333333333334,3.2833333333333337,18.316666666666666,-5.033557046979875
efflux,all_optima,20,NAP,single_task,5,5,9.650000000000002,4.05,15.966666666666665,2.852348993288567
efflux,all_optima,20,Random,single_task,5,5,9.933333333333334,5.966666666666667,13.9,0.0
in_vivo_clearance,all_optima,25,Delta greedy,multitask,2,1,21.375,,,-37.90322580645162
in_vivo_clearance,all_optima,25,Delta greedy,single_task,2,1,22.0,,,-41.93548387096775
in_vivo_clearance,all_optima,25,GP + EI,multitask,2,1,9.625,,,37.903225806451616
in_vivo_clearance,all_optima,25,GP + EI,single_task,2,1,12.75,,,17.741935483870964
in_vivo_clearance,all_optima,25,NAP,multitask,2,1,17.291666666666668,,,-11.559139784946248
in_vivo_clearance,all_optima,25,NAP,single_task,2,1,16.208333333333336,,,-4.569892473118298
in_vivo_clearance,all_optima,25,Random,single_task,2,1,15.5,,,0.0
protein_binding,all_optima,25,Delta greedy,multitask,6,5,9.291666666666666,4.6,12.916666666666666,46.904761904761905
protein_binding,all_optima,25,Delta greedy,single_task,6,5,10.916666666666666,5.8,14.583333333333334,37.61904761904762
protein_binding,all_optima,25,GP + EI,multitask,6,5,12.125,9.25,15.041666666666666,30.714285714285715
protein_binding,all_optima,25,GP + EI,single_task,6,5,12.708333333333334,7.666666666666667,18.75,27.380952380952372
protein_binding,all_optima,25,NAP,multitask,6,5,22.249999999999996,16.68333333333333,26.13888888888889,-27.142857142857114
protein_binding,all_optima,25,NAP,single_task,6,5,12.388888888888891,4.819444444444444,21.694444444444446,29.20634920634919
protein_binding,all_optima,25,Random,single_task,6,5,17.5,15.2,19.0625,0.0
cellular_clearance,all_optima,25,Delta greedy,multitask,8,6,11.59375,5.65625,21.00178571428569,-1.458523245214205
cellular_clearance,all_optima,25,Delta greedy,single_task,8,6,9.15625,3.125,19.035714285714285,19.872379216043758
cellular_clearance,all_optima,25,GP + EI,multitask,8,6,5.84375,2.2777777777777777,11.458333333333334,48.86052871467639
cellular_clearance,all_optima,25,GP + EI,single_task,8,6,10.65625,5.666666666666667,18.541666666666668,6.745670009115779
cellular_clearance,all_optima,25,NAP,multitask,8,6,13.322916666666666,7.9416666666666655,20.833333333333332,-16.590701914311758
cellular_clearance,all_optima,25,NAP,single_task,8,6,7.729166666666667,4.133333333333333,14.027777777777777,32.360984503190515
cellular_clearance,all_optima,25,Random,single_task,8,6,11.427083333333334,7.508333333333335,16.5,0.0
permeability,all_optima,25,Delta greedy,multitask,4,4,4.0,1.875,6.5,68.52459016393443
permeability,all_optima,25,Delta greedy,single_task,4,4,4.6875,2.9375,6.375,63.114754098360656
permeability,all_optima,25,GP + EI,multitask,4,4,6.1875,2.125,10.25,51.31147540983607
permeability,all_optima,25,GP + EI,single_task,4,4,7.3125,5.625,8.9375,42.459016393442624
permeability,all_optima,25,NAP,multitask,4,4,16.125,7.9375,21.083333333333336,-26.885245901639344
permeability,all_optima,25,NAP,single_task,4,4,13.916666666666668,6.229166666666667,19.1875,-9.50819672131149
permeability,all_optima,25,Random,single_task,4,4,12.708333333333334,9.75,14.625,0.0
efflux,all_optima,25,Delta greedy,multitask,5,5,3.1,1.0,7.0,68.79194630872483
efflux,all_optima,25,Delta greedy,single_task,5,5,3.8,1.0,9.4,61.74496644295302
efflux,all_optima,25,GP + EI,multitask,5,5,9.7,5.3,14.1,2.3489932885906173
efflux,all_optima,25,GP + EI,single_task,5,5,10.85,5.15,16.55,-9.228187919463071
efflux,all_optima,25,NAP,multitask,5,5,10.433333333333334,3.2833333333333337,18.316666666666666,-5.033557046979875
efflux,all_optima,25,NAP,single_task,5,5,9.650000000000002,4.05,15.966666666666665,2.852348993288567
efflux,all_optima,25,Random,single_task,5,5,9.933333333333334,5.966666666666667,13.9,0.0
in_vivo_clearance,all_optima,30,Delta greedy,multitask,1,1,21.75,,,-31.818181818181813
in_vivo_clearance,all_optima,30,Delta greedy,single_task,1,1,16.0,,,3.0303030303030276
in_vivo_clearance,all_optima,30,GP + EI,multitask,1,1,10.5,,,36.36363636363637
in_vivo_clearance,all_optima,30,GP + EI,single_task,1,1,20.5,,,-24.242424242424242
in_vivo_clearance,all_optima,30,NAP,multitask,1,1,19.0,,,-15.15151515151516
in_vivo_clearance,all_optima,30,NAP,single_task,1,1,15.25,,,7.57575757575758
in_vivo_clearance,all_optima,30,Random,single_task,1,1,16.5,,,0.0
protein_binding,all_optima,30,Delta greedy,multitask,5,4,10.35,4.9375,13.75,43.442622950819676
protein_binding,all_optima,30,Delta greedy,single_task,5,4,11.9,5.375,15.35,34.97267759562842
protein_binding,all_optima,30,GP + EI,multitask,5,4,13.2,10.9375,16.375,27.868852459016402
protein_binding,all_optima,30,GP + EI,single_task,5,4,14.55,10.0,19.3125,20.491803278688526
protein_binding,all_optima,30,NAP,multitask,5,4,24.05,19.979166666666668,26.904761904761905,-31.420765027322407
protein_binding,all_optima,30,NAP,single_task,5,4,14.333333333333332,5.25,23.708333333333336,21.675774134790537
protein_binding,all_optima,30,Random,single_task,5,4,18.3,16.75,19.357142857142858,0.0
cellular_clearance,all_optima,30,Delta greedy,multitask,4,3,13.125,2.125,34.0,-20.458891013384317
cellular_clearance,all_optima,30,Delta greedy,single_task,4,3,14.0625,2.0,33.0,-29.06309751434033
cellular_clearance,all_optima,30,GP + EI,multitask,4,3,8.125,1.0,17.5,25.43021032504781
cellular_clearance,all_optima,30,GP + EI,single_task,4,3,14.3125,4.75,27.0,-31.35755258126194
cellular_clearance,all_optima,30,NAP,multitask,4,3,11.770833333333332,2.9583333333333335,25.25,-8.030592734225594
cellular_clearance,all_optima,30,NAP,single_task,4,3,9.583333333333334,3.3333333333333335,21.833333333333332,12.045889101338435
cellular_clearance,all_optima,30,Random,single_task,4,3,10.895833333333334,3.7916666666666665,18.0,0.0
permeability,all_optima,30,Delta greedy,multitask,1,1,8.0,,,46.666666666666664
permeability,all_optima,30,Delta greedy,single_task,1,1,4.0,,,73.33333333333334
permeability,all_optima,30,GP + EI,multitask,1,1,3.25,,,78.33333333333333
permeability,all_optima,30,GP + EI,single_task,1,1,5.0,,,66.66666666666667
permeability,all_optima,30,NAP,multitask,1,1,21.0,,,-39.99999999999999
permeability,all_optima,30,NAP,single_task,1,1,20.333333333333332,,,-35.55555555555554
permeability,all_optima,30,Random,single_task,1,1,15.0,,,0.0
efflux,all_optima,30,Delta greedy,multitask,1,1,1.0,,,93.33333333333333
efflux,all_optima,30,Delta greedy,single_task,1,1,1.0,,,93.33333333333333
efflux,all_optima,30,GP + EI,multitask,1,1,16.5,,,-10.000000000000009
efflux,all_optima,30,GP + EI,single_task,1,1,18.5,,,-23.33333333333334
efflux,all_optima,30,NAP,multitask,1,1,17.5,,,-16.666666666666675
efflux,all_optima,30,NAP,single_task,1,1,13.75,,,8.333333333333337
efflux,all_optima,30,Random,single_task,1,1,15.0,,,0.0
protein_binding,all_optima,35,Delta greedy,multitask,3,2,11.666666666666666,11.5,12.0,39.6551724137931
protein_binding,all_optima,35,Delta greedy,single_task,3,2,14.75,14.0,16.25,23.70689655172413
protein_binding,all_optima,35,GP + EI,multitask,3,2,13.583333333333334,12.0,16.75,29.74137931034482
protein_binding,all_optima,35,GP + EI,single_task,3,2,12.416666666666666,8.625,20.0,35.775862068965516
protein_binding,all_optima,35,NAP,multitask,3,2,25.777777777777775,21.833333333333332,27.75,-33.33333333333333
protein_binding,all_optima,35,NAP,single_task,3,2,13.638888888888888,11.625,17.666666666666668,29.454022988505745
protein_binding,all_optima,35,Random,single_task,3,2,19.333333333333332,18.5,19.75,0.0
cellular_clearance,all_optima,35,Delta greedy,multitask,4,3,13.125,2.125,34.0,-20.458891013384317
cellular_clearance,all_optima,35,Delta greedy,single_task,4,3,14.0625,2.0,33.0,-29.06309751434033
cellular_clearance,all_optima,35,GP + EI,multitask,4,3,8.125,1.0,17.5,25.43021032504781
cellular_clearance,all_optima,35,GP + EI,single_task,4,3,14.3125,4.75,27.0,-31.35755258126194
cellular_clearance,all_optima,35,NAP,multitask,4,3,11.770833333333332,2.9583333333333335,25.25,-8.030592734225594
cellular_clearance,all_optima,35,NAP,single_task,4,3,9.583333333333334,3.3333333333333335,21.833333333333332,12.045889101338435
cellular_clearance,all_optima,35,Random,single_task,4,3,10.895833333333334,3.7916666666666665,18.0,0.0
protein_binding,all_optima,40,Delta greedy,multitask,1,1,3.0,,,85.0
protein_binding,all_optima,40,Delta greedy,single_task,1,1,5.0,,,75.0
protein_binding,all_optima,40,GP + EI,multitask,1,1,16.25,,,18.75
protein_binding,all_optima,40,GP + EI,single_task,1,1,11.25,,,43.75
protein_binding,all_optima,40,NAP,multitask,1,1,22.833333333333332,,,-14.16666666666666
protein_binding,all_optima,40,NAP,single_task,1,1,9.333333333333334,,,53.333333333333336
protein_binding,all_optima,40,Random,single_task,1,1,20.0,,,0.0
cellular_clearance,all_optima,40,Delta greedy,multitask,2,1,2.125,,,43.956043956043956
cellular_clearance,all_optima,40,Delta greedy,single_task,2,1,2.0,,,47.25274725274725
cellular_clearance,all_optima,40,GP + EI,multitask,2,1,1.0,,,73.62637362637363
cellular_clearance,all_optima,40,GP + EI,single_task,2,1,4.75,,,-25.274725274725274
cellular_clearance,all_optima,40,NAP,multitask,2,1,2.9583333333333335,,,21.978021978021967
cellular_clearance,all_optima,40,NAP,single_task,2,1,3.333333333333333,,,12.08791208791209
cellular_clearance,all_optima,40,Random,single_task,2,1,3.7916666666666665,,,0.0
cellular_clearance,all_optima,45,Delta greedy,multitask,2,1,2.125,,,43.956043956043956
cellular_clearance,all_optima,45,Delta greedy,single_task,2,1,2.0,,,47.25274725274725
cellular_clearance,all_optima,45,GP + EI,multitask,2,1,1.0,,,73.62637362637363
cellular_clearance,all_optima,45,GP + EI,single_task,2,1,4.75,,,-25.274725274725274
cellular_clearance,all_optima,45,NAP,multitask,2,1,2.9583333333333335,,,21.978021978021967
cellular_clearance,all_optima,45,NAP,single_task,2,1,3.333333333333333,,,12.08791208791209
cellular_clearance,all_optima,45,Random,single_task,2,1,3.7916666666666665,,,0.0
in_vivo_clearance,unique_optimum,3,Delta greedy,multitask,97,82,3.265463917525773,2.4520744680851063,4.315707859848485,-9.792027729636033
in_vivo_clearance,unique_optimum,3,Delta greedy,single_task,97,82,3.247422680412371,2.411072695035461,4.363825757575754,-9.185441941074512
in_vivo_clearance,unique_optimum,3,GP + EI,multitask,97,82,2.5128865979381443,2.0611702127659575,3.01752121559633,15.511265164644715
in_vivo_clearance,unique_optimum,3,GP + EI,single_task,97,82,2.7190721649484537,2.2060125379939213,3.347094404701073,8.578856152512992
in_vivo_clearance,unique_optimum,3,NAP,multitask,97,82,3.349656357388316,2.572862160852713,4.322336243811053,-12.622761409589822
in_vivo_clearance,unique_optimum,3,NAP,single_task,97,82,3.2878006872852237,2.586971251266464,4.179871287128713,-10.543038705950325
in_vivo_clearance,unique_optimum,3,Random,single_task,97,82,2.9742268041237114,2.431560750279955,3.717886990311934,0.0
protein_binding,unique_optimum,3,Delta greedy,multitask,138,77,2.1449275362318843,1.783324652777778,2.5833333333333335,34.00222965440356
protein_binding,unique_optimum,3,Delta greedy,single_task,138,77,2.282608695652174,1.857685546875,2.800751879699248,29.76588628762542
protein_binding,unique_optimum,3,GP + EI,multitask,138,77,2.8152173913043477,2.374258421317245,3.3321472019464715,13.377926421404684
protein_binding,unique_optimum,3,GP + EI,single_task,138,77,2.8043478260869565,2.3231634424603174,3.396054774687819,13.712374581939802
protein_binding,unique_optimum,3,NAP,multitask,138,77,3.316425120772947,2.5839631782945736,4.265992538416075,-2.04384986993682
protein_binding,unique_optimum,3,NAP,single_task,138,77,2.656400966183575,2.1344257703081233,3.2688505868297133,18.26458565589
protein_binding,unique_optimum,3,Random,single_task,138,77,3.25,2.6714021164021164,3.9706143095536084,0.0
cellular_clearance,unique_optimum,3,Delta greedy,multitask,76,44,4.177631578947368,3.089273966165414,5.596766233766233,7.434402332361534
cellular_clearance,unique_optimum,3,Delta greedy,single_task,76,44,4.365131578947368,3.216457234673698,5.766482612781954,3.279883381924209
cellular_clearance,unique_optimum,3,GP + EI,multitask,76,44,3.1151315789473686,2.4801403817642695,3.8185018364105616,30.976676384839653
cellular_clearance,unique_optimum,3,GP + EI,single_task,76,44,3.901315789473684,3.078087197580645,4.8424874429223745,13.556851311953366
cellular_clearance,unique_optimum,3,NAP,multitask,76,44,4.5756578947368425,3.529808752204586,5.789231670929241,-1.384839650145775
cellular_clearance,unique_optimum,3,NAP,single_task,76,44,3.908991228070176,3.120573529411765,4.827708187083186,13.386783284742465
cellular_clearance,unique_optimum,3,Random,single_task,76,44,4.5131578947368425,3.6533567583732056,5.454578877005347,0.0
permeability,unique_optimum,3,Delta greedy,multitask,103,86,2.9805825242718447,2.4848035439137135,3.5441626650660254,23.821339950372213
permeability,unique_optimum,3,Delta greedy,single_task,103,86,3.0315533980582523,2.553554258241758,3.5388844858331674,22.51861042183623
permeability,unique_optimum,3,GP + EI,multitask,103,86,3.3155339805825244,2.785342439091409,3.88435801041064,15.26054590570719
permeability,unique_optimum,3,GP + EI,single_task,103,86,3.0800970873786406,2.6382866872141575,3.5330512393636697,21.27791563275435
permeability,unique_optimum,3,NAP,multitask,103,86,3.659385113268608,2.9660269360269367,4.461136363636363,6.472291149710507
permeability,unique_optimum,3,NAP,single_task,103,86,3.2726537216828477,2.671595523522941,3.9634945677300046,16.356492969396196
permeability,unique_optimum,3,Random,single_task,103,86,3.912621359223301,3.357875939849624,4.521551854085016,0.0
efflux,unique_optimum,3,Delta greedy,multitask,57,45,2.969298245614035,2.3870967741935485,3.6800081967213116,24.272930648769574
efflux,unique_optimum,3,Delta greedy,single_task,57,45,2.8684210526315788,2.267508488964346,3.6409577922077916,26.845637583892625
efflux,unique_optimum,3,GP + EI,multitask,57,45,3.6666666666666665,2.7998529411764705,4.6827008928571425,6.487695749440714
efflux,unique_optimum,3,GP + EI,single_task,57,45,3.741228070175439,2.8232128334417697,4.803621031746031,4.58612975391498
efflux,unique_optimum,3,NAP,multitask,57,45,3.472222222222222,2.5424331761006287,4.638888888888888,11.446681580909779
efflux,unique_optimum,3,NAP,single_task,57,45,3.2953216374269,2.441082283377542,4.307587256493506,15.95824011931396
efflux,unique_optimum,3,Random,single_task,57,45,3.9210526315789473,3.1841970998925886,4.724194860117111,0.0
in_vivo_clearance,unique_optimum,5,Delta greedy,multitask,42,36,5.3273809523809526,3.674385062611807,7.357181677018633,-15.335051546391764
in_vivo_clearance,unique_optimum,5,Delta greedy,single_task,42,36,5.410714285714286,3.725594512195122,7.58939732142857,-17.139175257731964
in_vivo_clearance,unique_optimum,5,GP + EI,multitask,42,36,3.7976190476190474,2.912455357142857,4.773284174702212,17.78350515463917
in_vivo_clearance,unique_optimum,5,GP + EI,single_task,42,36,4.136904761904762,3.1761079545454547,5.303720238095236,10.438144329896904
in_vivo_clearance,unique_optimum,5,NAP,multitask,42,36,5.579365079365079,4.063467261904761,7.3299717169476475,-20.790378006872867
in_vivo_clearance,unique_optimum,5,NAP,single_task,42,36,5.369047619047619,4.010060975609757,6.932586119554204,-16.237113402061865
in_vivo_clearance,unique_optimum,5,Random,single_task,42,36,4.619047619047619,3.599939024390244,6.0,0.0
protein_binding,unique_optimum,5,Delta greedy,multitask,65,42,2.8076923076923075,2.0594849896480327,3.7112233343074226,43.84615384615385
protein_binding,unique_optimum,5,Delta greedy,single_task,65,42,3.1384615384615384,2.2346031746031745,4.254462882953652,37.23076923076923
protein_binding,unique_optimum,5,GP + EI,multitask,65,42,4.061538461538461,3.1720892324888226,5.102947012138189,18.76923076923077
protein_binding,unique_optimum,5,GP + EI,single_task,65,42,4.15,3.174213286713287,5.398347457627119,16.999999999999993
protein_binding,unique_optimum,5,NAP,multitask,65,42,5.058974358974359,3.5487841386554626,7.060399583651156,-1.1794871794871709
protein_binding,unique_optimum,5,NAP,single_task,65,42,3.8474358974358975,2.7461237373737375,5.165429687499999,23.05128205128205
protein_binding,unique_optimum,5,Random,single_task,65,42,5.0,3.8359345848880597,6.476208791208791,0.0
cellular_clearance,unique_optimum,5,Delta greedy,multitask,41,30,6.2926829268292686,4.544400406504065,8.409120046620046,8.51063829787233
cellular_clearance,unique_optimum,5,Delta greedy,single_task,41,30,6.615853658536586,4.8647892958748225,8.61643331751305,3.8120567375886427
cellular_clearance,unique_optimum,5,GP + EI,multitask,41,30,4.451219512195122,3.5138706140350875,5.400029069767442,35.28368794326241
cellular_clearance,unique_optimum,5,GP + EI,single_task,41,30,5.7317073170731705,4.4524962462462465,7.171953124999999,16.666666666666675
cellular_clearance,unique_optimum,5,NAP,multitask,41,30,7.022357723577235,5.368382936507936,8.955158730158729,-2.0981087470449022
cellular_clearance,unique_optimum,5,NAP,single_task,41,30,5.837398373983739,4.735397478070175,7.062074964763917,15.130023640661939
cellular_clearance,unique_optimum,5,Random,single_task,41,30,6.878048780487805,5.820426829268293,7.986120495495495,0.0
permeability,unique_optimum,5,Delta greedy,multitask,62,53,3.870967741935484,3.170828373015873,4.725485797060485,27.49244712990937
permeability,unique_optimum,5,Delta greedy,single_task,62,53,3.9233870967741935,3.25,4.6803455342001135,26.51057401812689
permeability,unique_optimum,5,GP + EI,multitask,62,53,4.411290322580645,3.6654411764705883,5.245539562807882,17.371601208459218
permeability,unique_optimum,5,GP + EI,single_task,62,53,4.07258064516129,3.516122631848438,4.665356182795698,23.71601208459215
permeability,unique_optimum,5,NAP,multitask,62,53,4.997311827956988,3.972212441314554,6.1935763888888875,6.394763343403853
permeability,unique_optimum,5,NAP,single_task,62,53,4.358870967741935,3.478142076502732,5.377706350255597,18.353474320241702
permeability,unique_optimum,5,Random,single_task,62,53,5.338709677419355,4.59673579109063,6.161352892102335,0.0
efflux,unique_optimum,5,Delta greedy,multitask,38,31,3.5789473684210527,2.7560937500000002,4.50658339260313,28.232189973614773
efflux,unique_optimum,5,Delta greedy,single_task,38,31,3.539473684210526,2.722954204204204,4.5501388888888865,29.023746701846964
efflux,unique_optimum,5,GP + EI,multitask,38,31,4.677631578947368,3.4807180851063833,5.907161654135338,6.200527704485481
efflux,unique_optimum,5,GP + EI,single_task,38,31,4.8355263157894735,3.5972222222222223,6.208361486486486,3.034300791556721
efflux,unique_optimum,5,NAP,multitask,38,31,4.370614035087719,3.0785714285714287,5.994090073529407,12.35708003518029
efflux,unique_optimum,5,NAP,single_task,38,31,4.118421052631579,2.927920519203414,5.5083730158730155,17.41424802110818
efflux,unique_optimum,5,Random,single_task,38,31,4.9868421052631575,4.119031954887218,5.930555555555555,0.0
in_vivo_clearance,unique_optimum,10,Delta greedy,multitask,13,11,10.346153846153847,6.318181818181818,13.441331269349844,-31.219512195121958
in_vivo_clearance,unique_optimum,10,Delta greedy,single_task,13,11,9.75,5.18125,13.65394736842105,-23.65853658536585
in_vivo_clearance,unique_optimum,10,GP + EI,multitask,13,11,5.653846153846154,3.5,7.5544314381270885,28.292682926829272
in_vivo_clearance,unique_optimum,10,GP + EI,single_task,13,11,6.8076923076923075,4.636363636363637,8.583333333333334,13.658536585365866
in_vivo_clearance,unique_optimum,10,NAP,multitask,13,11,10.423076923076923,6.946969696969697,13.008797729618163,-32.19512195121952
in_vivo_clearance,unique_optimum,10,NAP,single_task,13,11,10.01923076923077,7.378598484848484,12.088273001508295,-27.073170731707318
in_vivo_clearance,unique_optimum,10,Random,single_task,13,11,7.884615384615385,5.7272727272727275,10.029411764705882,0.0
protein_binding,unique_optimum,10,Delta greedy,multitask,18,14,5.652777777777778,3.46875,8.041666666666666,45.148247978436665
protein_binding,unique_optimum,10,Delta greedy,single_task,18,14,6.069444444444445,3.3436121323529413,8.916776315789471,41.105121293800536
protein_binding,unique_optimum,10,GP + EI,multitask,18,14,7.791666666666667,5.926470588235294,9.650054347826087,24.39353099730458
protein_binding,unique_optimum,10,GP + EI,single_task,18,14,7.777777777777778,5.180104166666666,10.882352941176471,24.52830188679245
protein_binding,unique_optimum,10,NAP,multitask,18,14,10.712962962962964,6.263425925925927,15.74614583333333,-3.9532794249775405
protein_binding,unique_optimum,10,NAP,single_task,18,14,7.421296296296295,4.240727124183008,11.357974439775909,27.987421383647813
protein_binding,unique_optimum,10,Random,single_task,18,14,10.305555555555555,7.666666666666667,13.18421052631579,0.0
cellular_clearance,unique_optimum,10,Delta greedy,multitask,27,22,8.25925925925926,5.809942307692308,11.10190972222222,4.904051172707891
cellular_clearance,unique_optimum,10,Delta greedy,single_task,27,22,8.462962962962964,5.855375,11.34491225369458,2.5586353944562767
cellular_clearance,unique_optimum,10,GP + EI,multitask,27,22,5.75,4.480769230769231,6.966666666666667,33.7953091684435
cellular_clearance,unique_optimum,10,GP + EI,single_task,27,22,7.018518518518518,5.233827764976958,9.166749999999999,19.18976545842218
cellular_clearance,unique_optimum,10,NAP,multitask,27,22,8.777777777777779,6.54319696969697,11.230040708812258,-1.06609808102347
cellular_clearance,unique_optimum,10,NAP,single_task,27,22,7.166666666666665,5.653280864197531,8.724553571428569,17.484008528784667
cellular_clearance,unique_optimum,10,Random,single_task,27,22,8.685185185185185,7.423,10.1,0.0
permeability,unique_optimum,10,Delta greedy,multitask,28,26,5.053571428571429,3.741659482758621,6.620797413793102,34.7926267281106
permeability,unique_optimum,10,Delta greedy,single_task,28,26,5.214285714285714,3.9655172413793105,6.625115740740739,32.71889400921659
permeability,unique_optimum,10,GP + EI,multitask,28,26,5.5625,4.15735153256705,7.038461538461538,28.2258064516129
permeability,unique_optimum,10,GP + EI,single_task,28,26,5.071428571428571,4.12962962962963,6.000201612903223,34.562211981566826
permeability,unique_optimum,10,NAP,multitask,28,26,7.767857142857144,5.985897435897436,9.84878027065527,-0.23041474654379446
permeability,unique_optimum,10,NAP,single_task,28,26,6.446428571428571,4.84567901234568,8.273054818744471,16.82027649769585
permeability,unique_optimum,10,Random,single_task,28,26,7.75,6.696428571428571,8.98076923076923,0.0
efflux,unique_optimum,10,Delta greedy,multitask,15,14,4.633333333333334,2.9107142857142856,6.616666666666666,40.85106382978723
efflux,unique_optimum,10,Delta greedy,single_task,15,14,4.6,2.75,6.857142857142857,41.276595744680854
efflux,unique_optimum,10,GP + EI,multitask,15,14,7.866666666666666,5.51625,10.133333333333333,-0.42553191489360653
efflux,unique_optimum,10,GP + EI,single_task,15,14,7.75,5.116484375,10.696428571428571,1.0638297872340385
efflux,unique_optimum,10,NAP,multitask,15,14,7.516666666666667,4.955555555555555,10.822222222222221,4.042553191489362
efflux,unique_optimum,10,NAP,single_task,15,14,6.3999999999999995,3.953125,9.483601190476186,18.297872340425535
efflux,unique_optimum,10,Random,single_task,15,14,7.833333333333333,6.357142857142857,9.633333333333333,0.0
in_vivo_clearance,unique_optimum,15,Delta greedy,multitask,7,5,14.535714285714286,11.4,16.27777777777778,-43.3098591549296
in_vivo_clearance,unique_optimum,15,Delta greedy,single_task,7,5,14.428571428571429,8.4,17.22222222222222,-42.253521126760575
in_vivo_clearance,unique_optimum,15,GP + EI,multitask,7,5,7.035714285714286,4.4,9.2,30.6338028169014
in_vivo_clearance,unique_optimum,15,GP + EI,single_task,7,5,8.142857142857142,4.8,10.0,19.718309859154925
in_vivo_clearance,unique_optimum,15,NAP,multitask,7,5,14.333333333333332,13.45,15.2,-41.31455399061033
in_vivo_clearance,unique_optimum,15,NAP,single_task,7,5,12.845238095238097,10.833333333333332,13.856060606060606,-26.643192488262923
in_vivo_clearance,unique_optimum,15,Random,single_task,7,5,10.142857142857142,7.8,12.045454545454545,0.0
protein_binding,unique_optimum,15,Delta greedy,multitask,10,8,7.35,4.272159090909091,10.477272727272727,47.5
protein_binding,unique_optimum,15,Delta greedy,single_task,10,8,8.825,4.968142361111111,12.111217948717947,36.964285714285715
protein_binding,unique_optimum,15,GP + EI,multitask,10,8,10.3,8.055416666666666,12.906510416666663,26.428571428571423
protein_binding,unique_optimum,15,GP + EI,single_task,10,8,10.2,5.875,15.611458333333328,27.142857142857146
protein_binding,unique_optimum,15,NAP,multitask,10,8,15.399999999999997,8.132916666666667,22.598522727272726,-9.999999999999986
protein_binding,unique_optimum,15,NAP,single_task,10,8,10.799999999999999,6.333333333333333,16.525,22.857142857142865
protein_binding,unique_optimum,15,Random,single_task,10,8,14.0,10.549886363636364,17.45,0.0
cellular_clearance,unique_optimum,15,Delta greedy,multitask,12,12,13.729166666666666,10.375,18.063020833333326,-14.01384083044983
cellular_clearance,unique_optimum,15,Delta greedy,single_task,12,12,13.041666666666666,8.895833333333334,17.938020833333326,-8.304498269896188
cellular_clearance,unique_optimum,15,GP + EI,multitask,12,12,7.520833333333333,5.0625,10.291666666666666,37.54325259515571
cellular_clearance,unique_optimum,15,GP + EI,single_task,12,12,9.8125,6.353645833333334,14.083333333333334,18.512110726643595
cellular_clearance,unique_optimum,15,NAP,multitask,12,12,12.451388888888888,8.791493055555556,16.08350694444444,-3.4025374855824575
cellular_clearance,unique_optimum,15,NAP,single_task,12,12,10.097222222222223,7.228993055555556,13.20833333333333,16.147635524798144
cellular_clearance,unique_optimum,15,Random,single_task,12,12,12.041666666666666,10.416666666666666,13.916666666666666,0.0
permeability,unique_optimum,15,Delta greedy,multitask,11,11,6.590909090909091,3.8181818181818183,9.773295454545448,39.58333333333333
permeability,unique_optimum,15,Delta greedy,single_task,11,11,6.5,4.318181818181818,8.9778409090909,40.416666666666664
permeability,unique_optimum,15,GP + EI,multitask,11,11,7.045454545454546,4.0227272727272725,9.909090909090908,35.416666666666664
permeability,unique_optimum,15,GP + EI,single_task,11,11,6.0,4.25,7.682386363636355,44.99999999999999
permeability,unique_optimum,15,NAP,multitask,11,11,11.09848484848485,7.3784090909090905,15.151704545454542,-1.7361111111111382
permeability,unique_optimum,15,NAP,single_task,11,11,9.128787878787879,5.446969696969696,12.932007575757574,16.319444444444443
permeability,unique_optimum,15,Random,single_task,11,11,10.909090909090908,9.636363636363637,12.363636363636363,0.0
efflux,unique_optimum,15,Delta greedy,multitask,6,6,5.75,1.9583333333333333,10.041666666666666,46.51162790697675
efflux,unique_optimum,15,Delta greedy,single_task,6,6,6.5,2.7083333333333335,10.75,39.53488372093024
efflux,unique_optimum,15,GP + EI,multitask,6,6,10.666666666666666,6.375,13.918749999999969,0.7751937984496138
efflux,unique_optimum,15,GP + EI,single_task,6,6,11.333333333333334,6.375,16.25,-5.4263565891472965
efflux,unique_optimum,15,NAP,multitask,6,6,11.152777777777777,5.625,17.069444444444446,-3.746770025839785
efflux,unique_optimum,15,NAP,single_task,6,6,10.791666666666666,6.442361111111111,15.277777777777779,-0.3875968992248069
efflux,unique_optimum,15,Random,single_task,6,6,10.75,8.5,13.166666666666666,0.0
in_vivo_clearance,unique_optimum,20,Delta greedy,multitask,2,1,21.375,,,-37.90322580645162
in_vivo_clearance,unique_optimum,20,Delta greedy,single_task,2,1,22.0,,,-41.93548387096775
in_vivo_clearance,unique_optimum,20,GP + EI,multitask,2,1,9.625,,,37.903225806451616
in_vivo_clearance,unique_optimum,20,GP + EI,single_task,2,1,12.75,,,17.741935483870964
in_vivo_clearance,unique_optimum,20,NAP,multitask,2,1,17.291666666666668,,,-11.559139784946248
in_vivo_clearance,unique_optimum,20,NAP,single_task,2,1,16.208333333333336,,,-4.569892473118298
in_vivo_clearance,unique_optimum,20,Random,single_task,2,1,15.5,,,0.0
protein_binding,unique_optimum,20,Delta greedy,multitask,7,6,8.392857142857142,4.083333333333333,11.964285714285714,48.91304347826087
protein_binding,unique_optimum,20,Delta greedy,single_task,7,6,9.535714285714286,4.166666666666667,13.5,41.95652173913042
protein_binding,unique_optimum,20,GP + EI,multitask,7,6,11.678571428571429,9.041666666666666,14.28125,28.913043478260857
protein_binding,unique_optimum,20,GP + EI,single_task,7,6,13.321428571428571,9.0,18.291666666666668,18.91304347826086
protein_binding,unique_optimum,20,NAP,multitask,7,6,19.71428571428571,11.736111111111109,25.11111111111111,-19.999999999999996
protein_binding,unique_optimum,20,NAP,single_task,7,6,11.952380952380953,5.4444444444444455,19.541666666666668,27.246376811594196
protein_binding,unique_optimum,20,Random,single_task,7,6,16.428571428571427,13.166666666666666,18.6875,0.0
cellular_clearance,unique_optimum,20,Delta greedy,multitask,8,8,14.1875,9.625,20.625,-5.581395348837215
cellular_clearance,unique_optimum,20,Delta greedy,single_task,8,8,13.46875,7.3125,20.65625,-0.23255813953488857
cellular_clearance,unique_optimum,20,GP + EI,multitask,8,8,7.3125,3.75,11.34375,45.581395348837205
cellular_clearance,unique_optimum,20,GP + EI,single_task,8,8,10.90625,5.65625,16.75,18.837209302325586
cellular_clearance,unique_optimum,20,NAP,multitask,8,8,12.822916666666666,7.499739583333334,18.230468749999982,4.573643410852712
cellular_clearance,unique_optimum,20,NAP,single_task,8,8,10.645833333333332,7.1875,14.625,20.77519379844962
cellular_clearance,unique_optimum,20,Random,single_task,8,8,13.4375,11.5625,15.5625,0.0
permeability,unique_optimum,20,Delta greedy,multitask,7,7,5.75,2.5714285714285716,9.964285714285714,53.197674418604656
permeability,unique_optimum,20,Delta greedy,single_task,7,7,5.642857142857143,3.0,8.892857142857142,54.06976744186047
permeability,unique_optimum,20,GP + EI,multitask,7,7,7.571428571428571,3.7116071428571438,10.857142857142858,38.372093023255815
permeability,unique_optimum,20,GP + EI,single_task,7,7,6.321428571428571,4.25,8.250892857142844,48.54651162790699
permeability,unique_optimum,20,NAP,multitask,7,7,13.809523809523812,8.952380952380953,18.405357142857135,-12.40310077519382
permeability,unique_optimum,20,NAP,single_task,7,7,10.30952380952381,4.8809523809523805,15.690773809523806,16.085271317829452
permeability,unique_optimum,20,Random,single_task,7,7,12.285714285714286,11.0,13.571428571428571,0.0
efflux,unique_optimum,20,Delta greedy,multitask,3,3,4.333333333333333,1.0,11.0,68.29268292682926
efflux,unique_optimum,20,Delta greedy,single_task,3,3,5.666666666666667,1.0,15.0,58.536585365853654
efflux,unique_optimum,20,GP + EI,multitask,3,3,13.75,12.0,16.5,-0.6097560975609762
efflux,unique_optimum,20,GP + EI,single_task,3,3,14.916666666666666,6.75,19.5,-9.146341463414643
efflux,unique_optimum,20,NAP,multitask,3,3,15.583333333333334,5.583333333333333,23.666666666666668,-14.024390243902452
efflux,unique_optimum,20,NAP,single_task,3,3,13.916666666666666,7.25,20.75,-1.8292682926829285
efflux,unique_optimum,20,Random,single_task,3,3,13.666666666666666,12.5,15.0,0.0
in_vivo_clearance,unique_optimum,25,Delta greedy,multitask,2,1,21.375,,,-37.90322580645162
in_vivo_clearance,unique_optimum,25,Delta greedy,single_task,2,1,22.0,,,-41.93548387096775
in_vivo_clearance,unique_optimum,25,GP + EI,multitask,2,1,9.625,,,37.903225806451616
in_vivo_clearance,unique_optimum,25,GP + EI,single_task,2,1,12.75,,,17.741935483870964
in_vivo_clearance,unique_optimum,25,NAP,multitask,2,1,17.291666666666668,,,-11.559139784946248
in_vivo_clearance,unique_optimum,25,NAP,single_task,2,1,16.208333333333336,,,-4.569892473118298
in_vivo_clearance,unique_optimum,25,Random,single_task,2,1,15.5,,,0.0
protein_binding,unique_optimum,25,Delta greedy,multitask,6,5,9.291666666666666,4.6,12.916666666666666,46.904761904761905
protein_binding,unique_optimum,25,Delta greedy,single_task,6,5,10.916666666666666,5.8,14.583333333333334,37.61904761904762
protein_binding,unique_optimum,25,GP + EI,multitask,6,5,12.125,9.25,15.041666666666666,30.714285714285715
protein_binding,unique_optimum,25,GP + EI,single_task,6,5,12.708333333333334,7.666666666666667,18.75,27.380952380952372
protein_binding,unique_optimum,25,NAP,multitask,6,5,22.249999999999996,16.68333333333333,26.13888888888889,-27.142857142857114
protein_binding,unique_optimum,25,NAP,single_task,6,5,12.388888888888891,4.819444444444444,21.694444444444446,29.20634920634919
protein_binding,unique_optimum,25,Random,single_task,6,5,17.5,15.2,19.0625,0.0
cellular_clearance,unique_optimum,25,Delta greedy,multitask,5,5,16.0,8.95,25.15,-5.96026490066226
cellular_clearance,unique_optimum,25,Delta greedy,single_task,5,5,12.85,3.55,24.05,14.900662251655628
cellular_clearance,unique_optimum,25,GP + EI,multitask,5,5,8.0,2.45,13.55,47.019867549668874
cellular_clearance,unique_optimum,25,GP + EI,single_task,5,5,13.75,6.05,21.45,8.94039735099338
cellular_clearance,unique_optimum,25,NAP,multitask,5,5,17.7,12.633333333333333,22.25,-17.218543046357617
cellular_clearance,unique_optimum,25,NAP,single_task,5,5,10.316666666666666,5.133333333333334,16.566666666666666,31.677704194260482
cellular_clearance,unique_optimum,25,Random,single_task,5,5,15.1,13.1,17.1,0.0
permeability,unique_optimum,25,Delta greedy,multitask,3,3,4.666666666666667,1.75,8.0,67.05882352941175
permeability,unique_optimum,25,Delta greedy,single_task,3,3,5.583333333333333,4.0,7.0,60.58823529411765
permeability,unique_optimum,25,GP + EI,multitask,3,3,5.583333333333333,1.0,12.5,60.58823529411765
permeability,unique_optimum,25,GP + EI,single_task,3,3,7.25,5.0,9.5,48.823529411764696
permeability,unique_optimum,25,NAP,multitask,3,3,20.305555555555557,18.75,21.166666666666668,-43.33333333333336
permeability,unique_optimum,25,NAP,single_task,3,3,17.666666666666668,15.75,20.333333333333332,-24.7058823529412
permeability,unique_optimum,25,Random,single_task,3,3,14.166666666666666,13.5,15.0,0.0
efflux,unique_optimum,25,Delta greedy,multitask,3,3,4.333333333333333,1.0,11.0,68.29268292682926
efflux,unique_optimum,25,Delta greedy,single_task,3,3,5.666666666666667,1.0,15.0,58.536585365853654
efflux,unique_optimum,25,GP + EI,multitask,3,3,13.75,12.0,16.5,-0.6097560975609762
efflux,unique_optimum,25,GP + EI,single_task,3,3,14.916666666666666,6.75,19.5,-9.146341463414643
efflux,unique_optimum,25,NAP,multitask,3,3,15.583333333333334,5.583333333333333,23.666666666666668,-14.024390243902452
efflux,unique_optimum,25,NAP,single_task,3,3,13.916666666666666,7.25,20.75,-1.8292682926829285
efflux,unique_optimum,25,Random,single_task,3,3,13.666666666666666,12.5,15.0,0.0
in_vivo_clearance,unique_optimum,30,Delta greedy,multitask,1,1,21.75,,,-31.818181818181813
in_vivo_clearance,unique_optimum,30,Delta greedy,single_task,1,1,16.0,,,3.0303030303030276
in_vivo_clearance,unique_optimum,30,GP + EI,multitask,1,1,10.5,,,36.36363636363637
in_vivo_clearance,unique_optimum,30,GP + EI,single_task,1,1,20.5,,,-24.242424242424242
in_vivo_clearance,unique_optimum,30,NAP,multitask,1,1,19.0,,,-15.15151515151516
in_vivo_clearance,unique_optimum,30,NAP,single_task,1,1,15.25,,,7.57575757575758
in_vivo_clearance,unique_optimum,30,Random,single_task,1,1,16.5,,,0.0
protein_binding,unique_optimum,30,Delta greedy,multitask,5,4,10.35,4.9375,13.75,43.442622950819676
protein_binding,unique_optimum,30,Delta greedy,single_task,5,4,11.9,5.375,15.35,34.97267759562842
protein_binding,unique_optimum,30,GP + EI,multitask,5,4,13.2,10.9375,16.375,27.868852459016402
protein_binding,unique_optimum,30,GP + EI,single_task,5,4,14.55,10.0,19.3125,20.491803278688526
protein_binding,unique_optimum,30,NAP,multitask,5,4,24.05,19.979166666666668,26.904761904761905,-31.420765027322407
protein_binding,unique_optimum,30,NAP,single_task,5,4,14.333333333333332,5.25,23.708333333333336,21.675774134790537
protein_binding,unique_optimum,30,Random,single_task,5,4,18.3,16.75,19.357142857142858,0.0
cellular_clearance,unique_optimum,30,Delta greedy,multitask,2,2,24.125,14.25,34.0,-34.02777777777777
cellular_clearance,unique_optimum,30,Delta greedy,single_task,2,2,26.125,19.25,33.0,-45.138888888888886
cellular_clearance,unique_optimum,30,GP + EI,multitask,2,2,15.25,13.0,17.5,15.277777777777779
cellular_clearance,unique_optimum,30,GP + EI,single_task,2,2,23.875,20.75,27.0,-32.638888888888886
cellular_clearance,unique_optimum,30,NAP,multitask,2,2,20.583333333333332,15.916666666666666,25.25,-14.351851851851837
cellular_clearance,unique_optimum,30,NAP,single_task,2,2,15.833333333333332,9.833333333333334,21.833333333333332,12.037037037037045
cellular_clearance,unique_optimum,30,Random,single_task,2,2,18.0,18.0,18.0,0.0
permeability,unique_optimum,30,Delta greedy,multitask,1,1,8.0,,,46.666666666666664
permeability,unique_optimum,30,Delta greedy,single_task,1,1,4.0,,,73.33333333333334
permeability,unique_optimum,30,GP + EI,multitask,1,1,3.25,,,78.33333333333333
permeability,unique_optimum,30,GP + EI,single_task,1,1,5.0,,,66.66666666666667
permeability,unique_optimum,30,NAP,multitask,1,1,21.0,,,-39.99999999999999
permeability,unique_optimum,30,NAP,single_task,1,1,20.333333333333332,,,-35.55555555555554
permeability,unique_optimum,30,Random,single_task,1,1,15.0,,,0.0
efflux,unique_optimum,30,Delta greedy,multitask,1,1,1.0,,,93.33333333333333
efflux,unique_optimum,30,Delta greedy,single_task,1,1,1.0,,,93.33333333333333
efflux,unique_optimum,30,GP + EI,multitask,1,1,16.5,,,-10.000000000000009
efflux,unique_optimum,30,GP + EI,single_task,1,1,18.5,,,-23.33333333333334
efflux,unique_optimum,30,NAP,multitask,1,1,17.5,,,-16.666666666666675
efflux,unique_optimum,30,NAP,single_task,1,1,13.75,,,8.333333333333337
efflux,unique_optimum,30,Random,single_task,1,1,15.0,,,0.0
protein_binding,unique_optimum,35,Delta greedy,multitask,3,2,11.666666666666666,11.5,12.0,39.6551724137931
protein_binding,unique_optimum,35,Delta greedy,single_task,3,2,14.75,14.0,16.25,23.70689655172413
protein_binding,unique_optimum,35,GP + EI,multitask,3,2,13.583333333333334,12.0,16.75,29.74137931034482
protein_binding,unique_optimum,35,GP + EI,single_task,3,2,12.416666666666666,8.625,20.0,35.775862068965516
protein_binding,unique_optimum,35,NAP,multitask,3,2,25.777777777777775,21.833333333333332,27.75,-33.33333333333333
protein_binding,unique_optimum,35,NAP,single_task,3,2,13.638888888888888,11.625,17.666666666666668,29.454022988505745
protein_binding,unique_optimum,35,Random,single_task,3,2,19.333333333333332,18.5,19.75,0.0
cellular_clearance,unique_optimum,35,Delta greedy,multitask,2,2,24.125,14.25,34.0,-34.02777777777777
cellular_clearance,unique_optimum,35,Delta greedy,single_task,2,2,26.125,19.25,33.0,-45.138888888888886
cellular_clearance,unique_optimum,35,GP + EI,multitask,2,2,15.25,13.0,17.5,15.277777777777779
cellular_clearance,unique_optimum,35,GP + EI,single_task,2,2,23.875,20.75,27.0,-32.638888888888886
cellular_clearance,unique_optimum,35,NAP,multitask,2,2,20.583333333333332,15.916666666666666,25.25,-14.351851851851837
cellular_clearance,unique_optimum,35,NAP,single_task,2,2,15.833333333333332,9.833333333333334,21.833333333333332,12.037037037037045
cellular_clearance,unique_optimum,35,Random,single_task,2,2,18.0,18.0,18.0,0.0
protein_binding,unique_optimum,40,Delta greedy,multitask,1,1,3.0,,,85.0
protein_binding,unique_optimum,40,Delta greedy,single_task,1,1,5.0,,,75.0
protein_binding,unique_optimum,40,GP + EI,multitask,1,1,16.25,,,18.75
protein_binding,unique_optimum,40,GP + EI,single_task,1,1,11.25,,,43.75
protein_binding,unique_optimum,40,NAP,multitask,1,1,22.833333333333332,,,-14.16666666666666
protein_binding,unique_optimum,40,NAP,single_task,1,1,9.333333333333334,,,53.333333333333336
protein_binding,unique_optimum,40,Random,single_task,1,1,20.0,,,0.0
