endpoint,minimum_pool_size,metric,method,baseline,pools,groups,method_mean,baseline_mean,difference,difference_low,difference_high,improvement_percent,improvement_low,improvement_high,bootstrap_p,holm_p
all,3,all_pairs,tuned,original,4625,2011,0.9660846992233025,0.9952209497056284,-0.02913625048232592,-0.0407070076557403,-0.018735349902819737,2.927616273646962,1.9082983958488664,3.997469356720098,0.0004998750312421895,
all,3,all_pairs,tuned,previous,4625,2011,0.9660846992233025,0.9713328985324338,-0.005248199309131011,-0.009310815502146729,-0.000922231236757741,0.5403090245435548,0.09701017609363269,0.9420016490217383,0.011497125718570358,
all,3,balanced_context,tuned,original,4625,2011,0.8273807397219131,0.8476622673288547,-0.02028152760694151,-0.028235441593092003,-0.012606758569255099,2.392642493201053,1.524544143310359,3.208810539293193,0.0004998750312421895,
all,3,balanced_context,tuned,previous,4625,2011,0.8273807397219131,0.8324434254467471,-0.005062685724833945,-0.008513682738654233,-0.0014455362510781488,0.608171747181143,0.17966312814122165,0.990869323075506,0.004498875281179705,
all,3,context_0,tuned,original,4625,2011,0.9807901056456231,1.01139849157459,-0.03060838592896683,-0.04388392577791864,-0.0187276654580399,3.026342849425687,1.891025664664033,4.17282139682201,0.0004998750312421895,
all,3,context_0,tuned,previous,4625,2011,0.9807901056456231,0.9874386979013511,-0.006648592255727797,-0.011142443174482783,-0.0018507116048012823,0.6733169633576811,0.19041702123048407,1.0995887970736122,0.0029992501874531365,
all,3,context_1,tuned,original,4625,2011,0.7074135406236798,0.7185435533344502,-0.011130012710770673,-0.014419863841175353,-0.007316839523436149,1.5489684180062335,1.0509395928147196,1.9785211489984622,0.0004998750312421895,
all,3,context_1,tuned,previous,4625,2011,0.7074135406236798,0.7108902069195709,-0.0034766662958912353,-0.005932009437808438,-0.0006569104714033215,0.48905812206307503,0.09599296727512494,0.8067706376002168,0.015496125968507872,
all,3,context_2,tuned,original,1460,771,0.5418310044141146,0.5486313487502928,-0.006800344336178371,-0.009379771953445441,-0.0038831362464436777,1.2395107118228879,0.6973862558189107,1.7153555458236422,0.0004998750312421895,
all,3,context_2,tuned,previous,1460,771,0.5418310044141146,0.5417095068807554,0.00012149753335921115,-0.0018107474531313245,0.0022951615409902795,-0.022428539986092753,-0.4233949025887144,0.3376980842646118,0.928767808047988,
all,3,context_4,tuned,original,1460,771,0.4548987408892729,0.4596121244712946,-0.004713383582021688,-0.006480366713494818,-0.00286462558368663,1.0255133254901985,0.6146838339756876,1.421845538837782,0.0004998750312421895,
all,3,context_4,tuned,previous,1460,771,0.4548987408892729,0.45516844761274916,-0.0002697067234762889,-0.0017151333228026086,0.0013352943677121933,0.05925426617130593,-0.29248130479391904,0.3831201868820941,0.7153211697075731,
all,3,context_9,tuned,original,580,334,0.3835357651800347,0.3865655951000246,-0.0030298299199898637,-0.0045870020318666774,-0.0017001799644958849,0.7837815776662502,0.43290395882320876,1.2047514093703362,0.0004998750312421895,
all,3,context_9,tuned,previous,580,334,0.3835357651800347,0.38461583528441545,-0.0010800701043807638,-0.0021255574795769083,-0.00011154380950335268,0.2808178980935824,0.028518704145809072,0.5633970995113521,0.030492376905773555,
all,3,ei_top1,tuned_ei,original_ei,4625,2011,2.4964684684684686,2.509333333333333,-0.012864864864864866,-0.02761491942826052,-0.0009505366479036726,0.5126805870695245,0.03912639685581771,1.0898763910302258,0.03449137715571107,
all,3,ei_top1,tuned_ei,previous_ei,4625,2011,2.4964684684684686,2.5034594594594592,-0.006990990990990993,-0.01595100457268023,0.00030707491595937037,0.27925321357111693,-0.0126396978585577,0.6208163171868406,0.06548362909272681,
all,3,ppo_top1,tuned_ppo,original_ppo,4625,2011,2.5511711711711715,2.5702522522522524,-0.019081081081081086,-0.03922562350215097,0.0038569371101818484,0.7423816500641349,-0.14790292468903982,1.531346816440825,0.10697325668582855,
all,3,ppo_top1,tuned_ppo,previous_ppo,4625,2011,2.5511711711711715,2.5427927927927927,0.008378378378378378,-0.002195920381221174,0.019625191306467674,-0.3294951284322594,-0.7582696970701243,0.0855439553453725,0.12096975756060985,
all,3,ei_top2,tuned_ei,original_ei,4625,2011,1.7134054054054053,1.7169549549549548,-0.003549549549549548,-0.012523738299509686,0.005633361451600935,0.20673515861938097,-0.3248411686076101,0.725168529916677,0.437890527368158,
all,3,ei_top2,tuned_ei,previous_ei,4625,2011,1.7134054054054053,1.7159639639639637,-0.002558558558558558,-0.009036592949677503,0.003092237477615024,0.14910328027215414,-0.18096142663847978,0.5236648613353077,0.387903024243939,
all,3,ppo_top2,tuned_ppo,original_ppo,4625,2011,1.752828828828829,1.7595135135135136,-0.006684684684684685,-0.02217040152225796,0.010826157391179274,0.3799166436258972,-0.6048255976013734,1.2619558464804819,0.4408897775556111,
all,3,ppo_top2,tuned_ppo,previous_ppo,4625,2011,1.752828828828829,1.7485585585585586,0.00427027027027027,-0.0035759058243166686,0.012950104214941013,-0.24421660054614477,-0.7325362461107721,0.20406425861871377,0.29642589352661836,
all,3,ei_top3,tuned_ei,original_ei,4625,2011,1.0588108108108107,1.0602882882882885,-0.001477477477477478,-0.009834695564493318,0.005975051588820238,0.1393467695340617,-0.5808444786505301,0.8872650764561457,0.7108222944263934,
all,3,ei_top3,tuned_ei,previous_ei,4625,2011,1.0588108108108107,1.0586486486486486,0.00016216216216216275,-0.005458471002636883,0.004897708626799918,-0.01531784528976032,-0.4732890821321826,0.5052158468977745,0.9697575606098475,
all,3,ppo_top3,tuned_ppo,original_ppo,4625,2011,1.0927567567567567,1.0960180180180181,-0.0032612612612612636,-0.01740487333008075,0.010178111025253456,0.2975554423054985,-0.9397308587970985,1.5409662191376965,0.6628342914271432,
all,3,ppo_top3,tuned_ppo,previous_ppo,4625,2011,1.0927567567567567,1.0886126126126128,0.004144144144144143,-0.0028156155570055815,0.010316715960842734,-0.3806812539309234,-0.9619443592434151,0.24876534538444717,0.24393901524618844,
all,3,ei_top4,tuned_ei,original_ei,4625,2011,0.755981981981982,0.7587387387387388,-0.002756756756756757,-0.010281786975218792,0.0038251387902581585,0.36333412491095257,-0.5248409629609917,1.2748749350421762,0.4313921519620095,
all,3,ei_top4,tuned_ei,previous_ei,4625,2011,0.755981981981982,0.7569909909909909,-0.0010090090090090092,-0.005700388042654425,0.0028988860727508004,0.13329207626209627,-0.39322613569263204,0.714980216674337,0.6238440389902524,
all,3,ppo_top4,tuned_ppo,original_ppo,4625,2011,0.7760360360360361,0.7796576576576577,-0.0036216216216216233,-0.016404082686187163,0.006841755731569197,0.46451433985810164,-0.8761801877724428,2.032450293701925,0.5313671582104474,
all,3,ppo_top4,tuned_ppo,previous_ppo,4625,2011,0.7760360360360361,0.7737837837837838,0.0022522522522522514,-0.00435177049731564,0.007637412560937453,-0.29106997322157385,-1.0148171262545318,0.5257976313329974,0.4823794051487128,
microsomal_clearance,3,all_pairs,tuned,original,1827,897,0.843004338169541,0.8607943905493378,-0.01779005237979682,-0.024498083389009523,-0.011903491270993945,2.066701708923037,1.3862517974166315,2.8194423715094907,0.0004998750312421895,
microsomal_clearance,3,all_pairs,tuned,previous,1827,897,0.843004338169541,0.8425140330941656,0.0004903050753752977,-0.002797679031100344,0.0038408301763261806,-0.0581954787832711,-0.4515438355309441,0.33205395856611053,0.7823044238940265,
microsomal_clearance,3,balanced_context,tuned,original,1827,897,0.7121777136542577,0.7243043003505659,-0.012126586696308022,-0.01700420853016401,-0.007467345704738412,1.6742392238233101,1.0367079872774254,2.3223423376758077,0.0004998750312421895,
microsomal_clearance,3,balanced_context,tuned,previous,1827,897,0.7121777136542577,0.7129445633451005,-0.0007668496908426617,-0.0034358946297845146,0.0018558053891304697,0.10756091430793856,-0.2574312389672105,0.47922293754044143,0.5638590352411897,
microsomal_clearance,3,context_0,tuned,original,1827,897,0.8519194609840278,0.8702578348762053,-0.01833837389217763,-0.024941666081583058,-0.012165810192610723,2.1072345639710512,1.3982800327296543,2.839869949971803,0.0004998750312421895,
microsomal_clearance,3,context_0,tuned,previous,1827,897,0.8519194609840278,0.8531320786065874,-0.0012126176225595122,-0.00465106217528483,0.002121777925587389,0.14213715003426994,-0.2520592970686197,0.5424559357322337,0.46838290427393153,
microsomal_clearance,3,context_1,tuned,original,1827,897,0.610899454223422,0.6178095499773599,-0.006910095753937899,-0.01085601354736137,-0.0031226109625738054,1.1184831562074748,0.5147276177623412,1.7296385914402095,0.000999750062484379,
microsomal_clearance,3,context_1,tuned,previous,1827,897,0.610899454223422,0.6109087214728717,-9.26724944981165e-06,-0.0024676150103675187,0.002462781980196133,0.0015169613927552442,-0.4025183668280316,0.40118887122433244,0.9917520619845038,
microsomal_clearance,3,context_2,tuned,original,674,378,0.4910559650463542,0.4954486997560485,-0.004392734709694362,-0.006902729262913012,-0.00220456277756118,0.886617466522211,0.45194648544862076,1.3657235756045303,0.0004998750312421895,
microsomal_clearance,3,context_2,tuned,previous,674,378,0.4910559650463542,0.48980323434648104,0.0012527306998730483,-0.0008980863056435072,0.0037941699481930115,-0.2557620309601656,-0.7658864478502565,0.18291995699365207,0.27693076730817295,
microsomal_clearance,3,context_4,tuned,original,674,378,0.4096390143799488,0.41203690991035424,-0.002397895530405402,-0.004184580689660048,-0.0007473828763396741,0.581961341989272,0.18562110962198988,1.0139838741739118,0.006498375406148463,
microsomal_clearance,3,context_4,tuned,previous,674,378,0.4096390143799488,0.4092382792835629,0.00040073509638598534,-0.001164195606077949,0.0021248904650345572,-0.09792219268624898,-0.5147262946183914,0.28442326897803655,0.6318420394901275,
microsomal_clearance,3,context_9,tuned,original,311,183,0.3519910988949999,0.3530617034570272,-0.001070604562027276,-0.002426574046601613,0.00021442659342778793,0.30323440677490443,-0.06116469277976091,0.6874068761426622,0.09897525618595351,
microsomal_clearance,3,context_9,tuned,previous,311,183,0.3519910988949999,0.35239560300548745,-0.00040450411048749695,-0.001613184312859954,0.0007479982089257681,0.11478693463755758,-0.2127183176253886,0.45739266335372103,0.5098725318670333,
microsomal_clearance,3,ei_top1,tuned_ei,original_ei,1827,897,2.440156905674147,2.4456759715380403,-0.005519065863893451,-0.033678231971646704,0.020987656482774432,0.22566627501445596,-0.8684319706622878,1.357071268440689,0.6998250437390653,
microsomal_clearance,3,ei_top1,tuned_ei,previous_ei,1827,897,2.440156905674147,2.455847473088853,-0.01569056741470535,-0.029637126415054716,-0.004210510605452868,0.6389064299246244,0.1722826329877967,1.193171855794772,0.00849787553111722,
microsomal_clearance,3,ppo_top1,tuned_ppo,original_ppo,1827,897,2.505792738551359,2.51715015508119,-0.011357416529830331,-0.049291700937800484,0.02033957340604368,0.45120139165732764,-0.8215791168053486,1.9233444150070933,0.5073731567108223,
microsomal_clearance,3,ppo_top1,tuned_ppo,previous_ppo,1827,897,2.505792738551359,2.493203794927933,0.012588943623426382,-0.0031270901120751984,0.03067221432990501,-0.504930389125691,-1.2454910965113484,0.12357803862137819,0.12896775806048488,
microsomal_clearance,3,ei_top2,tuned_ei,original_ei,1827,897,1.736498814085021,1.7249133369823024,0.011585477102718485,-0.003151865672779725,0.0274865169179481,-0.671655604622268,-1.5922388453275356,0.18059822340860476,0.12446888277930518,
microsomal_clearance,3,ei_top2,tuned_ei,previous_ei,1827,897,1.736498814085021,1.7436599160737094,-0.007161101988688198,-0.017293434786850064,0.0022146694855095447,0.41069373234279455,-0.12926541115006912,0.9748422987191199,0.12746813296675832,
microsomal_clearance,3,ppo_top2,tuned_ppo,original_ppo,1827,897,1.7970260901295385,1.7896825396825398,0.0073435504469987175,-0.019431717681572085,0.03576550955138385,-0.4103269872824134,-2.0439243874186905,1.0761574634638769,0.5838540364908773,
microsomal_clearance,3,ppo_top2,tuned_ppo,previous_ppo,1827,897,1.7970260901295385,1.7848932676518883,0.012132822477650067,0.00017895732036736975,0.025727845174806627,-0.6797505877542775,-1.4399967132532108,-0.01000754353850696,0.04598850287428143,
microsomal_clearance,3,ei_top3,tuned_ei,original_ei,1827,897,1.0901751505199782,1.0899014778325125,0.00027367268746579163,-0.01158123506557738,0.013457403742051262,-0.025109855618321672,-1.2546550902614315,1.0309405696304492,0.9627593101724569,
microsomal_clearance,3,ei_top3,tuned_ei,previous_ei,1827,897,1.0901751505199782,1.0918171866447728,-0.0016420361247947474,-0.009886487593090448,0.006167196416961636,0.1503947863140641,-0.5667834809301937,0.9013070286155531,0.6918270432391902,
microsomal_clearance,3,ppo_top3,tuned_ppo,original_ppo,1827,897,1.1335978835978835,1.1360153256704981,-0.0024174420726144853,-0.02757506875164778,0.02099496284246872,0.21280012848310895,-1.8921807230578014,2.350379051209029,0.899775056235941,
microsomal_clearance,3,ppo_top3,tuned_ppo,previous_ppo,1827,897,1.1335978835978835,1.130222587119139,0.003375296478744754,-0.003936587768596686,0.011021471460787318,-0.2986399774002017,-0.9810669040537194,0.34438248767053226,0.3789052736815796,
microsomal_clearance,3,ei_top4,tuned_ei,original_ei,1827,897,0.8272669220945083,0.830140485312899,-0.002873563218390803,-0.014306956085210409,0.00901379174771345,0.34615384615383576,-1.0989301580585693,1.6783202172733074,0.6643339165208698,
microsomal_clearance,3,ei_top4,tuned_ei,previous_ei,1827,897,0.8272669220945083,0.8288177339901478,-0.0015508118956394819,-0.008568110108649506,0.005376470489095629,0.187111331242097,-0.6635138783628767,1.0318555661356072,0.6193451637090728,
microsomal_clearance,3,ppo_top4,tuned_ppo,original_ppo,1827,897,0.8568235723408139,0.8598339719029374,-0.003010399562123699,-0.026987582597326937,0.01621133159908729,0.350114052304902,-1.929999159036894,3.0344428060100554,0.8607848037990502,
microsomal_clearance,3,ppo_top4,tuned_ppo,previous_ppo,1827,897,0.8568235723408139,0.8566411238825032,0.0001824484583105276,-0.006603326220689064,0.0071132642708212806,-0.021298120440881144,-0.8420259744096515,0.7676630171465177,0.9872531867033242,
in_vivo_clearance,3,all_pairs,tuned,original,537,399,1.014223331732705,1.019502477286239,-0.0052791455535341125,-0.014011444142439565,0.005760965236338648,0.5178158632420818,-0.568106959895583,1.3789289467371713,0.42089477630592353,
in_vivo_clearance,3,all_pairs,tuned,previous,537,399,1.014223331732705,1.0151661258501208,-0.0009427941174157128,-0.008108257060800787,0.00772649556548187,0.09287091968581092,-0.7571262644676112,0.8050257342280889,0.899775056235941,
in_vivo_clearance,3,balanced_context,tuned,original,537,399,0.8429888599367424,0.8470209014514475,-0.004032041514705046,-0.010925383973353945,0.004459599963494114,0.47602621231610365,-0.5378325362635836,1.2959444083544642,0.4258935266183454,
in_vivo_clearance,3,balanced_context,tuned,previous,537,399,0.8429888599367424,0.8445462531488485,-0.0015573932121060766,-0.006537625425268697,0.004844260837509373,0.1844059110201904,-0.5727554254046872,0.7781090897339941,0.6618345413646588,
in_vivo_clearance,3,context_0,tuned,original,537,399,1.0023269491854623,1.0112390932784745,-0.008912144093012428,-0.020448298010161996,0.0047160003578467875,0.8813092919616784,-0.4648457351127042,2.036819562683435,0.27993001749562607,
in_vivo_clearance,3,context_0,tuned,previous,537,399,1.0023269491854623,1.0056173692547583,-0.00329042006929625,-0.012824686014874413,0.00777862251200227,0.32720398134476236,-0.7692437827178736,1.2857066588992616,0.64383904023994,
in_vivo_clearance,3,context_1,tuned,original,537,399,0.703009335454469,0.7025700542342099,0.00043928122025906844,-0.0028502857093422418,0.004707957814835972,-0.06252489949032289,-0.6716070135724176,0.40744078165882,0.7873031742064484,
in_vivo_clearance,3,context_1,tuned,previous,537,399,0.703009335454469,0.7031891196498222,-0.00017978419535316705,-0.0036122861149738227,0.00287602322319623,0.02556697626988023,-0.40734178741143773,0.524314515760301,0.9087728067983004,
in_vivo_clearance,3,context_2,tuned,original,84,67,0.6954486661843023,0.6972929807464673,-0.001844314562165053,-0.007926350268327229,0.0032111110670660016,0.26449636137030386,-0.49903369302777006,1.0646428549343876,0.5018745313671582,
in_vivo_clearance,3,context_2,tuned,previous,84,67,0.6954486661843023,0.699529287623935,-0.004080621439632582,-0.009121115862710283,0.000322497321637577,0.5833381835223953,-0.046425190499900994,1.2653381939873298,0.07798050487378155,
in_vivo_clearance,3,context_4,tuned,original,84,67,0.5728277745375935,0.5753119282777133,-0.0024841537401197457,-0.008863379449929872,0.002205560941531905,0.43179249690798044,-0.42449992995107383,1.3425283124186036,0.35291177205698576,
in_vivo_clearance,3,context_4,tuned,previous,84,67,0.5728277745375935,0.57644700431873,-0.0036192297811365737,-0.008116014003514981,0.00024315115111692178,0.6278512602236268,-0.04698559529929861,1.2879283926869602,0.0664833791552112,
in_vivo_clearance,3,context_9,tuned,original,20,16,0.4100690842495894,0.40960997178355274,0.00045911246603655973,-0.004671110867258375,0.0061865071836853846,-0.11208527566785971,-1.8676751840636014,1.1034554158383405,0.9557610597350662,
in_vivo_clearance,3,context_9,tuned,previous,20,16,0.4100690842495894,0.4095908408224239,0.00047824342716539794,-0.004691445934966781,0.005724800715240852,-0.11676126014077523,-1.6940808343176554,1.0878190976972748,0.9307673081729567,
in_vivo_clearance,3,ei_top1,tuned_ei,original_ei,537,399,2.3848541278708875,2.39137181874612,-0.006517690875232779,-0.020023710466546003,0.006761755240373659,0.2725502920181663,-0.28079157207989136,0.8322416070157211,0.31692076980754813,
in_vivo_clearance,3,ei_top1,tuned_ei,previous_ei,537,399,2.3848541278708875,2.3820608317815024,0.002793296089385483,-0.01071182291591186,0.014396994134897373,-0.11726384364819085,-0.6096983824547647,0.4422288175423499,0.6588352911772057,
in_vivo_clearance,3,ppo_top1,tuned_ppo,original_ppo,537,399,2.463376784605835,2.454686530105524,0.00869025450031037,-0.011114417989417985,0.02880484278917261,-0.3540270577823047,-1.1672381921953074,0.4433532293119666,0.37690577355661087,
in_vivo_clearance,3,ppo_top1,tuned_ppo,previous_ppo,537,399,2.463376784605835,2.4559279950341404,0.007448789571694599,-0.018710810411120972,0.028456317719369434,-0.30329836977127117,-1.1737153592839171,0.7572556523286197,0.5398650337415646,
in_vivo_clearance,3,ei_top2,tuned_ei,original_ei,537,399,1.617783985102421,1.621818746120422,-0.0040347610180012415,-0.0168170362066102,0.004991218274208698,0.24878002105061178,-0.30523606606299486,1.0238024649859554,0.4393901524618845,
in_vivo_clearance,3,ei_top2,tuned_ei,previous_ei,537,399,1.617783985102421,1.6194909993792677,-0.0017070142768466738,-0.016215213663940912,0.00891507475083057,0.10540436949022859,-0.5553529274411207,0.9787562265899523,0.8312921769557611,
in_vivo_clearance,3,ppo_top2,tuned_ppo,original_ppo,537,399,1.655027932960894,1.6415270018621975,0.01350093109869646,-0.011700798668930914,0.043806205035971234,-0.8224617129892212,-2.5336556193340503,0.7213055773743793,0.32141964508872783,
in_vivo_clearance,3,ppo_top2,tuned_ppo,previous_ppo,537,399,1.655027932960894,1.649441340782123,0.005586592178770948,-0.015404844205277416,0.022152453576053818,-0.3386960203217642,-1.3783689844135283,0.9056901633699037,0.6133466633341664,
in_vivo_clearance,3,ei_top3,tuned_ei,original_ei,537,399,0.873060211049038,0.8710428305400373,0.0020173805090006216,-0.01923363095238095,0.02190926195555825,-0.23160520220916503,-2.720597971246568,2.079032173928163,0.9162709322669332,
in_vivo_clearance,3,ei_top3,tuned_ei,previous_ei,537,399,0.873060211049038,0.8665425201738051,0.00651769087523278,-0.013825799477071594,0.025024405573831884,-0.7521489971346857,-3.1220443479392888,1.53911750979606,0.7143214196450888,
in_vivo_clearance,3,ppo_top3,tuned_ppo,original_ppo,537,399,0.9072004965859715,0.893699565487275,0.01350093109869646,-0.00860753602072204,0.03209077115228389,-1.510678937315503,-3.608409803615816,0.9305048685020902,0.25743564108972755,
in_vivo_clearance,3,ppo_top3,tuned_ppo,previous_ppo,537,399,0.9072004965859715,0.8981998758535071,0.009000620732464305,-0.014437226654026776,0.03005101530958949,-1.0020732550103684,-3.5986895290059207,1.501887862063065,0.6003499125218695,
in_vivo_clearance,3,ei_top4,tuned_ei,original_ei,537,399,0.5367783985102421,0.5350713842333955,0.001707014276846678,-0.009594044419307314,0.01201967592592593,-0.31902552204175,-2.4748019531161387,1.6496167875085952,0.8622844288927768,
in_vivo_clearance,3,ei_top4,tuned_ei,previous_ei,537,399,0.5367783985102421,0.5336747361887028,0.0031036623215394163,-0.009556574923547402,0.013587117124062086,-0.5815644082582034,-2.792165753154916,1.699357844502823,0.7663084228942765,
in_vivo_clearance,3,ppo_top4,tuned_ppo,original_ppo,537,399,0.5605214152700186,0.5459342023587834,0.014587212911235256,-0.002670179129450562,0.0291057730067165,-2.6719727117680416,-5.432545064413256,0.4954684188215368,0.10347413146713322,
in_vivo_clearance,3,ppo_top4,tuned_ppo,previous_ppo,537,399,0.5605214152700186,0.5507448789571695,0.009776536312849164,-0.008989659383144347,0.026522206408683496,-1.7751479289940784,-5.242606268340751,1.5435951731225865,0.4423894026493377,
protein_binding,3,all_pairs,tuned,original,880,355,1.0771641090306685,1.102205790196954,-0.025041681166285475,-0.04992569993105079,-0.010470538354733251,2.271960589302543,1.0614064913215338,4.185230804038309,0.0004998750312421895,
protein_binding,3,all_pairs,tuned,previous,880,355,1.0771641090306685,1.084360254032297,-0.007196145001628283,-0.018507340257612016,-0.0012525061537025507,0.6636304655089406,0.12522197178401737,1.50821759949803,0.00899775056235941,
protein_binding,3,balanced_context,tuned,original,880,355,0.9743083053048356,0.9891461575166265,-0.014837852211790764,-0.038374611075190586,-0.0012964966019846228,1.5000667089526145,0.14307069063459468,3.676694809056011,0.02749312671832042,
protein_binding,3,balanced_context,tuned,previous,880,355,0.9743083053048356,0.9780446554582183,-0.003736350153382708,-0.015156993792274965,0.0030963027553084694,0.3820224498473639,-0.3248654508009007,1.4181313565602085,0.2999250187453137,
protein_binding,3,context_0,tuned,original,880,355,1.1119365599861328,1.1331945424786005,-0.021257982492467825,-0.050261937841392615,-0.004626167933294207,1.8759340691820465,0.43205399513794684,4.226177262385735,0.005498625343664084,
protein_binding,3,context_0,tuned,previous,880,355,1.1119365599861328,1.1166320217989358,-0.004695461812803228,-0.017986049381236765,0.003154974802888034,0.4205021637511738,-0.2850809116473966,1.5163304651925744,0.2509372656835791,
protein_binding,3,context_1,tuned,original,880,355,0.8529945982327004,0.8624081643589223,-0.00941356612622179,-0.028863031160798254,0.0017264004517847107,1.091544180036787,-0.20602772710030676,3.1501246478439207,0.10597350662334416,
protein_binding,3,context_1,tuned,previous,880,355,0.8529945982327004,0.8559850258385959,-0.002990427605895401,-0.013030595881370207,0.003224620588702197,0.3493551307122271,-0.39169213100818073,1.3702787626002118,0.39040239940015,
protein_binding,3,context_2,tuned,original,177,93,0.6355074078334014,0.6404989835197493,-0.00499157568634798,-0.019822071359673555,0.018472550559786503,0.7793260902488195,-2.533908746568327,3.5370918590014377,0.5548612846788303,
protein_binding,3,context_2,tuned,previous,177,93,0.6355074078334014,0.6328694485319831,0.0026379593014183716,-0.007653014810741586,0.018455209010561944,-0.41682519317963074,-2.513888330858456,1.3843657605462072,0.7808047988003,
protein_binding,3,context_4,tuned,original,177,93,0.570859846413124,0.577963553294149,-0.007103706881024933,-0.017220301018880856,0.007321027134472809,1.229092533696419,-1.140733074523362,3.3275911203507715,0.2554361409647588,
protein_binding,3,context_4,tuned,previous,177,93,0.570859846413124,0.5702689921708507,0.0005908542422733484,-0.008131638212388598,0.012455456049105472,-0.10360974389018228,-1.9679934182379943,1.558572854113698,0.9987503124218945,
protein_binding,3,context_9,tuned,original,44,29,0.41525240079744136,0.42963674000657337,-0.014384339209132114,-0.021932166722603588,-0.006203533634649836,3.3480235440088144,1.8705433011366517,7.469987045519146,0.0004998750312421895,
protein_binding,3,context_9,tuned,previous,44,29,0.41525240079744136,0.4190008995945545,-0.0037484987971131297,-0.007997297755757957,-0.0007163399614337672,0.8946278637445338,0.16612945283161454,3.073252403215033,0.01699575106223444,
protein_binding,3,ei_top1,tuned_ei,original_ei,880,355,2.1216856060606064,2.1233901515151516,-0.001704545454545454,-0.02417677849632614,0.01598227828601223,0.08027471792355036,-0.7476649393086364,1.1301315648996302,0.8387903024243939,
protein_binding,3,ei_top1,tuned_ei,previous_ei,880,355,2.1216856060606064,2.122159090909091,-0.00047348484848485386,-0.014029856800941142,0.011177627216043522,0.022311468094580334,-0.5267508720901265,0.6571378858593302,0.9362659335166208,
protein_binding,3,ppo_top1,tuned_ppo,original_ppo,880,355,2.125852272727273,2.140340909090909,-0.014488636363636368,-0.05155390192074929,0.05768249907426585,0.6769312450225504,-2.7328911382931262,2.3974784958887825,0.6758310422394401,
protein_binding,3,ppo_top1,tuned_ppo,previous_ppo,880,355,2.125852272727273,2.1259469696969697,-9.469696969697062e-05,-0.020867924868411568,0.015891368769344088,0.004454342984405748,-0.7341923300952368,0.9894879553915542,0.9827543114221444,
protein_binding,3,ei_top2,tuned_ei,original_ei,880,355,1.41969696969697,1.4197916666666666,-9.469696969696936e-05,-0.016065227091942656,0.018175880561855484,0.006669779230285772,-1.310433364601141,1.1452109348750226,0.9482629342664334,
protein_binding,3,ei_top2,tuned_ei,previous_ei,880,355,1.41969696969697,1.4140151515151518,0.005681818181818184,-0.002188010793200923,0.017945483100083006,-0.40182159121349686,-1.298714178809389,0.16074500335149025,0.1604598850287428,
protein_binding,3,ppo_top2,tuned_ppo,original_ppo,880,355,1.428409090909091,1.4285984848484847,-0.00018939393939394275,-0.029619294452413923,0.05717495171361788,0.013257324671869158,-4.209195158506182,1.9994130938186894,0.9292676830792302,
protein_binding,3,ppo_top2,tuned_ppo,previous_ppo,880,355,1.428409090909091,1.4262310606060604,0.0021780303030303,-0.007973348519362187,0.021392807682357053,-0.1527123032999305,-1.5322397550542934,0.5631783113508416,0.7433141714571357,
protein_binding,3,ei_top3,tuned_ei,original_ei,880,355,0.758996212121212,0.7512310606060605,0.0077651515151515174,-0.00995491914860515,0.020690782793893213,-1.0336568763393479,-2.7657380026175296,1.3469452553999477,0.3459135216195951,
protein_binding,3,ei_top3,tuned_ei,previous_ei,880,355,0.758996212121212,0.7547348484848484,0.004261363636363635,-0.0036550942389758172,0.011596582757815374,-0.5646173149309927,-1.5518147017428756,0.4932587999501267,0.25293676580854785,
protein_binding,3,ppo_top3,tuned_ppo,original_ppo,880,355,0.7689393939393939,0.7620265151515152,0.006912878787878788,-0.013611799893884752,0.04422661278382969,-0.9071703740524326,-5.980504229631823,1.8003357012940737,0.6338415396150963,
protein_binding,3,ppo_top3,tuned_ppo,previous_ppo,880,355,0.7689393939393939,0.7678977272727273,0.001041666666666664,-0.007885886054391637,0.020005789291434012,-0.13565174497471172,-2.671891641568534,1.0243042016383401,0.8922769307673082,
protein_binding,3,ei_top4,tuned_ei,original_ei,880,355,0.47755681818181817,0.46875,0.008806818181818181,-0.0050291383176124934,0.02285982733909794,-1.8787878787878753,-4.746084590053525,1.066324268840657,0.19645088727818044,
protein_binding,3,ei_top4,tuned_ei,previous_ei,880,355,0.47755681818181817,0.4752840909090909,0.0022727272727272713,-0.004312070640292774,0.009972504230118447,-0.4781829049611449,-2.0941291731269827,0.9072767260428285,0.437890527368158,
protein_binding,3,ppo_top4,tuned_ppo,original_ppo,880,355,0.48409090909090907,0.48560606060606065,-0.0015151515151515169,-0.014954850465174679,0.0236474171485034,0.31201248049923336,-4.911304092805005,3.084759550652212,0.8682829292676831,
protein_binding,3,ppo_top4,tuned_ppo,previous_ppo,880,355,0.48409090909090907,0.4833333333333334,0.0007575757575757558,-0.007390667918800179,0.016273931580692846,-0.15673981191220948,-3.3317594455290287,1.5433947963006565,0.9532616845788553,
cellular_clearance,3,all_pairs,tuned,original,524,222,1.1135242884530583,1.2288386918637926,-0.11531440341073437,-0.1854966855534874,-0.034364238933759825,9.384014694055224,3.2916512734969903,12.81071107432287,0.0004998750312421895,
cellular_clearance,3,all_pairs,tuned,previous,524,222,1.1135242884530583,1.1418918099370958,-0.028367521484037633,-0.049525772487334564,-0.00012251676479747544,2.4842564976098953,0.014895794673095911,3.7363169841682145,0.047988002999250184,
cellular_clearance,3,balanced_context,tuned,original,524,222,0.9707421364346208,1.055039964654405,-0.08429782821978402,-0.13214631428870566,-0.026926769112211663,7.990012799884537,3.1632642012922894,10.244500939049917,0.0004998750312421895,
cellular_clearance,3,balanced_context,tuned,previous,524,222,0.9707421364346208,0.997444825968471,-0.026702689533850087,-0.04313541273904592,-0.003323492161107356,2.6771094338900507,0.46973501044410426,3.7713199294396405,0.013496625843539115,
cellular_clearance,3,context_0,tuned,original,524,222,1.1631458312935887,1.2893187044573378,-0.12617287316374948,-0.20381880732897018,-0.03401544012818868,9.786011226514706,3.218730261844069,13.226917215146102,0.0004998750312421895,
cellular_clearance,3,context_0,tuned,previous,524,222,1.1631458312935887,1.1943939258980367,-0.031248094604448284,-0.05118482451055973,-0.0020049724931003334,2.6162302006813447,0.2128664504866149,3.886279564834083,0.02999250187453137,
cellular_clearance,3,context_1,tuned,original,524,222,0.8111260908655349,0.855795774012999,-0.04466968314746418,-0.06208403308436659,-0.020671465209375493,5.219666245604247,3.195880204111814,6.466998411876755,0.0004998750312421895,
cellular_clearance,3,context_1,tuned,previous,524,222,0.8111260908655349,0.8331386155447682,-0.02201252467923329,-0.03490439663663975,-0.003578497390604868,2.6421203228996752,0.6372961555108183,3.5436314119853747,0.005498625343664084,
cellular_clearance,3,context_2,tuned,original,186,105,0.46559528001521827,0.48526894198359116,-0.019673661968372877,-0.028554078784605495,-0.01284475620916129,4.054177027681721,2.5329756227260254,6.27706566897454,0.0004998750312421895,
cellular_clearance,3,context_2,tuned,previous,186,105,0.46559528001521827,0.4657673744140428,-0.0001720943988245578,-0.005127297823921822,0.004019308069489686,0.036948573102837716,-0.8815085691183722,1.1932564479946621,0.9637590602349413,
cellular_clearance,3,context_4,tuned,original,186,105,0.38870503118950667,0.40183664517946205,-0.01313161398995535,-0.01875313802705068,-0.008461215505086364,3.2678985720903437,2.0333343905959955,5.0499181317821416,0.0004998750312421895,
cellular_clearance,3,context_4,tuned,previous,186,105,0.38870503118950667,0.38871610357922165,-1.107238971497792e-05,-0.0035226404314799174,0.0029887847857102425,0.0028484515081909326,-0.7721769306660226,0.9771349227427352,0.9982504373906523,
cellular_clearance,3,context_9,tuned,original,79,53,0.3604986524554465,0.3682720562668278,-0.007773403811381227,-0.01654081249298078,-0.00043876097420092176,2.1107775295742686,0.10177241019304556,4.8849867082314855,0.03599100224943764,
cellular_clearance,3,context_9,tuned,previous,79,53,0.3604986524554465,0.3625331643815735,-0.0020345119261270554,-0.006440687348295005,0.0014409418326016268,0.5611933268498602,-0.3770234445822787,1.9573120171755216,0.2714321419645089,
cellular_clearance,3,ei_top1,tuned_ei,original_ei,524,222,2.6701653944020354,2.717875318066158,-0.047709923664122154,-0.10514890923981834,-0.007926373028432394,1.7554125219426786,0.2924014643335579,3.6157624920535327,0.01949512621844539,
cellular_clearance,3,ei_top1,tuned_ei,previous_ei,524,222,2.6701653944020354,2.66412213740458,0.006043256997455466,-0.0275558897243108,0.030868936228807854,-0.22683858643743532,-1.1213753897602523,0.9574683214379321,0.6488377905523619,
cellular_clearance,3,ppo_top1,tuned_ppo,original_ppo,524,222,2.7312340966921123,2.7522264631043254,-0.020992366412213727,-0.0822531089850713,0.026566831505286513,0.7627412458106797,-0.9395307367855192,2.7109012330387734,0.3754061484628843,
cellular_clearance,3,ppo_top1,tuned_ppo,previous_ppo,524,222,2.7312340966921123,2.713899491094148,0.017334605597964382,-0.020044999167101216,0.0678171408795805,-0.6387342513917301,-2.2989667423810007,0.7175491778117279,0.34941264683829043,
cellular_clearance,3,ei_top2,tuned_ei,original_ei,524,222,1.8249045801526718,1.863708651399491,-0.038804071246819345,-0.09271423814772532,-0.0034882984053998412,2.082088915436462,0.18988928994434945,4.50830131092705,0.02899275181204699,
cellular_clearance,3,ei_top2,tuned_ei,previous_ei,524,222,1.8249045801526718,1.828562340966921,-0.0036577608142493675,-0.03252686712983066,0.02015118705365479,0.20003478865888705,-1.05972699550958,1.6827545213822754,0.7583104223944014,
cellular_clearance,3,ppo_top2,tuned_ppo,original_ppo,524,222,1.8414440203562343,1.887245547073791,-0.045801526717557245,-0.10379378581372009,-0.005036405122945305,2.4268981208392715,0.25245149089584434,4.901823877155947,0.03499125218695326,
cellular_clearance,3,ppo_top2,tuned_ppo,previous_ppo,524,222,1.8414440203562343,1.8584605597964376,-0.017016539440203565,-0.04240950640160594,0.007238210169564016,0.915625534827986,-0.37594377711935495,2.1468051489621343,0.15096225943514122,
cellular_clearance,3,ei_top3,tuned_ei,original_ei,524,222,1.2212150127226462,1.2391857506361321,-0.017970737913486006,-0.054358977912356186,0.013307118900191657,1.4502053388090277,-0.9911928123413093,3.9243237657707657,0.23744063984004,
cellular_clearance,3,ei_top3,tuned_ei,previous_ei,524,222,1.2212150127226462,1.2261450381679388,-0.0049300254452926216,-0.024235083058929872,0.016984383191963458,0.40207522697795234,-1.1823834836047191,1.8466672179767827,0.6108472881779555,
cellular_clearance,3,ppo_top3,tuned_ppo,original_ppo,524,222,1.245388040712468,1.2670165394402035,-0.021628498727735364,-0.0655117349970291,0.0072775488400488465,1.7070415463788258,-0.5919639879293145,4.318511789117001,0.15996000999750062,
cellular_clearance,3,ppo_top3,tuned_ppo,previous_ppo,524,222,1.245388040712468,1.2511132315521627,-0.005725190839694659,-0.03005482599179603,0.010191815542103456,0.4576077284860841,-0.8812355784066743,2.081614556890618,0.5133716570857285,
cellular_clearance,3,ei_top4,tuned_ei,original_ei,524,222,0.9026717557251909,0.9254134860050891,-0.022741730279898214,-0.05826695707866538,0.0013442344846152645,2.457466918714557,-0.12859947318355403,5.412728995571111,0.06398400399900026,
cellular_clearance,3,ei_top4,tuned_ei,previous_ei,524,222,0.9026717557251909,0.9118956743002544,-0.009223918575063612,-0.027627069574390026,0.0028911255173114186,1.0115102895012138,-0.3129135557835885,2.5595521408128312,0.15246188452886777,
cellular_clearance,3,ppo_top4,tuned_ppo,original_ppo,524,222,0.8948791348600508,0.9147582697201017,-0.01987913486005089,-0.05189094107299912,0.0017878703654929033,2.173157162726008,-0.1973401587158678,4.751684320038941,0.07548112971757061,
cellular_clearance,3,ppo_top4,tuned_ppo,previous_ppo,524,222,0.8948791348600508,0.8998091603053435,-0.004930025445292618,-0.03042475981620718,0.00842718170538361,0.5478967833156738,-1.075062686551951,2.798029532175365,0.5518620344913772,
permeability,3,all_pairs,tuned,original,516,376,0.9442744507170079,0.9625865400316811,-0.01831208931467325,-0.03160746594421546,-0.007658558382421843,1.902383687400253,0.805876367488305,3.231483070520341,0.000999750062484379,
permeability,3,all_pairs,tuned,previous,516,376,0.9442744507170079,0.9507154350075787,-0.0064409842905707275,-0.018474309770066637,0.0031430405390692816,0.6774881371858114,-0.34299483766928907,1.9152705876226976,0.21194701324668833,
permeability,3,balanced_context,tuned,original,516,376,0.7782329027344185,0.7912675207993992,-0.01303461806498084,-0.022694255356786815,-0.004764716547095804,1.6473086184318761,0.6187615413998606,2.8557259441434715,0.0024993751562109472,
permeability,3,balanced_context,tuned,previous,516,376,0.7782329027344185,0.7842848690387899,-0.006051966304371582,-0.014370731007836823,0.0009559082806880504,0.77165409448593,-0.12466163549181339,1.8141979362041754,0.094976255936016,
permeability,3,context_0,tuned,original,516,376,0.9443346423425231,0.9653707601703346,-0.021036117827811517,-0.034542138540093976,-0.009393849559877002,2.1790713677820372,0.9981433447540251,3.614295558907537,0.0004998750312421895,
permeability,3,context_0,tuned,previous,516,376,0.9443346423425231,0.9549438945740334,-0.010609252231510314,-0.0230806244119958,-0.0005414997169630027,1.110981733250699,0.055951084312893654,2.372630232937954,0.039990002499375156,
permeability,3,context_1,tuned,original,516,376,0.658979240232365,0.6661157718746206,-0.0071365316422555,-0.015019919690983857,-0.00044469634082597244,1.071365060486641,0.06598759252875039,2.2177262988490014,0.03349162709322669,
permeability,3,context_1,tuned,previous,516,376,0.658979240232365,0.6610448201027429,-0.0020655798703779872,-0.007968891692103961,0.003308206077762864,0.31247198488854017,-0.5089922414057189,1.2024747327925194,0.4573856535866033,
permeability,3,context_2,tuned,original,200,163,0.5629264359815298,0.5714354552381564,-0.008509019256626574,-0.01522369501976471,-0.0027431028335625145,1.489060431694831,0.48659805841953363,2.6232143659269056,0.005498625343664084,
permeability,3,context_2,tuned,previous,200,163,0.5629264359815298,0.5662169494221543,-0.003290513440624453,-0.009391109174015609,0.002255124332724371,0.5811400460517067,-0.40168372076652376,1.6751339560718315,0.2614346413396651,
permeability,3,context_4,tuned,original,200,163,0.4648328044391084,0.4692179043240863,-0.004385099884977843,-0.008841044616313359,-0.00029032125123834904,0.9345551063944711,0.058700879549369644,1.8667269431714295,0.032491877030742314,
permeability,3,context_4,tuned,previous,200,163,0.4648328044391084,0.46645991400994474,-0.0016271095708363275,-0.006042303319772665,0.0022364018024508834,0.34882087870076844,-0.4926930845254541,1.2947254584261523,0.4513871532116971,
permeability,3,context_9,tuned,original,72,62,0.4370458126949904,0.4378207919222496,-0.0007749792272591306,-0.005258902439512452,0.0035907230173022357,0.17700831974120707,-0.8474240884921637,1.237266989812287,0.7258185453636591,
permeability,3,context_9,tuned,previous,72,62,0.4370458126949904,0.4384515366441642,-0.0014057239491738092,-0.005582867141712483,0.002793578020566724,0.32061102121639257,-0.6588480291393365,1.2842642238365845,0.49537615596100976,
permeability,3,ei_top1,tuned_ei,original_ei,516,376,3.0146963824289403,3.0392441860465116,-0.024547803617571064,-0.05865726998292085,0.004648732600224506,0.8076943514533248,-0.16261302630376667,1.916668794823874,0.10547363159210198,
permeability,3,ei_top1,tuned_ei,previous_ei,516,376,3.0146963824289403,3.0316537467700257,-0.016957364341085267,-0.045065169923006854,0.010799478323613339,0.5593437033880294,-0.3614800996718749,1.5012802544591095,0.2464383904023994,
permeability,3,ppo_top1,tuned_ppo,original_ppo,516,376,3.1396963824289403,3.175387596899225,-0.03569121447028425,-0.11530634741591467,0.05345647512739061,1.123995524361723,-1.7122256868126928,3.5509102972528748,0.39440139965008747,
permeability,3,ppo_top1,tuned_ppo,previous_ppo,516,376,3.1396963824289403,3.1338824289405682,0.005813953488372105,-0.041228150577276246,0.05654775262887921,-0.185519196083484,-1.8118721721844786,1.3147083194813691,0.8352911772056986,
permeability,3,ei_top2,tuned_ei,original_ei,516,376,1.9785206718346255,1.9935400516795867,-0.015019379844961241,-0.04305828421741977,0.010317902339178944,0.7534024627349276,-0.5231583390329159,2.1400966610870995,0.2659335166208448,
permeability,3,ei_top2,tuned_ei,previous_ei,516,376,1.9785206718346255,1.9796511627906979,-0.0011304909560723492,-0.025355863972742657,0.023364635071743932,0.05710556371349146,-1.1756368610480037,1.2732170446507238,0.9412646838290427,
permeability,3,ppo_top2,tuned_ppo,original_ppo,516,376,2.0285852713178296,2.06734496124031,-0.03875968992248061,-0.105045298280542,0.023334795321637437,1.8748535270681799,-1.148691339772676,4.892875167839338,0.22044488877780555,
permeability,3,ppo_top2,tuned_ppo,previous_ppo,516,376,2.0285852713178296,2.029877260981912,-0.0012919896640826828,-0.041477857509356515,0.0377873918857403,0.06364865940009692,-1.8535125645576054,2.0326588543562125,0.9542614346413396,
permeability,3,ei_top3,tuned_ei,original_ei,516,376,1.303294573643411,1.3070090439276485,-0.0037144702842377285,-0.0245847533628793,0.016234195698481408,0.28419621895463854,-1.2740427088657287,1.828357968322758,0.7468132966758311,
permeability,3,ei_top3,tuned_ei,previous_ei,516,376,1.303294573643411,1.303294573643411,1.7212760071707853e-17,-0.018922852983988336,0.01875054824561405,0.0,-1.4470738746820864,1.4387928254956734,0.9912521869532617,
permeability,3,ppo_top3,tuned_ppo,original_ppo,516,376,1.3632105943152457,1.3806524547803618,-0.01744186046511629,-0.076557517974367,0.03864527697628257,1.2633056497835866,-2.825017202665506,5.337364722364196,0.5648587853036741,
permeability,3,ppo_top3,tuned_ppo,previous_ppo,516,376,1.3632105943152457,1.3615956072351423,0.001614987080103357,-0.03301166689410997,0.03343172136532719,-0.11860989206500386,-2.4691714341910598,2.3619373084500204,0.9337665583604099,
permeability,3,ei_top4,tuned_ei,original_ei,516,376,0.9313630490956072,0.9291020671834626,0.002260981912144703,-0.012404749336798228,0.017438361326442726,-0.24335129497652644,-1.8910153635583022,1.311947726497668,0.767808047988003,
permeability,3,ei_top4,tuned_ei,previous_ei,516,376,0.9313630490956072,0.9312015503875969,0.00016149870801034137,-0.015201687471104942,0.015380707454205321,-0.017343045438775108,-1.689380908807505,1.6058402055398178,0.960259935016246,
permeability,3,ppo_top4,tuned_ppo,original_ppo,516,376,0.9589793281653748,0.9794896640826875,-0.020510335917312664,-0.07752962068271359,0.030369931012746897,2.0939818631492164,-3.1592252561078396,7.530537968674255,0.4403899025243689,
permeability,3,ppo_top4,tuned_ppo,previous_ppo,516,376,0.9589793281653748,0.9589793281653748,-3.872871016134267e-18,-0.03121460332470379,0.03029610718803335,0.0,-3.1682009833768388,3.235503751121497,0.9937515621094727,
efflux,3,all_pairs,tuned,original,341,251,1.0694959509243205,1.091511689108172,-0.02201573818385147,-0.03241048292277095,-0.011691699361451877,2.01699518232733,1.0481233583798981,3.0283102234125736,0.000999750062484379,
efflux,3,all_pairs,tuned,previous,341,251,1.0694959509243205,1.0699114699371832,-0.00041551901286292583,-0.00306517964214156,0.002633873485355272,0.03883676589495182,-0.23269872920168944,0.30366398107712783,0.7898025493626594,
efflux,3,balanced_context,tuned,original,341,251,0.8949379900602107,0.9111442954545812,-0.016206305394370433,-0.023727177773934852,-0.008587863343233236,1.7786760533121688,0.9359073230513555,2.6440923415133066,0.0004998750312421895,
efflux,3,balanced_context,tuned,previous,341,251,0.8949379900602107,0.8972094119766815,-0.002271421916470744,-0.004594719014405889,0.0002489166183725545,0.2531651904393774,-0.02568162185521886,0.5354090658652566,0.07748062984253937,
efflux,3,context_0,tuned,original,341,251,1.073837383713243,1.0961174643941471,-0.022280080680903945,-0.03360568320149308,-0.011742917604168407,2.0326362278352,1.063654259164351,3.0484666715448565,0.0004998750312421895,
efflux,3,context_0,tuned,previous,341,251,1.073837383713243,1.0761451523046088,-0.0023077685913656435,-0.005433471491228634,0.0010364486155949955,0.2144477059087746,-0.09295951735824369,0.5239867321566569,0.1939515121219695,
efflux,3,context_1,tuned,original,341,251,0.7696765494459231,0.7805685006846288,-0.010891951238705847,-0.01648721915930365,-0.004845334575115205,1.3953869813030446,0.609712296186916,2.175279336175934,0.0004998750312421895,
efflux,3,context_1,tuned,previous,341,251,0.7696765494459231,0.771829416902305,-0.002152867456382019,-0.004023977548288742,-0.00016473723926164596,0.2789304746924903,0.02000165268428905,0.5340445279900595,0.03549112721819545,
efflux,3,context_2,tuned,original,139,114,0.6475758099153566,0.6516640346587975,-0.004088224743440977,-0.009122356027567525,0.0013478656612800454,0.6273515992917252,-0.20633392295906233,1.4457146142945685,0.14996250937265684,
efflux,3,context_2,tuned,previous,139,114,0.6475758099153566,0.6483023454702173,-0.0007265355548607404,-0.002336774216386435,0.0009051472597571151,0.11206739570465772,-0.14133037489154135,0.36189342929910995,0.37190702324418895,
efflux,3,context_4,tuned,original,139,114,0.5297125427403034,0.5331645803735385,-0.003452037633235159,-0.007141222911096101,0.00041680534225922093,0.6474619208231301,-0.07520209908777024,1.3683339895865452,0.0804798800299925,
efflux,3,context_4,tuned,previous,139,114,0.5297125427403034,0.5306978074298874,-0.0009852646895841361,-0.0021393583886432786,0.00014550915748587215,0.18565456193524946,-0.028444309970942546,0.4141447441029004,0.08797800549862535,
efflux,3,context_9,tuned,original,54,49,0.49189504944400675,0.4943157393229101,-0.002420689878903372,-0.005765191225559612,0.0008626440984620978,0.48970519980187455,-0.1831915717609595,1.1866636694814445,0.15346163459135218,
efflux,3,context_9,tuned,previous,54,49,0.49189504944400675,0.49343823902076617,-0.0015431895767594472,-0.0032482402484450127,0.0001949901872893954,0.31274219440753026,-0.03998714546067383,0.6494697833959742,0.0804798800299925,
efflux,3,ei_top1,tuned_ei,original_ei,341,251,2.8900293255131966,2.909824046920821,-0.01979472140762464,-0.05151024811218985,0.008434858620528632,0.6802721088435292,-0.30066970635681783,1.7475766644772817,0.17345663584103974,
efflux,3,ei_top1,tuned_ei,previous_ei,341,251,2.8900293255131966,2.8875855327468227,0.002443792766373406,-0.016260336618777148,0.019524179445789606,-0.08463100880164023,-0.6828267433326782,0.5496401350841122,0.7768057985503624,
efflux,3,ppo_top1,tuned_ppo,original_ppo,341,251,2.8629032258064515,2.9508797653958942,-0.08797653958944283,-0.1717855774533777,-0.00885754495596689,2.981366459627327,0.3214052520757017,5.663068835887219,0.02749312671832042,
efflux,3,ppo_top1,tuned_ppo,previous_ppo,341,251,2.8629032258064515,2.8636363636363633,-0.0007331378299120228,-0.0358035370477333,0.0353556505779444,0.025601638504856538,-1.24096384625306,1.2555821672280214,0.9082729317670583,
efflux,3,ei_top2,tuned_ei,original_ei,341,251,1.9257086999022481,1.9469696969696972,-0.02126099706744868,-0.0471122773378832,0.0031961037987921995,1.0920045186394092,-0.16730748049020971,2.381637498489313,0.08447888027993002,
efflux,3,ei_top2,tuned_ei,previous_ei,341,251,1.9257086999022481,1.9266862170087977,-0.0009775171065493676,-0.0225700557511737,0.019578322911656242,0.05073566717403482,-1.0057307434722471,1.1552731471708244,0.9577605598600349,
efflux,3,ppo_top2,tuned_ppo,original_ppo,341,251,1.9538123167155426,1.9755620723362661,-0.021749755620723368,-0.08768077881647439,0.04181453273873489,1.1009401286491938,-2.1219990713961785,4.288309071669254,0.5113721569607598,
efflux,3,ppo_top2,tuned_ppo,previous_ppo,341,251,1.9538123167155426,1.9472140762463344,0.006598240469208209,-0.02852244758197397,0.04365132416603005,-0.3388554216867467,-2.287232828873576,1.4304215740837105,0.7668082979255186,
efflux,3,ei_top3,tuned_ei,original_ei,341,251,1.3374877810361683,1.348973607038123,-0.011485826001955045,-0.03348792424162118,0.01141597691594076,0.8514492753623016,-0.8492942034329166,2.4410217120361093,0.3084228942764309,
efflux,3,ei_top3,tuned_ei,previous_ei,341,251,1.3374877810361683,1.3401759530791788,-0.0026881720430107555,-0.013295346628679958,0.010351123351084198,0.20058351568196722,-0.7486731158244702,1.0467629903111813,0.6668332916770807,
efflux,3,ppo_top3,tuned_ppo,original_ppo,341,251,1.358015640273705,1.3687683284457477,-0.010752688172043017,-0.06644451754385965,0.048111083672334985,0.7855740046420113,-3.499088013596888,4.700756251234934,0.6868282929267683,
efflux,3,ppo_top3,tuned_ppo,previous_ppo,341,251,1.358015640273705,1.3304007820136852,0.02761485826001956,-0.004306553375702311,0.06608763830002484,-2.0756796473181636,-4.952150631558141,0.3208341526989772,0.10797300674831292,
efflux,3,ei_top4,tuned_ei,original_ei,341,251,0.9469696969696969,0.9628543499511243,-0.015884652981427185,-0.034213491669425146,0.0014176193399995998,1.6497461928934223,-0.13948054258859854,3.474816059164278,0.07298175456135966,
efflux,3,ei_top4,tuned_ei,previous_ei,341,251,0.9469696969696969,0.949169110459433,-0.002199413489736071,-0.008534170374219253,0.00568885805521001,0.23171987641606573,-0.5789825063724808,0.9235969427608626,0.5453636590852287,
efflux,3,ppo_top4,tuned_ppo,original_ppo,341,251,0.9765395894428153,0.967008797653959,0.009530791788856305,-0.028735840413126768,0.05277781414510192,-0.9855951478392713,-5.403489376424568,2.8845166093034584,0.6573356660834792,
efflux,3,ppo_top4,tuned_ppo,previous_ppo,341,251,0.9765395894428153,0.9567448680351907,0.019794721407624633,-0.005253157885679375,0.05198055247597933,-2.0689655172413772,-5.303816072383497,0.5550811239189496,0.13496625843539115,
all,15,all_pairs,tuned,original,580,334,0.8631734005457531,0.8851237666980839,-0.02195036615233096,-0.0309393574636039,-0.014788237232253672,2.4799205465034238,1.652038079839222,3.5090797700095404,0.0004998750312421895,
all,15,all_pairs,tuned,previous,580,334,0.8631734005457531,0.863247515926756,-7.411538100295751e-05,-0.004383794935421691,0.004025637941354023,0.008585646600246933,-0.4572196414607652,0.5207201079941478,0.9797550612346914,
all,15,balanced_context,tuned,original,580,334,0.6844463560989718,0.6991032131403203,-0.014656857041348476,-0.019992608615809447,-0.00993682889661835,2.09652262582388,1.403821539010863,2.888287799315202,0.0004998750312421895,0.002999250187453137
all,15,balanced_context,tuned,previous,580,334,0.6844463560989718,0.684626260722791,-0.0001799046238192452,-0.0037009400597296034,0.00309783590402376,0.026277786018504976,-0.44038631214911766,0.5468243269081557,0.9112721819545113,1.0
all,15,context_0,tuned,original,580,334,0.8691481058574387,0.8907874245392151,-0.02163931868177636,-0.030627142701938982,-0.013825894133757791,2.429234864083305,1.5440539448853698,3.455221897117319,0.0004998750312421895,
all,15,context_0,tuned,previous,580,334,0.8691481058574387,0.8680865248027584,0.0010615810546803107,-0.004285918508455333,0.006032656295057248,-0.1222897746191321,-0.6713120303297633,0.4982586345686542,0.6823294176455886,
all,15,context_1,tuned,original,580,334,0.6221864201906293,0.6351084837673103,-0.012922063576681084,-0.016966841402135162,-0.009231073598926151,2.034623045818953,1.4601635352776128,2.6866664181560473,0.0004998750312421895,
all,15,context_1,tuned,previous,580,334,0.6221864201906293,0.6239896233599983,-0.0018032031693691007,-0.0048316233639170945,0.0008472295154922512,0.2889796723957174,-0.1365461606041639,0.7948077256384329,0.2079480129967508,
all,15,context_2,tuned,original,580,334,0.5352245265663945,0.5443424498332099,-0.009117923266815353,-0.012140802648878204,-0.006367234087249499,1.6750343960147085,1.1610882444144157,2.2728213432828235,0.0004998750312421895,
all,15,context_2,tuned,previous,580,334,0.5352245265663945,0.5366218270374646,-0.0013973004710699833,-0.0037851223531032148,0.0007540518034804107,0.26038830339500224,-0.13787387462538622,0.725709667254799,0.2274431392151962,
all,15,context_4,tuned,original,580,334,0.45803171342496024,0.4636594782651564,-0.00562776484019609,-0.007685324916524916,-0.003700991697121351,1.213771119540832,0.7917241287718731,1.6952910263129486,0.0004998750312421895,
all,15,context_4,tuned,previous,580,334,0.45803171342496024,0.4594367008894157,-0.0014049874644553632,-0.003040836498391134,7.27444163977541e-05,0.30580653694742965,-0.015485733295217298,0.6790884505118484,0.06498375406148463,
all,15,context_9,tuned,original,580,334,0.3835357651800347,0.3865655951000246,-0.0030298299199898637,-0.0045870020318666774,-0.0017001799644958849,0.7837815776662502,0.43290395882320876,1.2047514093703362,0.0004998750312421895,
all,15,context_9,tuned,previous,580,334,0.3835357651800347,0.38461583528441545,-0.0010800701043807638,-0.0021255574795769083,-0.00011154380950335268,0.2808178980935824,0.028518704145809072,0.5633970995113521,0.030492376905773555,
all,15,ei_top1,tuned_ei,original_ei,580,334,5.4767241379310345,5.5168103448275865,-0.04008620689655171,-0.12970540156361046,0.03931512685084586,0.7266192671302487,-0.7349337475911509,2.314389054637604,0.3464133966508373,1.0
all,15,ei_top1,tuned_ei,previous_ei,580,334,5.4767241379310345,5.511781609195402,-0.035057471264367826,-0.08269263634078916,0.008168294382708954,0.6360460872738537,-0.14704467658375012,1.4910875144331996,0.1184703824043989,0.5923519120219946
all,15,ppo_top1,tuned_ppo,original_ppo,580,334,5.666379310344827,5.714367816091954,-0.04798850574712644,-0.182305843453378,0.07973664491487686,0.8397867846726436,-1.4603484731685579,3.119584365641899,0.4913771557110722,1.0
all,15,ppo_top1,tuned_ppo,previous_ppo,580,334,5.666379310344827,5.610919540229886,0.05545977011494254,-0.01233251689960718,0.12929103905384973,-0.9884256888251381,-2.277811794411783,0.22175999925145293,0.12196950762309422,0.5923519120219946
all,15,ei_top2,tuned_ei,original_ei,580,334,3.5798850574712646,3.5747126436781604,0.005172413793103454,-0.051586164729853286,0.061533872377622395,-0.1446945337620784,-1.742720533922827,1.4672633782880953,0.8347913021744564,
all,15,ei_top2,tuned_ei,previous_ei,580,334,3.5798850574712646,3.6050287356321835,-0.025143678160919537,-0.06254112049174257,0.010205456804119651,0.6974612410824419,-0.2895432667474677,1.7204444340322658,0.16495876030992251,
all,15,ppo_top2,tuned_ppo,original_ppo,580,334,3.8425287356321842,3.8527298850574714,-0.010201149425287376,-0.12233681020936361,0.09480603362926801,0.2647771769531927,-2.48546241630837,3.1098127898107477,0.8487878030492377,
all,15,ppo_top2,tuned_ppo,previous_ppo,580,334,3.8425287356321842,3.8079022988505744,0.0346264367816092,-0.01832994674316377,0.08849547686454927,-0.9093310191299262,-2.3209198688426684,0.47239143303857084,0.20294926268432892,
all,15,ei_top3,tuned_ei,original_ei,580,334,2.8576149425287354,2.8439655172413794,0.01364942528735632,-0.033450896907398116,0.061274618639640566,-0.47994341719711986,-2.143689073575213,1.1525773780868116,0.5793551612096975,
all,15,ei_top3,tuned_ei,previous_ei,580,334,2.8576149425287354,2.8553160919540232,0.0022988505747126493,-0.030468245019400243,0.03481644498474449,-0.08051124641471556,-1.2368625545567429,1.0867355753448216,0.8952761809547614,
all,15,ppo_top3,tuned_ppo,original_ppo,580,334,3.063505747126437,3.0791666666666666,-0.015660919540229898,-0.11888026273612541,0.07908991095515627,0.5086090243105736,-2.665617238537538,3.7397526702494215,0.786303424143964,
all,15,ppo_top3,tuned_ppo,previous_ppo,580,334,3.063505747126437,3.0397988505747127,0.023706896551724133,-0.025293489681556123,0.07186194889348146,-0.7798837264262439,-2.3548599829961168,0.8432961620778617,0.3654086478380405,
all,15,ei_top4,tuned_ei,original_ei,580,334,2.3747126436781607,2.3734195402298854,0.0012931034482758712,-0.0470530604719764,0.04795371040037147,-0.05448271687145628,-2.0762345012126917,1.913022470094448,0.9452636840789802,
all,15,ei_top4,tuned_ei,previous_ei,580,334,2.3747126436781607,2.375,-0.0002873563218390764,-0.029096411182319946,0.027038223507740038,0.012099213551128161,-1.148030719239501,1.2176930661932224,0.9782554361409648,
all,15,ppo_top4,tuned_ppo,original_ppo,580,334,2.5114942528735633,2.5425287356321835,-0.031034482758620696,-0.12548397639742773,0.0493283597341643,1.2206148282097458,-1.9998184528123795,4.808194318364704,0.48087978005498627,
all,15,ppo_top4,tuned_ppo,previous_ppo,580,334,2.5114942528735633,2.5014367816091956,0.010057471264367816,-0.035063915382311614,0.05432682638158301,-0.40206777713957165,-2.180821144519296,1.3907446515852346,0.6883279180204949,
microsomal_clearance,15,all_pairs,tuned,original,311,183,0.7984854849546984,0.8185446122116111,-0.02005912725691275,-0.03331920012913969,-0.010433972744934997,2.4505844834425488,1.2798144397631364,4.060733518970813,0.0004998750312421895,
microsomal_clearance,15,all_pairs,tuned,previous,311,183,0.7984854849546984,0.7984918298097586,-6.344855060158654e-06,-0.003873316964022216,0.003893376081381975,0.0007946048817741774,-0.49288630567311265,0.4784252503965036,0.9957510622344414,
microsomal_clearance,15,balanced_context,tuned,original,311,183,0.6418355471608201,0.6520920674057307,-0.01025652024491047,-0.016677013009883883,-0.004829266347936548,1.5728638266855248,0.7570218218355759,2.5186002890657013,0.0004998750312421895,
microsomal_clearance,15,balanced_context,tuned,previous,311,183,0.6418355471608201,0.641220243063838,0.0006153040969820638,-0.0024723350546440974,0.003925820472095717,-0.09595830818474728,-0.6069529691783452,0.3919893867961007,0.699325168707823,
microsomal_clearance,15,context_0,tuned,original,311,183,0.8160128104257044,0.8326535315011336,-0.01664072107542929,-0.027913081633010147,-0.00736578826524779,1.9985168435458185,0.9126162467121444,3.290661974325493,0.0004998750312421895,
microsomal_clearance,15,context_0,tuned,previous,311,183,0.8160128104257044,0.8145122376789171,0.0015005727467871097,-0.0030184181243432025,0.006461057566595683,-0.18422961342648436,-0.7786228288713523,0.38136530748399633,0.5233691577105724,
microsomal_clearance,15,context_1,tuned,original,311,183,0.5900801687621178,0.5969344859040687,-0.006854317141951008,-0.010992393566231298,-0.003180827219287563,1.1482528323975043,0.5430054130467383,1.8228775171329465,0.0004998750312421895,
microsomal_clearance,15,context_1,tuned,previous,311,183,0.5900801687621178,0.5902422923516203,-0.00016212358950250835,-0.003095746971513901,0.00274097143791882,0.02746729463532508,-0.4654439054091878,0.5209243250705691,0.9267683079230192,
microsomal_clearance,15,context_2,tuned,original,311,183,0.5022764291602521,0.5071509665763098,-0.004874537416057674,-0.007733048848891285,-0.0023593827225230632,0.9611610225185759,0.4676220932761684,1.5133695349253287,0.0004998750312421895,
microsomal_clearance,15,context_2,tuned,previous,311,183,0.5022764291602521,0.5022525145981995,2.391456205264408e-05,-0.0023810531604373294,0.002371395321948141,-0.00476146188569329,-0.4767040625471667,0.4648709771941432,0.9717570607348163,
microsomal_clearance,15,context_4,tuned,original,311,183,0.42628543876637365,0.4289752573039044,-0.002689818537530626,-0.004793498576142861,-0.0007553475788153647,0.6270334924294177,0.18132698909589287,1.1205842450142867,0.004498875281179705,
microsomal_clearance,15,context_4,tuned,previous,311,183,0.42628543876637365,0.42682258383972826,-0.0005371450733545461,-0.0023654344249008827,0.001203186035792377,0.1258473880464382,-0.28518509669802944,0.5572937655656073,0.5538615346163459,
microsomal_clearance,15,context_9,tuned,original,311,183,0.3519910988949999,0.3530617034570272,-0.001070604562027276,-0.002426574046601613,0.00021442659342778793,0.30323440677490443,-0.06116469277976091,0.6874068761426622,0.09897525618595351,
microsomal_clearance,15,context_9,tuned,previous,311,183,0.3519910988949999,0.35239560300548745,-0.00040450411048749695,-0.001613184312859954,0.0007479982089257681,0.11478693463755758,-0.2127183176253886,0.45739266335372103,0.5098725318670333,
microsomal_clearance,15,ei_top1,tuned_ei,original_ei,311,183,4.881832797427653,4.885048231511254,-0.0032154340836012406,-0.14989993691916761,0.1257648416327914,0.06582195162086035,-2.705246008838134,2.9737155481554463,0.9982504373906523,
microsomal_clearance,15,ei_top1,tuned_ei,previous_ei,311,183,4.881832797427653,4.955519828510182,-0.0736870310825295,-0.14681726481206211,-0.016247039124397632,1.486968746620517,0.3395971463262344,2.916849042920125,0.0094976255936016,
microsomal_clearance,15,ppo_top1,tuned_ppo,original_ppo,311,183,5.045819935691318,5.048231511254019,-0.002411575562700939,-0.19881027727546718,0.16473813098813103,0.0477707006369433,-3.414815653938779,3.7384179067768177,0.9352661834541365,
microsomal_clearance,15,ppo_top1,tuned_ppo,previous_ppo,311,183,5.045819935691318,5.003751339764201,0.04206859592711682,-0.04751165558881356,0.14509200121654506,-0.8407411374103062,-2.887529934586886,0.9527820305514163,0.36790802299425146,
microsomal_clearance,15,ei_top2,tuned_ei,original_ei,311,183,3.377813504823151,3.306538049303323,0.07127545551982852,0.0034918605611162098,0.14378708915831584,-2.155591572123163,-4.436541027397235,-0.11109468859354506,0.03899025243689078,
microsomal_clearance,15,ei_top2,tuned_ei,previous_ei,311,183,3.377813504823151,3.431404072883172,-0.05359056806002144,-0.10404312711573191,-0.010303382735507736,1.5617679212868858,0.3197058719046033,2.9327858064388312,0.01699575106223444,
microsomal_clearance,15,ppo_top2,tuned_ppo,original_ppo,311,183,3.6420150053590565,3.6203108252947476,0.021704180064308656,-0.12162131658107483,0.1555971092381378,-0.599511509140708,-4.440141569211798,3.2401652681763475,0.7163209197700575,
microsomal_clearance,15,ppo_top2,tuned_ppo,previous_ppo,311,183,3.6420150053590565,3.5940514469453375,0.047963558413719194,-0.012929676588348473,0.12594784652076318,-1.3345262059196257,-3.50344756857693,0.36481106096646876,0.14296425893526618,
microsomal_clearance,15,ei_top3,tuned_ei,original_ei,311,183,2.597266881028939,2.5758306538049305,0.021436227224008567,-0.0378098015574232,0.08725150464122342,-0.8322063871840191,-3.5799840842700195,1.4035632356729575,0.48137965508622843,
microsomal_clearance,15,ei_top3,tuned_ei,previous_ei,311,183,2.597266881028939,2.607984994640943,-0.010718113612004301,-0.050256887052341596,0.028788691201559823,0.4109729785266521,-1.1266278461030559,1.919289718882564,0.5868532866783304,
microsomal_clearance,15,ppo_top3,tuned_ppo,original_ppo,311,183,2.8145766345123255,2.8419078242229365,-0.027331189710610937,-0.1666666666666667,0.08995381263967682,0.9617197812558951,-3.385645005029184,5.435243393548834,0.7178205448637841,
microsomal_clearance,15,ppo_top3,tuned_ppo,previous_ppo,311,183,2.8145766345123255,2.797427652733119,0.017148981779206863,-0.020976205797634356,0.05730571394245695,-0.6130268199233603,-2.0888365502485833,0.7531325414406271,0.3839040239940015,
microsomal_clearance,15,ei_top4,tuned_ei,original_ei,311,183,2.254823151125402,2.2583065380493035,-0.003483386923901378,-0.06729992456453163,0.058307909230969464,0.15424774560987603,-2.7476520322426685,2.7869438682362264,0.9637590602349413,
microsomal_clearance,15,ei_top4,tuned_ei,previous_ei,311,183,2.254823151125402,2.2617899249732045,-0.006966773847802788,-0.04246040921609734,0.029114260835913314,0.3080203767326034,-1.3020136459702707,1.8562770709107466,0.6988252936765809,
microsomal_clearance,15,ppo_top4,tuned_ppo,original_ppo,311,183,2.427384780278671,2.4673097534833865,-0.03992497320471598,-0.16549326446483784,0.0592225919125808,1.618158123370965,-2.6283765210595695,6.339888831209648,0.5498625343664084,
microsomal_clearance,15,ppo_top4,tuned_ppo,previous_ppo,311,183,2.427384780278671,2.430600214362272,-0.0032154340836012827,-0.038392470828431946,0.03515343669935507,0.13228971447468915,-1.4677474436519473,1.558302102466329,0.8502874281429642,
in_vivo_clearance,15,all_pairs,tuned,original,20,16,0.9732818710542078,0.9725943201818332,0.0006875508723744427,-0.02031751950673303,0.02338488048576802,-0.07069246222269279,-2.7290267772466317,2.015084801609432,0.9647588102974256,
in_vivo_clearance,15,all_pairs,tuned,previous,20,16,0.9732818710542078,0.9651239073703405,0.008157963683867345,-0.007063729115017945,0.023216753052138047,-0.8452763030288236,-2.5784800490335607,0.7125084914570117,0.32191952011997,
in_vivo_clearance,15,balanced_context,tuned,original,20,16,0.7809270918705111,0.7788305234686617,0.0020965684018493733,-0.017455610817337083,0.0254330243911891,-0.2691944317374747,-3.8562362962496763,2.201792283964731,0.9007748062984254,
in_vivo_clearance,15,balanced_context,tuned,previous,20,16,0.7809270918705111,0.7723875926510004,0.008539499219510657,-0.0061007769619362325,0.023788217768315727,-1.1055976689373395,-3.568252563030044,0.7602120939087234,0.3234191452136966,
in_vivo_clearance,15,context_0,tuned,original,20,16,1.0124241635971962,1.0091424676037881,0.0032816959934082873,-0.025541813458746735,0.036926327473548876,-0.325196500866771,-4.260633084920712,2.4793377425911665,0.8867783054236441,
in_vivo_clearance,15,context_0,tuned,previous,20,16,1.0124241635971962,0.9977757086744857,0.014648454922710802,-0.005211058392535156,0.035906392977743916,-1.4681109988306407,-4.00702356692288,0.4992039097558639,0.18395401149712573,
in_vivo_clearance,15,context_1,tuned,original,20,16,0.6983023127292924,0.696901858100728,0.0014004546285644806,-0.015033311541655891,0.020990684401972052,-0.20095435423017638,-3.624228873899382,2.211315788650872,0.9687578105473632,
in_vivo_clearance,15,context_1,tuned,previous,20,16,0.6983023127292924,0.6937137909151836,0.004588521814109026,-0.009631045402707098,0.019091085247491844,-0.6614430726619157,-3.2451066289071044,1.3616018123991986,0.6088477880529868,
in_vivo_clearance,15,context_2,tuned,original,20,16,0.592420762684201,0.5920731279675693,0.0003476347166315924,-0.014501117164466818,0.01563717769423804,-0.05871482764722361,-3.3354761507161275,2.351907066942011,0.9457635591102225,
in_vivo_clearance,15,context_2,tuned,previous,20,16,0.592420762684201,0.589925862620597,0.002494900063603907,-0.011134275271510329,0.016144141939430357,-0.4229175599321943,-3.344006624086514,1.909924558196476,0.7893026743314171,
in_vivo_clearance,15,context_4,tuned,original,20,16,0.4969279209122198,0.49548935948229056,0.0014385614299291915,-0.009254610005804624,0.013559291390987556,-0.2903314475677817,-3.408455448676336,1.7955745494366444,0.9107723069232692,
in_vivo_clearance,15,context_4,tuned,previous,20,16,0.4969279209122198,0.49476741215185616,0.0021605087603636603,-0.008201976843959983,0.0132390746648011,-0.43667159705751873,-3.2837117173649397,1.6268604178005848,0.7963009247688078,
in_vivo_clearance,15,context_9,tuned,original,20,16,0.4100690842495894,0.40960997178355274,0.00045911246603655973,-0.004671110867258375,0.0061865071836853846,-0.11208527566785971,-1.8676751840636014,1.1034554158383405,0.9557610597350662,
in_vivo_clearance,15,context_9,tuned,previous,20,16,0.4100690842495894,0.4095908408224239,0.00047824342716539794,-0.004691445934966781,0.005724800715240852,-0.11676126014077523,-1.6940808343176554,1.0878190976972748,0.9307673081729567,
in_vivo_clearance,15,ei_top1,tuned_ei,original_ei,20,16,6.6625,6.775,-0.1125,-0.2651633522727272,-0.0034722222222223205,1.660516605166062,0.0435634374376656,4.506814089272072,0.03699075231192202,
in_vivo_clearance,15,ei_top1,tuned_ei,previous_ei,20,16,6.6625,6.612499999999999,0.0500000000000001,-0.09726562499999984,0.17595486111111133,-0.7561436672967973,-3.314405659343649,1.449419139636527,0.4483879030242439,
in_vivo_clearance,15,ppo_top1,tuned_ppo,original_ppo,20,16,6.687499999999998,6.875000000000002,-0.18749999999999994,-0.42309027777777747,0.041666666666666644,2.727272727272778,-0.5784808991450944,7.255421480065102,0.13146713321669581,
in_vivo_clearance,15,ppo_top1,tuned_ppo,previous_ppo,20,16,6.687499999999998,6.875,-0.1875,-0.6302864583333334,0.09583333333333333,2.7272727272727533,-1.7588241206030144,9.519846491228071,0.3284178955261185,
in_vivo_clearance,15,ei_top2,tuned_ei,original_ei,20,16,4.35,4.408333333333334,-0.05833333333333337,-0.17916666666666667,0.0639015151515151,1.3232514177694015,-1.2153991072220014,5.047815747754096,0.38540364908772806,
in_vivo_clearance,15,ei_top2,tuned_ei,previous_ei,20,16,4.35,4.391666666666667,-0.04166666666666665,-0.15277777777777773,0.07916666666666657,0.9487666034155665,-2.055885337823662,4.005637366897908,0.49937515621094725,
in_vivo_clearance,15,ppo_top2,tuned_ppo,original_ppo,20,16,5.045833333333333,4.783333333333333,0.2624999999999999,-0.08333333333333356,0.7575757575757575,-5.4878048780487845,-13.20419005360032,1.946492922299988,0.5863534116470882,
in_vivo_clearance,15,ppo_top2,tuned_ppo,previous_ppo,20,16,5.045833333333333,5.054166666666667,-0.008333333333333415,-0.2463068181818183,0.1528044871794873,0.16488046166530085,-3.937655804139633,4.442776075267355,0.9692576855786054,
in_vivo_clearance,15,ei_top3,tuned_ei,original_ei,20,16,3.7916666666666665,3.6625,0.12916666666666676,-0.09722222222222215,0.4621212121212121,-3.5267349260523257,-16.475296623060537,2.408566698930877,0.6468382904273932,
in_vivo_clearance,15,ei_top3,tuned_ei,previous_ei,20,16,3.7916666666666665,3.6291666666666673,0.16250000000000003,-0.06770833333333326,0.465909090909091,-4.477611940298485,-17.20756698565078,1.8397210354360374,0.4593851537115721,
in_vivo_clearance,15,ppo_top3,tuned_ppo,original_ppo,20,16,4.320833333333334,3.9791666666666665,0.3416666666666666,-0.07812500000000015,0.7276041666666667,-8.586387434554988,-18.87557586493917,2.100993557876964,0.22444388902774307,
in_vivo_clearance,15,ppo_top3,tuned_ppo,previous_ppo,20,16,4.320833333333334,4.129166666666667,0.19166666666666665,-0.27083333333333337,0.7462200126262626,-4.641775983854686,-22.539954084277564,6.196175771471846,0.6308422894276431,
in_vivo_clearance,15,ei_top4,tuned_ei,original_ei,20,16,3.0541666666666667,2.916666666666667,0.13749999999999998,-0.071969696969697,0.45454545454545453,-4.714285714285705,-21.24053502430512,1.8034968410423158,0.6588352911772057,
in_vivo_clearance,15,ei_top4,tuned_ei,previous_ei,20,16,3.0541666666666667,2.8750000000000004,0.17916666666666667,-0.04166666666666671,0.4659090909090909,-6.2318840579709995,-20.90611179978558,1.5874279648165013,0.292926768307923,
in_vivo_clearance,15,ppo_top4,tuned_ppo,original_ppo,20,16,3.3958333333333335,3.1083333333333334,0.2875,-0.057291666666666824,0.6185897435897437,-9.249329758713138,-21.09106252397392,1.9901655287392843,0.18645338665333666,
in_vivo_clearance,15,ppo_top4,tuned_ppo,previous_ppo,20,16,3.3958333333333335,3.191666666666667,0.2041666666666666,-0.21354166666666674,0.6628787878787878,-6.396866840731068,-25.046455376125703,5.97837810314261,0.55936015996001,
protein_binding,15,all_pairs,tuned,original,44,29,0.7960361353446745,0.8334297850069273,-0.037393649662252955,-0.0637381026110899,-0.01902920724084824,4.486718657642164,1.994877251336838,10.825636965422028,0.0004998750312421895,
protein_binding,15,all_pairs,tuned,previous,44,29,0.7960361353446745,0.8054361878653211,-0.009400052520646789,-0.018857430887216146,-0.002528349492077592,1.1670760095296808,0.2911611794295036,3.4528829165500543,0.005498625343664084,
protein_binding,15,balanced_context,tuned,original,44,29,0.6669305548330186,0.7041353677563608,-0.03720481292334235,-0.05904373824699725,-0.01667846649238408,5.283758582087801,2.7344876765587274,10.92137928437011,0.000999750062484379,
protein_binding,15,balanced_context,tuned,previous,44,29,0.6669305548330186,0.6744221713846549,-0.007491616551636363,-0.015518561221856872,-0.0011194925413837095,1.1108200277958393,0.1598166451039499,3.344580809281019,0.0189952511872032,
protein_binding,15,context_0,tuned,original,44,29,0.8272320055763003,0.8746711943974194,-0.0474391888211189,-0.08357785592622545,-0.015028505921637247,5.4236596706264,1.8387429281886214,12.292184666985936,0.010497375656085979,
protein_binding,15,context_0,tuned,previous,44,29,0.8272320055763003,0.8355247689143888,-0.008292763338088429,-0.02142774702140577,0.0029399817177820954,0.9925215441384709,-0.37647175948089073,3.5335234450299797,0.14496375906023495,
protein_binding,15,context_1,tuned,original,44,29,0.5888383070485216,0.630115537854687,-0.04127723080616536,-0.060758764926043735,-0.019151197302797563,6.550740035184544,3.977629330006388,10.624116305531068,0.0004998750312421895,
protein_binding,15,context_1,tuned,previous,44,29,0.5888383070485216,0.5989311297677143,-0.01009282271919274,-0.017909964009909657,-0.0033852956036886698,1.6851391115881886,0.6077289421428229,4.101246070583596,0.001999500124968758,
protein_binding,15,context_2,tuned,original,44,29,0.5413722857058674,0.5719932672824731,-0.03062098157660578,-0.043579875906296806,-0.016485747662250978,5.353381469345843,3.5371981653136695,10.079993192463018,0.0004998750312421895,
protein_binding,15,context_2,tuned,previous,44,29,0.5413722857058674,0.5488909862236373,-0.00751870051776996,-0.013374660948044521,-0.0030745347536893773,1.3697985039795402,0.5276794455939612,3.751493668320137,0.000999750062484379,
protein_binding,15,context_4,tuned,original,44,29,0.48105342280711555,0.5026526193174757,-0.0215991965103601,-0.030012166297345422,-0.011659137954832562,4.297042466363458,2.870502788642374,8.159792388707883,0.0004998750312421895,
protein_binding,15,context_4,tuned,previous,44,29,0.48105342280711555,0.4864552798337771,-0.005401857026661508,-0.009958342291872339,-0.002281746172003559,1.1104529543820345,0.42137021503042865,3.1861365174458385,0.000999750062484379,
protein_binding,15,context_9,tuned,original,44,29,0.41525240079744136,0.42963674000657337,-0.014384339209132114,-0.021932166722603588,-0.006203533634649836,3.3480235440088144,1.8705433011366517,7.469987045519146,0.0004998750312421895,
protein_binding,15,context_9,tuned,previous,44,29,0.41525240079744136,0.4190008995945545,-0.0037484987971131297,-0.007997297755757957,-0.0007163399614337672,0.8946278637445338,0.16612945283161454,3.073252403215033,0.01699575106223444,
protein_binding,15,ei_top1,tuned_ei,original_ei,44,29,5.681818181818182,5.609848484848485,0.07196969696969685,-0.05620276162790707,0.215453132472501,-1.2829169480080915,-3.8462452471482873,0.9782423230329664,0.2844288927768058,
protein_binding,15,ei_top1,tuned_ei,previous_ei,44,29,5.681818181818182,5.634469696969696,0.0473484848484848,-0.0388918439716313,0.14694705513784462,-0.8403361344537897,-2.6555056562102743,0.6750639453872463,0.2789302674331417,
protein_binding,15,ppo_top1,tuned_ppo,original_ppo,44,29,5.882575757575759,5.767045454545454,0.11553030303030294,-0.3166666666666667,0.7882882882882881,-2.003284072249616,-15.327066915168686,5.32505635174067,0.6813296675831042,
protein_binding,15,ppo_top1,tuned_ppo,previous_ppo,44,29,5.882575757575759,5.871212121212121,0.011363636363636383,-0.15861436950146618,0.25,-0.19354838709679484,-4.31613573003301,2.6839771852976115,0.9092726818295426,
protein_binding,15,ei_top2,tuned_ei,original_ei,44,29,3.0681818181818175,2.929924242424242,0.13825757575757577,-0.020833333333333356,0.3531994047619049,-4.718810601163526,-12.864254883922596,0.7987909849789046,0.10247438140464883,
protein_binding,15,ei_top2,tuned_ei,previous_ei,44,29,3.0681818181818175,2.9943181818181817,0.07386363636363637,0.0039682539682539385,0.1648185941043084,-2.4667931688804368,-5.640214810703649,-0.14654433807710057,0.03849037740564859,
protein_binding,15,ppo_top2,tuned_ppo,original_ppo,44,29,3.458333333333334,3.1590909090909083,0.29924242424242425,-0.053047138047138016,0.8762500000000001,-9.472422062350166,-33.04975856327856,1.6071937798805773,0.14146463384153962,
protein_binding,15,ppo_top2,tuned_ppo,previous_ppo,44,29,3.458333333333334,3.373106060606061,0.08522727272727272,-0.0733333333333333,0.3381024531024531,-2.5266704098820942,-12.105542672574435,1.9290478353934133,0.38140464883779057,
protein_binding,15,ei_top3,tuned_ei,original_ei,44,29,2.3693181818181817,2.212121212121212,0.15719696969696972,-0.00781880040322579,0.34684684684684686,-7.106164383561645,-16.13554221844047,0.45961719705203014,0.07998000499875031,
protein_binding,15,ei_top3,tuned_ei,previous_ei,44,29,2.3693181818181817,2.327651515151515,0.041666666666666664,-0.012820512820512822,0.1132478632478633,-1.7900732302685047,-5.237860907493363,0.6529246266663221,0.15946013496625844,
protein_binding,15,ppo_top3,tuned_ppo,original_ppo,44,29,2.643939393939394,2.327651515151515,0.31628787878787873,-0.018018018018018025,0.8553962418300655,-13.588283157038248,-45.78579783043451,0.8887019975655792,0.0709822544363909,
protein_binding,15,ppo_top3,tuned_ppo,previous_ppo,44,29,2.643939393939394,2.570075757575758,0.07386363636363634,-0.0681818181818182,0.31141604010025065,-2.8739867354458313,-15.310357896462003,2.379696876046255,0.49637590602349413,
protein_binding,15,ei_top4,tuned_ei,original_ei,44,29,1.8049242424242424,1.6439393939393943,0.16098484848484848,0.002523395721925126,0.3605223429951691,-9.792626728110577,-21.517240875770288,-0.1893849888296956,0.04448887778055486,
protein_binding,15,ei_top4,tuned_ei,previous_ei,44,29,1.8049242424242424,1.7537878787878787,0.05113636363636362,-0.011363636363636393,0.12417091836734703,-2.9157667386609143,-6.758652841411463,0.7889936150805722,0.11597100724818796,
protein_binding,15,ppo_top4,tuned_ppo,original_ppo,44,29,1.9734848484848484,1.803030303030303,0.17045454545454544,-0.04289215686274511,0.5156285191441442,-9.453781512605039,-35.69046414035976,2.191370501258564,0.16295926018495377,
protein_binding,15,ppo_top4,tuned_ppo,previous_ppo,44,29,1.9734848484848484,1.8825757575757576,0.09090909090909088,-0.05128472222222223,0.32638888888888884,-4.828973843058346,-20.14748071359691,2.323838080959521,0.3254186453386653,
cellular_clearance,15,all_pairs,tuned,original,79,53,0.8093892752975343,0.8530269570882525,-0.04363768179071811,-0.06417209943073524,-0.026990930433531016,5.115627522449266,3.0485557916353607,7.828953153665469,0.0004998750312421895,
cellular_clearance,15,all_pairs,tuned,previous,79,53,0.8093892752975343,0.8096037562983385,-0.00021448100080428896,-0.018415925681822893,0.01676313936795441,0.026492095563485384,-2.1713942642627853,2.209066956995511,0.9997500624843789,
cellular_clearance,15,balanced_context,tuned,original,79,53,0.611268013496557,0.6409592985390701,-0.029691285042513112,-0.050219728922816315,-0.013780453337760182,4.632319885238893,1.9846517296061799,8.225440143957856,0.0004998750312421895,
cellular_clearance,15,balanced_context,tuned,previous,79,53,0.611268013496557,0.6135479543339691,-0.002279940837412057,-0.015728013875913653,0.008529479363380067,0.3715994522200122,-1.3947840589079055,2.7349773641697417,0.7398150462384404,
cellular_clearance,15,context_0,tuned,original,79,53,0.7702772558141341,0.8109662644112055,-0.04068900859707109,-0.07075697040170416,-0.017979425936919834,5.017349103493626,2.1288916872288826,9.059657648420826,0.0004998750312421895,
cellular_clearance,15,context_0,tuned,previous,79,53,0.7702772558141341,0.7701942962363337,8.295957780065742e-05,-0.01979118320093841,0.017071481726314983,-0.010771253202698424,-2.268227211879021,2.7123477965490395,0.9457635591102225,
cellular_clearance,15,context_1,tuned,original,79,53,0.5520680265034124,0.5830428431952457,-0.0309748166918333,-0.05030031356171008,-0.016145759761024902,5.3126141677826375,2.6368734676538086,9.059091444916941,0.0004998750312421895,
cellular_clearance,15,context_1,tuned,previous,79,53,0.5520680265034124,0.558913072314041,-0.006845045810628469,-0.01909042144537801,0.0027880556578567593,1.2247066940639622,-0.5009728428403342,3.593365187321342,0.19295176205948514,
cellular_clearance,15,context_2,tuned,original,79,53,0.4786185427168838,0.5003213214657041,-0.021702778748820126,-0.03855579747177771,-0.00811356867685871,4.337768113747664,1.4480600420708931,8.241511704463692,0.0004998750312421895,
cellular_clearance,15,context_2,tuned,previous,79,53,0.4786185427168838,0.48422939569616436,-0.005610852979280531,-0.015174656047054572,0.0016461670374271224,1.1587179607743483,-0.34630454683689355,3.3850049475688193,0.16245938515371158,
cellular_clearance,15,context_4,tuned,original,79,53,0.41784986304017624,0.4321731097399619,-0.01432324669978583,-0.02577275296912952,-0.004621190611164304,3.3142382940956154,0.9694422985227709,6.448012517470017,0.0014996250937265683,
cellular_clearance,15,context_4,tuned,previous,79,53,0.41784986304017624,0.4219308173346391,-0.004080954294463004,-0.010767148428045395,0.001023838876535343,0.9672093449448628,-0.22974576994257725,2.7934991432743757,0.14046488377905525,
cellular_clearance,15,context_9,tuned,original,79,53,0.3604986524554465,0.3682720562668278,-0.007773403811381227,-0.01654081249298078,-0.00043876097420092176,2.1107775295742686,0.10177241019304556,4.8849867082314855,0.03599100224943764,
cellular_clearance,15,context_9,tuned,previous,79,53,0.3604986524554465,0.3625331643815735,-0.0020345119261270554,-0.006440687348295005,0.0014409418326016268,0.5611933268498602,-0.3770234445822787,1.9573120171755216,0.2714321419645089,
cellular_clearance,15,ei_top1,tuned_ei,original_ei,79,53,5.824894514767931,5.997890295358649,-0.17299578059071732,-0.4568351979345955,0.06523738942217212,2.884277172001413,-1.0263132672178679,7.756342445433358,0.16845788552861785,
cellular_clearance,15,ei_top1,tuned_ei,previous_ei,79,53,5.824894514767931,5.784810126582277,0.04008438818565398,-0.10119585484796328,0.16669407894736862,-0.6929248723559381,-2.805308326482763,1.808353052175074,0.5453636590852287,
cellular_clearance,15,ppo_top1,tuned_ppo,original_ppo,79,53,6.194092827004219,6.204641350210972,-0.01054852320675101,-0.2855712719298245,0.2387387387387388,0.17001020061206146,-3.9035667218084584,4.242149370481291,0.96575856035991,
cellular_clearance,15,ppo_top1,tuned_ppo,previous_ppo,79,53,6.194092827004219,6.012658227848101,0.1814345991561182,-0.021745420692431534,0.4298326238390095,-3.0175438596491193,-6.811863333997347,0.349399735986985,0.08447888027993002,
cellular_clearance,15,ei_top2,tuned_ei,original_ei,79,53,3.5443037974683542,3.764767932489451,-0.22046413502109707,-0.48497350146198825,-0.016849250936329576,5.8559820678061,0.4649154089630615,11.846605337065432,0.03549112721819545,
cellular_clearance,15,ei_top2,tuned_ei,previous_ei,79,53,3.5443037974683542,3.5696202531645556,-0.02531645569620252,-0.16276616115196077,0.10135379945162552,0.7092198581559951,-2.7288591237089097,4.3804703778849285,0.6898275431142215,
cellular_clearance,15,ppo_top2,tuned_ppo,original_ppo,79,53,3.8312236286919834,3.937763713080169,-0.10654008438818564,-0.35992478444322135,0.11058076484018266,2.7055987141709075,-2.9996965953925674,8.325919445737789,0.3534116470882279,
cellular_clearance,15,ppo_top2,tuned_ppo,previous_ppo,79,53,3.8312236286919834,3.887130801687764,-0.05590717299578061,-0.2007239331511457,0.050871037564586025,1.438263229308009,-1.3527142171498383,5.096526938627864,0.3534116470882279,
cellular_clearance,15,ei_top3,tuned_ei,original_ei,79,53,3.2289029535864975,3.3227848101265822,-0.09388185654008437,-0.27143509458577947,0.06691919191919188,2.8253968253968362,-2.10120429847364,7.857407602513145,0.2654336415896026,
cellular_clearance,15,ei_top3,tuned_ei,previous_ei,79,53,3.2289029535864975,3.255274261603376,-0.02637130801687761,-0.13526947463768113,0.07430506911366398,0.8101101749838202,-2.236792858283092,4.088704154716729,0.598850287428143,
cellular_clearance,15,ppo_top3,tuned_ppo,original_ppo,79,53,3.407172995780591,3.4388185654008443,-0.031645569620253174,-0.25858326883384924,0.15848775311803498,0.9202453987730109,-5.010443168180495,6.953819207108683,0.7403149212696826,
cellular_clearance,15,ppo_top3,tuned_ppo,previous_ppo,79,53,3.407172995780591,3.435654008438819,-0.028481012658227858,-0.16666666666666666,0.07388557227014515,0.8289837273564673,-2.3102448389514088,4.669273799564975,0.6603349162709322,
cellular_clearance,15,ei_top4,tuned_ei,original_ei,79,53,2.7025316455696204,2.812236286919832,-0.10970464135021092,-0.26570861204013374,0.02444736842105264,3.9009752438109673,-0.8910503710259017,8.786512814406361,0.11897025743564109,
cellular_clearance,15,ei_top4,tuned_ei,previous_ei,79,53,2.7025316455696204,2.7563291139240516,-0.05379746835443037,-0.13971702317290552,0.008598510882016078,1.951779563719888,-0.33177262527426943,4.926233402515565,0.1089727568107973,
cellular_clearance,15,ppo_top4,tuned_ppo,original_ppo,79,53,2.720464135021097,2.8090717299578056,-0.08860759493670887,-0.289702380952381,0.06084693240592119,3.15433721366878,-2.2668464738734357,9.335638248165314,0.2809297675581105,
cellular_clearance,15,ppo_top4,tuned_ppo,previous_ppo,79,53,2.720464135021097,2.7373417721518987,-0.016877637130801666,-0.15579710144927533,0.07928899831964152,0.616570327552979,-3.1595330760580884,5.3366014777696575,0.8097975506123469,
permeability,15,all_pairs,tuned,original,72,62,1.0529382050196612,1.0648984570334148,-0.011960252013753659,-0.02855012151552311,0.004114049142817327,1.1231354440189898,-0.39607896190580055,2.7001345347707963,0.13446638340414896,
permeability,15,all_pairs,tuned,previous,72,62,1.0529382050196612,1.0531829251501597,-0.00024472013049877994,-0.019331910075389272,0.018067631125449138,0.02323624174438505,-1.743903440063692,1.8922994291270196,0.9592601849537615,
permeability,15,balanced_context,tuned,original,72,62,0.8191759103721125,0.8303609173382761,-0.01118500696616357,-0.026702652531078935,0.0017593302752313634,1.3470054686602078,-0.21408434341776222,3.1646240869340443,0.09297675581104724,
permeability,15,balanced_context,tuned,previous,72,62,0.8191759103721125,0.8200351375014151,-0.0008592271293025427,-0.015356789927195568,0.011556149180510998,0.10477930639906993,-1.4446846403203044,1.9493839368089307,0.9412646838290427,
permeability,15,context_0,tuned,original,72,62,1.0628285348149675,1.0804812082253448,-0.01765267341037742,-0.04271516858588903,0.0035770359174157867,1.633778845573,-0.33575269616620895,3.927221664346602,0.1089727568107973,
permeability,15,context_0,tuned,previous,72,62,1.0628285348149675,1.0627049106473896,0.0001236241675776998,-0.023870972848572133,0.021018262975611737,-0.011632972270978753,-2.00010193193488,2.259298745663584,0.9607598100474881,
permeability,15,context_1,tuned,original,72,62,0.7182127520217007,0.7278705567519114,-0.009657804730210889,-0.023212086706480707,0.0016817458529613336,1.3268574529663932,-0.23233066748190462,3.1397144381078865,0.09247688077980505,
permeability,15,context_1,tuned,previous,72,62,0.7182127520217007,0.7207185771713783,-0.0025058251496777955,-0.014549526296004683,0.008064739825236445,0.3476842735915521,-1.1377550425739404,2.0169958834357837,0.7043239190202449,
permeability,15,context_2,tuned,original,72,62,0.6210163424557885,0.6271779758459574,-0.0061616333901690044,-0.015224750847922078,0.0012740003498506048,0.9824377812147879,-0.20809384753942284,2.423054800632138,0.12446888277930518,
permeability,15,context_2,tuned,previous,72,62,0.6210163424557885,0.62298794399324,-0.00197160153745163,-0.010655722473881949,0.005754155961490498,0.3164750709000647,-0.9426827327979742,1.686715756718366,0.6608347913021745,
permeability,15,context_4,tuned,original,72,62,0.5258182365445512,0.528093181284711,-0.0022749447401598758,-0.008410626548985752,0.0036061152268497543,0.4307847214814514,-0.6961293409179568,1.6801187807118423,0.45188702824293925,
permeability,15,context_4,tuned,previous,72,62,0.5258182365445512,0.5273033996129792,-0.001485163068427952,-0.0074641593894965745,0.004327416563484224,0.28165247360781404,-0.8319251274785365,1.3986430203813618,0.6293426643339165,
permeability,15,context_9,tuned,original,72,62,0.4370458126949904,0.4378207919222496,-0.0007749792272591306,-0.005258902439512452,0.0035907230173022357,0.17700831974120707,-0.8474240884921637,1.237266989812287,0.7258185453636591,
permeability,15,context_9,tuned,previous,72,62,0.4370458126949904,0.4384515366441642,-0.0014057239491738092,-0.005582867141712483,0.002793578020566724,0.32061102121639257,-0.6588480291393365,1.2842642238365845,0.49537615596100976,
permeability,15,ei_top1,tuned_ei,original_ei,72,62,7.224537037037036,7.260416666666667,-0.0358796296296296,-0.2250211352657005,0.12500000000000003,0.49418141240237334,-1.8124661896615493,2.9984878511114936,0.7163209197700575,
permeability,15,ei_top1,tuned_ei,previous_ei,72,62,7.224537037037036,7.285879629629629,-0.06134259259259256,-0.2103257275132275,0.07198970337174575,0.8419380460683078,-1.0062194285054047,2.896403559644727,0.3739065233691577,
permeability,15,ppo_top1,tuned_ppo,original_ppo,72,62,7.670138888888889,7.773148148148149,-0.10300925925925927,-0.5897575977876608,0.40258333333333346,1.325193567599765,-5.40095753793441,7.37819139122723,0.6608347913021745,
permeability,15,ppo_top1,tuned_ppo,previous_ppo,72,62,7.670138888888889,7.556712962962962,0.11342592592592599,-0.13931267955994678,0.37404013593978225,-1.5009955582784693,-5.047779551127762,1.83994419611485,0.37640589852536865,
permeability,15,ei_top2,tuned_ei,original_ei,72,62,4.585648148148149,4.6030092592592595,-0.01736111111111113,-0.1972601598934044,0.13658012023217245,0.37716872014080105,-3.1521224085404342,4.099480968858134,0.8577855536115971,
permeability,15,ei_top2,tuned_ei,previous_ei,72,62,4.585648148148149,4.568287037037037,0.01736111111111116,-0.10784313725490183,0.13039811870694237,-0.38003546997720866,-2.8864132384898324,2.3255813953488365,0.7498125468632841,
permeability,15,ppo_top2,tuned_ppo,original_ppo,72,62,4.715277777777778,4.875,-0.15972222222222218,-0.5659733495670995,0.2002430902430904,3.2763532763532783,-4.304162029445999,10.991583417271281,0.398400399900025,
permeability,15,ppo_top2,tuned_ppo,previous_ppo,72,62,4.715277777777778,4.642361111111111,0.07291666666666669,-0.151986391571554,0.2847262596899225,-1.5706806282722579,-6.133285622037913,3.294659186119382,0.5188702824293927,
permeability,15,ei_top3,tuned_ei,original_ei,72,62,3.5057870370370363,3.474537037037037,0.031249999999999986,-0.09637586805555556,0.13850743348982786,-0.8994003997334854,-4.261599662886108,2.595287593748513,0.6193451637090728,
permeability,15,ei_top3,tuned_ei,previous_ei,72,62,3.5057870370370363,3.49537037037037,0.010416666666666753,-0.10353535353535347,0.11194029850746277,-0.2980132450331084,-3.2029648434897653,3.0035192448301626,0.8747813046738315,
permeability,15,ppo_top3,tuned_ppo,original_ppo,72,62,3.655092592592592,3.818287037037037,-0.1631944444444445,-0.5582558157472541,0.1844704301075269,4.274022431039725,-5.266116774843642,13.871130096256334,0.39040239940015,
permeability,15,ppo_top3,tuned_ppo,previous_ppo,72,62,3.655092592592592,3.6759259259259256,-0.020833333333333346,-0.23728487318840594,0.17682254623044094,0.566750629722926,-4.910045263060329,6.507261454426612,0.8472881779555111,
permeability,15,ei_top4,tuned_ei,original_ei,72,62,2.7858796296296293,2.739583333333333,0.046296296296296294,-0.035865345171120534,0.13235608345902464,-1.6899028305872408,-5.081656370902974,1.2610480854040582,0.24043989002749314,
permeability,15,ei_top4,tuned_ei,previous_ei,72,62,2.7858796296296293,2.7881944444444446,-0.0023148148148147757,-0.0870098039215686,0.08088410364145658,0.0830220008302383,-3.1008839471371785,3.141604749808186,0.9442639340164959,
permeability,15,ppo_top4,tuned_ppo,original_ppo,72,62,2.858796296296296,3.0219907407407405,-0.1631944444444445,-0.557562038900067,0.1654718137254903,5.400229797012646,-5.9119355393356035,17.051608457159045,0.3454136465883529,
permeability,15,ppo_top4,tuned_ppo,previous_ppo,72,62,2.858796296296296,2.894675925925926,-0.03587962962962965,-0.25789716346781566,0.15858506944444448,1.2395041983206916,-5.590870365354126,8.817328994493913,0.7333166708322919,
efflux,15,all_pairs,tuned,original,54,49,1.0753158446195359,1.0855517560510815,-0.010235911431545524,-0.024517817342197865,0.003138453240630176,0.9429224700239816,-0.29831838958162327,2.266709508913067,0.13896525868532866,
efflux,15,all_pairs,tuned,previous,54,49,1.0753158446195359,1.07079745175597,0.004518392863565866,-3.483234018214655e-05,0.01060742610822042,-0.42196522378311047,-0.9928485104394875,0.0027866032055030346,0.05298675331167208,
efflux,15,balanced_context,tuned,original,54,49,0.8358093797649148,0.8462758032334811,-0.010466423468566152,-0.021451536621969285,-0.000527165598973535,1.2367626994149912,0.06753040402641661,2.560862936029057,0.040989752561859535,
efflux,15,balanced_context,tuned,previous,54,49,0.8358093797649148,0.8338627766654605,0.0019466030994544142,-0.0018154251767371632,0.006281886983402265,-0.23344405745493924,-0.7558768151647715,0.22502953345754034,0.34391402149462635,
efflux,15,context_0,tuned,original,54,49,1.0426605207708333,1.0587424842522208,-0.01608196348138746,-0.03385673710811718,-1.1150167616323192e-05,1.5189683724410192,0.0010121098905353757,3.275850333695177,0.050487378155461136,
efflux,15,context_0,tuned,previous,54,49,1.0426605207708333,1.0388550276379886,0.0038054931328447665,-0.002099700113786719,0.010520517725874562,-0.3663160914277948,-1.00967622622986,0.208663187140404,0.2264433891527118,
efflux,15,context_1,tuned,original,54,49,0.7806216152128436,0.7886316656054041,-0.008010050392560438,-0.018281218209893473,0.0014583070531833783,1.0156896738874293,-0.1936583003642001,2.290296481725021,0.10297425643589103,
efflux,15,context_1,tuned,previous,54,49,0.7806216152128436,0.7791761635224742,0.0014454516903694814,-0.00136102243673778,0.004653220753534937,-0.18551025532336723,-0.6045017818875993,0.18043872965914062,0.3369157710572357,
efflux,15,context_2,tuned,original,54,49,0.6672114552495864,0.6722834318805491,-0.00507197663096271,-0.01078112095171294,0.0006912005100969806,0.7544402242332652,-0.10642951268869297,1.5975861363533348,0.07848037990502374,
efflux,15,context_2,tuned,previous,54,49,0.6672114552495864,0.6663176438505028,0.0008938113990836447,-0.0014301072509701662,0.003647477586307109,-0.13414193775784947,-0.5433724539829367,0.21171763498317397,0.48937765558610347,
efflux,15,context_4,tuned,original,54,49,0.5761048351295494,0.5800056520501021,-0.0039008169205528723,-0.009157798478726581,0.0014460856678993569,0.672548087551363,-0.2623583994718949,1.5779622508975015,0.15046238440389903,
efflux,15,context_4,tuned,previous,54,49,0.5761048351295494,0.5765500563779868,-0.00044522124843747457,-0.0022787040327246605,0.001606758623799121,0.07722161215878902,-0.27776360475017525,0.3951275341912757,0.614846288427893,
efflux,15,context_9,tuned,original,54,49,0.49189504944400675,0.4943157393229101,-0.002420689878903372,-0.005765191225559612,0.0008626440984620978,0.48970519980187455,-0.1831915717609595,1.1866636694814445,0.15346163459135218,
efflux,15,context_9,tuned,previous,54,49,0.49189504944400675,0.49343823902076617,-0.0015431895767594472,-0.0032482402484450127,0.0001949901872893954,0.31274219440753026,-0.03998714546067383,0.6494697833959742,0.0804798800299925,
efflux,15,ei_top1,tuned_ei,original_ei,54,49,5.45679012345679,5.584876543209877,-0.1280864197530864,-0.26307189542483655,-0.0033980258770174646,2.2934512296214384,0.06856151798127393,4.698880545174154,0.04498875281179705,
efflux,15,ei_top1,tuned_ei,previous_ei,54,49,5.45679012345679,5.442901234567903,0.013888888888888864,-0.07653061224489799,0.09905660377358484,-0.2551743691522286,-1.9445259839690863,1.3654744239073675,0.7348162959260185,
efflux,15,ppo_top1,tuned_ppo,original_ppo,54,49,5.242283950617284,5.6157407407407405,-0.37345679012345695,-0.8103476448050487,-0.010802469135802571,6.650178620500131,0.2023655655414973,14.185388093308115,0.04448887778055486,
efflux,15,ppo_top1,tuned_ppo,previous_ppo,54,49,5.242283950617284,5.245370370370371,-0.0030864197530864456,-0.14053253119429593,0.17006802721088438,0.058840835539877616,-3.479306960225679,2.67777847338784,0.963259185203699,
efflux,15,ei_top2,tuned_ei,original_ei,54,49,3.5864197530864197,3.6867283950617282,-0.10030864197530863,-0.23447290703646625,0.024509803921568613,2.7208036835495997,-0.682005617474598,6.2701980418380465,0.11297175706073481,
efflux,15,ei_top2,tuned_ei,previous_ei,54,49,3.5864197530864197,3.5787037037037037,0.0077160493827160385,-0.11301040061633283,0.12421383647798744,-0.21561017680034283,-3.500788999776586,3.076315593825251,0.8752811797050737,
efflux,15,ppo_top2,tuned_ppo,original_ppo,54,49,3.717592592592593,3.924382716049383,-0.20679012345679018,-0.5125846637639091,0.08499157475490207,5.269366889500584,-2.2552921697643056,12.356719564273309,0.16245938515371158,
efflux,15,ppo_top2,tuned_ppo,previous_ppo,54,49,3.717592592592593,3.703703703703704,0.013888888888888893,-0.13334119496855346,0.1713932742908485,-0.3749999999999986,-5.030098743013021,3.3724365776894967,0.9007748062984254,
efflux,15,ei_top3,tuned_ei,original_ei,54,49,3.0015432098765427,3.058641975308642,-0.05709876543209882,-0.16369178153717637,0.057110690235690244,1.8668012108981018,-1.844777714372168,5.55262440575269,0.30992251937015747,
efflux,15,ei_top3,tuned_ei,previous_ei,54,49,3.0015432098765427,2.9845679012345676,0.01697530864197528,-0.0416666666666667,0.08179012345679011,-0.568769389865555,-2.727890620252462,1.45395058865961,0.6248437890527369,
efflux,15,ppo_top3,tuned_ppo,original_ppo,54,49,3.0817901234567904,3.2129629629629637,-0.13117283950617284,-0.3790891356542617,0.14396590909090914,4.082612872238246,-4.592979582648006,11.547385473639855,0.31092226943264184,
efflux,15,ppo_top3,tuned_ppo,previous_ppo,54,49,3.0817901234567904,2.987654320987655,0.09413580246913583,-0.04328399122807017,0.2638888888888889,-3.150826446280971,-9.01768674338036,1.4405485743139086,0.1989502624343914,
efflux,15,ei_top4,tuned_ei,original_ei,54,49,2.2499999999999996,2.299382716049383,-0.04938271604938277,-0.12427020419902218,0.03216983430799213,2.147651006711438,-1.3661246626918513,5.725085491589477,0.20694826293426644,
efflux,15,ei_top4,tuned_ei,previous_ei,54,49,2.2499999999999996,2.2391975308641974,0.010802469135802472,-0.023616071428571445,0.052725176609105216,-0.48242591316332295,-2.4145996373671803,1.0575884427042794,0.6128467883029243,
efflux,15,ppo_top4,tuned_ppo,original_ppo,54,49,2.337962962962963,2.339506172839506,-0.0015432098765432044,-0.16823974963715527,0.18553459119496857,0.06596306068601139,-8.143937340852998,6.9788845649090065,0.9367658085478631,
efflux,15,ppo_top4,tuned_ppo,previous_ppo,54,49,2.337962962962963,2.2885802469135803,0.04938271604938275,-0.06500898692810456,0.20032950680272113,-2.1577882670262882,-8.787916478214987,2.909857882357706,0.4868782804298925,
