method,baseline,cutoff,measurements,metric,endpoint,improvement,lower,upper
frozen_average,checkpoint_1,3,1,r2,cellular_clearance,0.0,0.0,0.0
frozen_average,checkpoint_1,3,1,r2,efflux,0.0,0.0,0.0
frozen_average,checkpoint_1,3,1,r2,in_vivo_clearance,0.0,0.0,0.0
frozen_average,checkpoint_1,3,1,r2,microsomal_clearance,0.0,0.0,0.0
frozen_average,checkpoint_1,3,1,r2,permeability,0.0,0.0,0.0
frozen_average,checkpoint_1,3,1,r2,protein_binding,0.0,0.0,0.0
frozen_average,checkpoint_1,3,1,r2,macro,0.0,0.0,0.0
frozen_average,checkpoint_1,3,1,rho,cellular_clearance,0.0,0.0,0.0
frozen_average,checkpoint_1,3,1,rho,efflux,0.0,0.0,0.0
frozen_average,checkpoint_1,3,1,rho,in_vivo_clearance,0.0,0.0,0.0
frozen_average,checkpoint_1,3,1,rho,microsomal_clearance,0.0,0.0,0.0
frozen_average,checkpoint_1,3,1,rho,permeability,0.0,0.0,0.0
frozen_average,checkpoint_1,3,1,rho,protein_binding,0.0,0.0,0.0
frozen_average,checkpoint_1,3,1,rho,macro,0.0,0.0,0.0
frozen_average,checkpoint_1,3,1,nll,cellular_clearance,-0.004299139400350445,-0.015438707404653047,0.002566646253247663
frozen_average,checkpoint_1,3,1,nll,efflux,-0.00480205912434572,-0.01388537519345195,0.004500025561488849
frozen_average,checkpoint_1,3,1,nll,in_vivo_clearance,0.010049695907866323,0.0005327881954012359,0.022258876933855906
frozen_average,checkpoint_1,3,1,nll,microsomal_clearance,-0.0008895989266340875,-0.01341877263102123,0.012178845039035718
frozen_average,checkpoint_1,3,1,nll,permeability,-0.011448972897701271,-0.017621309729762575,-0.005238975799017074
frozen_average,checkpoint_1,3,1,nll,protein_binding,0.012859437694573556,-0.0001120306397339716,0.02095355244973931
frozen_average,checkpoint_1,3,1,nll,macro,0.0002448938755680591,-0.004895026441148019,0.004083824260133002
frozen_average,checkpoint_1,3,2,r2,cellular_clearance,-0.1514015075386197,-0.2585877480346115,-0.09406951021988176
frozen_average,checkpoint_1,3,2,r2,efflux,-0.18527307975124702,-0.22029078986900033,-0.15198007552986123
frozen_average,checkpoint_1,3,2,r2,in_vivo_clearance,-0.22402219404736157,-0.2862422123808349,-0.1617032480500694
frozen_average,checkpoint_1,3,2,r2,microsomal_clearance,-0.2163578969277517,-0.23269303992072174,-0.1995760236716265
frozen_average,checkpoint_1,3,2,r2,permeability,-0.21652341453728222,-0.24826436678386152,-0.1889030425138716
frozen_average,checkpoint_1,3,2,r2,protein_binding,-0.1904264697014627,-0.22903715527368404,-0.15922150265763307
frozen_average,checkpoint_1,3,2,r2,macro,-0.19733409375062083,-0.22005080026813004,-0.1812331298269552
frozen_average,checkpoint_1,3,2,rho,cellular_clearance,6.525528100988328e-05,-0.0050548976593994864,0.005819067565743338
frozen_average,checkpoint_1,3,2,rho,efflux,0.0012482907851798508,-0.0049537291298533065,0.0068885466673616535
frozen_average,checkpoint_1,3,2,rho,in_vivo_clearance,0.003682118306123533,-0.0024082254053151776,0.009444672135549689
frozen_average,checkpoint_1,3,2,rho,microsomal_clearance,-0.0015893319697595915,-0.004270428623498474,0.0013938055810752985
frozen_average,checkpoint_1,3,2,rho,permeability,0.0022422307430763604,-0.0026370521619677985,0.007040839323800676
frozen_average,checkpoint_1,3,2,rho,protein_binding,0.0013586927511004452,-0.002675519502834993,0.00502269726630955
frozen_average,checkpoint_1,3,2,rho,macro,0.0011678759827884137,-0.0008400236031897639,0.003135899434298401
frozen_average,checkpoint_1,3,2,nll,cellular_clearance,-0.13819881923525737,-0.15205814337851337,-0.11624803170898997
frozen_average,checkpoint_1,3,2,nll,efflux,-0.11050848535116309,-0.12908972472627314,-0.09085535557937591
frozen_average,checkpoint_1,3,2,nll,in_vivo_clearance,-0.11825886856931421,-0.1414388226761804,-0.09150138264961037
frozen_average,checkpoint_1,3,2,nll,microsomal_clearance,-0.12736261660438983,-0.1355607074648021,-0.11902392902476178
frozen_average,checkpoint_1,3,2,nll,permeability,-0.14791480829727893,-0.16287582593517166,-0.13400412585687044
frozen_average,checkpoint_1,3,2,nll,protein_binding,-0.16292180892683658,-0.18770206963447922,-0.14920685540631823
frozen_average,checkpoint_1,3,2,nll,macro,-0.13419423449737336,-0.140429203578084,-0.12749793386506156
frozen_average,checkpoint_1,3,3,r2,cellular_clearance,-0.29734326208012285,-0.3399285714322742,-0.24717639734243624
frozen_average,checkpoint_1,3,3,r2,efflux,-0.23445437752656095,-0.2775285056048602,-0.1973899236349489
frozen_average,checkpoint_1,3,3,r2,in_vivo_clearance,-0.26469249676016215,-0.3174936208796114,-0.21365533288294053
frozen_average,checkpoint_1,3,3,r2,microsomal_clearance,-0.2810814443606014,-0.30610879139132346,-0.2561690464445719
frozen_average,checkpoint_1,3,3,r2,permeability,-0.27497529536146925,-0.3259699473667688,-0.23212732407027578
frozen_average,checkpoint_1,3,3,r2,protein_binding,-0.2460247178462254,-0.3215700041804905,-0.19782319971971407
frozen_average,checkpoint_1,3,3,r2,macro,-0.2664285989891903,-0.2836664801397854,-0.2508856556903166
frozen_average,checkpoint_1,3,3,rho,cellular_clearance,0.006600160335409475,0.0013536873242638017,0.012225497983019811
frozen_average,checkpoint_1,3,3,rho,efflux,0.006760653845674035,-0.0004682523653402479,0.013627170591843965
frozen_average,checkpoint_1,3,3,rho,in_vivo_clearance,0.004999999994678158,-0.0051066303853764,0.016923076956270218
frozen_average,checkpoint_1,3,3,rho,microsomal_clearance,-0.003775398497051281,-0.007076019466630249,-0.0003889147448679321
frozen_average,checkpoint_1,3,3,rho,permeability,0.004781093996018173,-0.001434978166168412,0.010929857481143128
frozen_average,checkpoint_1,3,3,rho,protein_binding,0.0005590557192149334,-0.005717158442444836,0.0071718583518195845
frozen_average,checkpoint_1,3,3,rho,macro,0.0033209275656572493,0.000800982072530782,0.006287035200236489
frozen_average,checkpoint_1,3,3,nll,cellular_clearance,-0.21117023312137886,-0.2434015249894935,-0.1745897172756015
frozen_average,checkpoint_1,3,3,nll,efflux,-0.19195351935939364,-0.22414727259725045,-0.1614545664448397
frozen_average,checkpoint_1,3,3,nll,in_vivo_clearance,-0.19088287031398826,-0.22418306705105617,-0.15933526260365008
frozen_average,checkpoint_1,3,3,nll,microsomal_clearance,-0.18827012015420228,-0.20054185151738926,-0.1751763575669387
frozen_average,checkpoint_1,3,3,nll,permeability,-0.22444239545782285,-0.2534332947664388,-0.19700625963787302
frozen_average,checkpoint_1,3,3,nll,protein_binding,-0.24644353457363272,-0.294629634610014,-0.21610192118309282
frozen_average,checkpoint_1,3,3,nll,macro,-0.20886044549673644,-0.22105680675889028,-0.19819647243839814
frozen_average,checkpoint_1,3,5,r2,cellular_clearance,-0.35737756231891604,-0.3942601203805968,-0.31589453394537886
frozen_average,checkpoint_1,3,5,r2,efflux,-0.2929674750850152,-0.33771060926540275,-0.2556535864026272
frozen_average,checkpoint_1,3,5,r2,in_vivo_clearance,-0.3324491838045197,-0.40069595702277966,-0.2697398647329708
frozen_average,checkpoint_1,3,5,r2,microsomal_clearance,-0.33534800173785445,-0.3610822064656223,-0.3099347634504871
frozen_average,checkpoint_1,3,5,r2,permeability,-0.34384281017682383,-0.38196552468675893,-0.3076536767652683
frozen_average,checkpoint_1,3,5,r2,protein_binding,-0.2837669262426715,-0.33461153373382163,-0.25283607796275626
frozen_average,checkpoint_1,3,5,r2,macro,-0.3242919932276334,-0.3424611373103255,-0.30898080046103316
frozen_average,checkpoint_1,3,5,rho,cellular_clearance,-0.002547676527923863,-0.011535187598562018,0.0046667144230290265
frozen_average,checkpoint_1,3,5,rho,efflux,-0.004596463481275482,-0.013108267058229551,0.0029329884686246557
frozen_average,checkpoint_1,3,5,rho,in_vivo_clearance,-0.0008737792305293532,-0.009309740557959592,0.006136647366532464
frozen_average,checkpoint_1,3,5,rho,microsomal_clearance,-0.0004120128185043345,-0.0035991192819257462,0.003189743460864901
frozen_average,checkpoint_1,3,5,rho,permeability,-0.0023302320949733237,-0.008503359458408362,0.004209973909808558
frozen_average,checkpoint_1,3,5,rho,protein_binding,0.00029708584101571247,-0.007962613153739386,0.006682430334443766
frozen_average,checkpoint_1,3,5,rho,macro,-0.0017438463853651075,-0.004763652648441152,0.0008348698065652497
frozen_average,checkpoint_1,3,5,nll,cellular_clearance,-0.29314759737289053,-0.33383705651742246,-0.2464156571188739
frozen_average,checkpoint_1,3,5,nll,efflux,-0.27495066030267035,-0.31635385245152753,-0.2379143100088937
frozen_average,checkpoint_1,3,5,nll,in_vivo_clearance,-0.2560657030608019,-0.30564251805474774,-0.21013225344066297
frozen_average,checkpoint_1,3,5,nll,microsomal_clearance,-0.25668717237842953,-0.27216846037969444,-0.24033414057272967
frozen_average,checkpoint_1,3,5,nll,permeability,-0.31371464045835706,-0.34353242046833327,-0.28637452739267794
frozen_average,checkpoint_1,3,5,nll,protein_binding,-0.33395411318391105,-0.3961705601706959,-0.29537659985564585
frozen_average,checkpoint_1,3,5,nll,macro,-0.2880866477928434,-0.3042913546821828,-0.27400361010064783
frozen_average,checkpoint_1,3,10,r2,cellular_clearance,-0.43972660534290553,-0.4974501269980974,-0.37659191466452285
frozen_average,checkpoint_1,3,10,r2,efflux,-0.37806901586292446,-0.4474343346598835,-0.319411055586078
frozen_average,checkpoint_1,3,10,r2,in_vivo_clearance,-0.5186100240159887,-0.7174054314324645,-0.3828794109712347
frozen_average,checkpoint_1,3,10,r2,microsomal_clearance,-0.3928268217531254,-0.43135447125149196,-0.3484992553459614
frozen_average,checkpoint_1,3,10,r2,permeability,-0.41928267275468656,-0.49014933479791256,-0.35636132617588695
frozen_average,checkpoint_1,3,10,r2,protein_binding,-0.2530253662783397,-0.38364221369720425,-0.19339217410314768
frozen_average,checkpoint_1,3,10,r2,macro,-0.4002567510013284,-0.44078318279192447,-0.3734445208623516
frozen_average,checkpoint_1,3,10,rho,cellular_clearance,-0.0029895874801315805,-0.011039548180218947,0.0037343898211150703
frozen_average,checkpoint_1,3,10,rho,efflux,-0.0003629571999664565,-0.00771307220007731,0.006939969415905391
frozen_average,checkpoint_1,3,10,rho,in_vivo_clearance,0.003730515763163565,-0.0039999996976306145,0.01343156323696558
frozen_average,checkpoint_1,3,10,rho,microsomal_clearance,0.0009150057050182218,-0.0026853718069793932,0.005057728686761593
frozen_average,checkpoint_1,3,10,rho,permeability,-0.0018916554645531712,-0.0066234879986300215,0.0030800027374855575
frozen_average,checkpoint_1,3,10,rho,protein_binding,0.005468266779048875,1.9077467986120868e-05,0.011812471076956146
frozen_average,checkpoint_1,3,10,rho,macro,0.0008115980170965756,-0.0014626270330805786,0.003355630020382633
frozen_average,checkpoint_1,3,10,nll,cellular_clearance,-0.39775606710985106,-0.4588125816253453,-0.33024410077735333
frozen_average,checkpoint_1,3,10,nll,efflux,-0.4161530883607596,-0.48839271132923934,-0.34695426735920915
frozen_average,checkpoint_1,3,10,nll,in_vivo_clearance,-0.4071506547842888,-0.5961874249985174,-0.28710423381859834
frozen_average,checkpoint_1,3,10,nll,microsomal_clearance,-0.3399736042576728,-0.36475228473546567,-0.3150799409132189
frozen_average,checkpoint_1,3,10,nll,permeability,-0.4101055080951139,-0.4617937541290922,-0.36052774113109115
frozen_average,checkpoint_1,3,10,nll,protein_binding,-0.40128373158237685,-0.5079761124113173,-0.31732177879755585
frozen_average,checkpoint_1,3,10,nll,macro,-0.3954037756983439,-0.4330319114814364,-0.3662513848011316
trained_average,continued_reference,3,1,r2,cellular_clearance,-0.0005624378553617688,-0.006999303747401812,0.012909786059922032
trained_average,continued_reference,3,1,r2,efflux,0.0013467369739968411,-0.005347341459278946,0.007657802181836699
trained_average,continued_reference,3,1,r2,in_vivo_clearance,-0.001511626896893866,-0.016878946427364327,0.014100366189526519
trained_average,continued_reference,3,1,r2,microsomal_clearance,0.010323123453492879,0.006697427995119151,0.01407553494575875
trained_average,continued_reference,3,1,r2,permeability,-0.005852919565920878,-0.01303929017976586,0.00016677862672706992
trained_average,continued_reference,3,1,r2,protein_binding,-0.0010285949499499792,-0.005724217159210098,0.00561464664349048
trained_average,continued_reference,3,1,r2,macro,0.00045238019322720464,-0.0034317807456143716,0.005415655414332244
trained_average,continued_reference,3,1,rho,cellular_clearance,0.0015222016906280402,-0.0075135424446427235,0.012079565825007792
trained_average,continued_reference,3,1,rho,efflux,0.002291800084634602,-0.006033303123534779,0.009990820313813932
trained_average,continued_reference,3,1,rho,in_vivo_clearance,-0.01820990136421924,-0.037561393357396916,0.0046300987153352294
trained_average,continued_reference,3,1,rho,microsomal_clearance,-0.0019492559049327349,-0.00739744319320077,0.0036345132713453817
trained_average,continued_reference,3,1,rho,permeability,-0.0030736797863247112,-0.011430665652298642,0.004818456006464385
trained_average,continued_reference,3,1,rho,protein_binding,0.002545339202837563,-0.003473868748213612,0.012958508076662234
trained_average,continued_reference,3,1,rho,macro,-0.002812249346229413,-0.006801445364717821,0.0023281758089065746
trained_average,continued_reference,3,1,nll,cellular_clearance,-0.00023773716035496378,-0.005416030077890168,0.007887995655476671
trained_average,continued_reference,3,1,nll,efflux,0.006899215095494884,0.0024779939018404135,0.011935689596617652
trained_average,continued_reference,3,1,nll,in_vivo_clearance,-0.0018100191974534132,-0.009295365879456917,0.0070783027231850135
trained_average,continued_reference,3,1,nll,microsomal_clearance,0.009541708299374476,0.0067372806901089734,0.012644786602137416
trained_average,continued_reference,3,1,nll,permeability,-0.003430710004359486,-0.00766073723758632,0.0003899566535083009
trained_average,continued_reference,3,1,nll,protein_binding,0.0015076099770229292,-0.006540102547299265,0.0060156302058795175
trained_average,continued_reference,3,1,nll,macro,0.0020783445016207378,6.907529486610171e-05,0.004586036722179514
trained_average,continued_reference,3,2,r2,cellular_clearance,0.013696614970614814,-0.024132036875520988,0.046915643598530704
trained_average,continued_reference,3,2,r2,efflux,-0.027881364836235982,-0.04469757190373238,-0.010566126347171573
trained_average,continued_reference,3,2,r2,in_vivo_clearance,-0.06333959116874373,-0.15266892142788102,-0.0092553808108126
trained_average,continued_reference,3,2,r2,microsomal_clearance,-0.009930188711207648,-0.016285123885702673,-0.0033802153068836333
trained_average,continued_reference,3,2,r2,permeability,-0.03003550527395114,-0.03988741129474446,-0.020592337586645616
trained_average,continued_reference,3,2,r2,protein_binding,-0.02970074796295623,-0.05487658473744829,-0.014084424930788254
trained_average,continued_reference,3,2,r2,macro,-0.024531797163746653,-0.04134070799311585,-0.012811183922154612
trained_average,continued_reference,3,2,rho,cellular_clearance,-0.0017102964249920448,-0.01943907729209153,0.02190970966074048
trained_average,continued_reference,3,2,rho,efflux,0.0027639923323141903,-0.015803048509533558,0.01998744383530967
trained_average,continued_reference,3,2,rho,in_vivo_clearance,-0.019820414070349075,-0.040340589546667804,0.004068407930332748
trained_average,continued_reference,3,2,rho,microsomal_clearance,-0.0016403530021086364,-0.009055136874025966,0.005608766594502099
trained_average,continued_reference,3,2,rho,permeability,-0.002425902526279391,-0.016573150328715227,0.011917663201102985
trained_average,continued_reference,3,2,rho,protein_binding,0.013283791903778208,0.005579109848493613,0.024665077424930917
trained_average,continued_reference,3,2,rho,macro,-0.0015915302979394585,-0.007812501699229339,0.006091108165168887
trained_average,continued_reference,3,2,nll,cellular_clearance,-0.014810551487263972,-0.025421577836785586,0.0021185019386728097
trained_average,continued_reference,3,2,nll,efflux,-0.017214709736342794,-0.03013653770513011,-0.001844376147645942
trained_average,continued_reference,3,2,nll,in_vivo_clearance,-0.012171041808716386,-0.025498559019073375,0.0021504060812035774
trained_average,continued_reference,3,2,nll,microsomal_clearance,-0.01682683147628975,-0.022946713809100832,-0.011517617351353728
trained_average,continued_reference,3,2,nll,permeability,-0.029619474294497874,-0.039841440546031885,-0.020157590611522457
trained_average,continued_reference,3,2,nll,protein_binding,-0.03147174806775519,-0.055673413511058395,-0.016707488671268193
trained_average,continued_reference,3,2,nll,macro,-0.020352392811810994,-0.025997670676404943,-0.015991599153264098
trained_average,continued_reference,3,3,r2,cellular_clearance,-0.047100793200994605,-0.06540568495722986,-0.027583494413427983
trained_average,continued_reference,3,3,r2,efflux,-0.058444176006894784,-0.07857698814015533,-0.03970124906839771
trained_average,continued_reference,3,3,r2,in_vivo_clearance,-0.04228594977294776,-0.08345585424056928,-0.01121297571802352
trained_average,continued_reference,3,3,r2,microsomal_clearance,-0.030909763449885563,-0.04037496552436306,-0.02247440097809281
trained_average,continued_reference,3,3,r2,permeability,-0.04475118816158823,-0.06144560498517788,-0.029406837845461782
trained_average,continued_reference,3,3,r2,protein_binding,-0.03568841934732588,-0.07415538157048283,-0.0111908519690118
trained_average,continued_reference,3,3,r2,macro,-0.04319671498993947,-0.05426523387463109,-0.034483116465503616
trained_average,continued_reference,3,3,rho,cellular_clearance,-0.005465970604017159,-0.028476503826341426,0.020229458341414475
trained_average,continued_reference,3,3,rho,efflux,-0.0015633644096904712,-0.026083494782230942,0.02173292211863201
trained_average,continued_reference,3,3,rho,in_vivo_clearance,-0.012857945662524014,-0.045523360483785386,0.018947971996736923
trained_average,continued_reference,3,3,rho,microsomal_clearance,-0.005451472710580649,-0.015509525508703664,0.004539332328199803
trained_average,continued_reference,3,3,rho,permeability,-0.006223895659877195,-0.02581217814420497,0.012147385182579126
trained_average,continued_reference,3,3,rho,protein_binding,0.018284868116699923,0.0013315699293805505,0.031153085633966984
trained_average,continued_reference,3,3,rho,macro,-0.0022129634883315936,-0.011292433116521096,0.0062914982247664975
trained_average,continued_reference,3,3,nll,cellular_clearance,-0.04514327755007547,-0.06341731222733446,-0.0295085938815937
trained_average,continued_reference,3,3,nll,efflux,-0.05728685508111712,-0.0783036136472203,-0.038994751280011564
trained_average,continued_reference,3,3,nll,in_vivo_clearance,-0.03385762183857615,-0.056276373691023146,-0.011853452996156881
trained_average,continued_reference,3,3,nll,microsomal_clearance,-0.027410659526225883,-0.03598335046591638,-0.019524941012128257
trained_average,continued_reference,3,3,nll,permeability,-0.05610915450490753,-0.07114857881489865,-0.042376724229566586
trained_average,continued_reference,3,3,nll,protein_binding,-0.05939625380520656,-0.08295657085307116,-0.04383737139353758
trained_average,continued_reference,3,3,nll,macro,-0.04653397038435145,-0.05470749648101118,-0.03983836708873123
trained_average,continued_reference,3,5,r2,cellular_clearance,-0.06703896664617733,-0.09562645447059169,-0.041268126666075156
trained_average,continued_reference,3,5,r2,efflux,-0.07002400026109029,-0.09259665040925104,-0.0491168592714309
trained_average,continued_reference,3,5,r2,in_vivo_clearance,-0.06535734986601614,-0.11052388632463274,-0.028610032132469966
trained_average,continued_reference,3,5,r2,microsomal_clearance,-0.05041137933131246,-0.06038313625565299,-0.04096978178912257
trained_average,continued_reference,3,5,r2,permeability,-0.0731962325289952,-0.09030248019491284,-0.05631470301543827
trained_average,continued_reference,3,5,r2,protein_binding,-0.0396733625276498,-0.07003869752409586,-0.02082582456194856
trained_average,continued_reference,3,5,r2,macro,-0.06095021519354021,-0.07279757371136966,-0.051480102501858284
trained_average,continued_reference,3,5,rho,cellular_clearance,-0.024846628809706662,-0.05179541225578811,0.0029066526615809008
trained_average,continued_reference,3,5,rho,efflux,-0.007950128553558781,-0.033225729115721594,0.01675566639345882
trained_average,continued_reference,3,5,rho,in_vivo_clearance,-0.02202334643474646,-0.05564582436731056,0.014569965553289469
trained_average,continued_reference,3,5,rho,microsomal_clearance,-0.018891402400344353,-0.03041278369005347,-0.00660415996639078
trained_average,continued_reference,3,5,rho,permeability,-0.02152645204340418,-0.04386899246152994,-0.0004917283232539226
trained_average,continued_reference,3,5,rho,protein_binding,-0.0022711268695557937,-0.019375010351193583,0.017410782127810102
trained_average,continued_reference,3,5,rho,macro,-0.016251514185219373,-0.02582747935330896,-0.005609991690533648
trained_average,continued_reference,3,5,nll,cellular_clearance,-0.0800321391662788,-0.11367768815528627,-0.05432928772680945
trained_average,continued_reference,3,5,nll,efflux,-0.08592430070844603,-0.11407809017475694,-0.06112878357029643
trained_average,continued_reference,3,5,nll,in_vivo_clearance,-0.05528643233430715,-0.08181203659460462,-0.029247805031619237
trained_average,continued_reference,3,5,nll,microsomal_clearance,-0.05169770847197817,-0.06153767251328387,-0.04281410020995762
trained_average,continued_reference,3,5,nll,permeability,-0.09459420956126728,-0.11660957840063253,-0.07456927977298179
trained_average,continued_reference,3,5,nll,protein_binding,-0.08310489868108344,-0.10781353588240955,-0.06531728103985882
trained_average,continued_reference,3,5,nll,macro,-0.07510661482056015,-0.08647732172373243,-0.06571197007653812
trained_average,continued_reference,3,10,r2,cellular_clearance,-0.08770759861435376,-0.11642167149676358,-0.060772823781075
trained_average,continued_reference,3,10,r2,efflux,-0.09426227541928409,-0.11985549506672302,-0.07115861223508371
trained_average,continued_reference,3,10,r2,in_vivo_clearance,-0.11943152152705548,-0.1918641145565542,-0.060609351682672764
trained_average,continued_reference,3,10,r2,microsomal_clearance,-0.06059910026151074,-0.07049021553054459,-0.05098910412082628
trained_average,continued_reference,3,10,r2,permeability,-0.08359625299281669,-0.11949287853521512,-0.050865716594643506
trained_average,continued_reference,3,10,r2,protein_binding,-0.03683719799869067,-0.08205774098828995,-0.012458543209255298
trained_average,continued_reference,3,10,r2,macro,-0.08040565780228524,-0.09649560335476241,-0.06915084708727529
trained_average,continued_reference,3,10,rho,cellular_clearance,-0.06753612260832133,-0.12327534142786108,-0.021981895304003237
trained_average,continued_reference,3,10,rho,efflux,-0.038340441027173294,-0.07397575448285149,-0.0036851924540544233
trained_average,continued_reference,3,10,rho,in_vivo_clearance,-0.019490299336612206,-0.09203730578449638,0.02956565126572308
trained_average,continued_reference,3,10,rho,microsomal_clearance,-0.0409244568954123,-0.05747536248132509,-0.025173663823395698
trained_average,continued_reference,3,10,rho,permeability,-0.041264095540261926,-0.07406226764662219,-0.011866190445805204
trained_average,continued_reference,3,10,rho,protein_binding,0.010326976171045594,-0.008229491748994896,0.034270277052576986
trained_average,continued_reference,3,10,rho,macro,-0.03287140653945591,-0.050157840583051234,-0.017316701737763677
trained_average,continued_reference,3,10,nll,cellular_clearance,-0.11845987521675329,-0.14573432644542675,-0.08957163233602611
trained_average,continued_reference,3,10,nll,efflux,-0.14062705968614445,-0.1815622841719008,-0.10024188060049775
trained_average,continued_reference,3,10,nll,in_vivo_clearance,-0.11427148266287517,-0.16223549710801755,-0.05975758391550486
trained_average,continued_reference,3,10,nll,microsomal_clearance,-0.07200875484113238,-0.0840684844129737,-0.060223543958874894
trained_average,continued_reference,3,10,nll,permeability,-0.12359874634046089,-0.1583702938826771,-0.09025183966574751
trained_average,continued_reference,3,10,nll,protein_binding,-0.11349497660053776,-0.14696026393485417,-0.08520038352996137
trained_average,continued_reference,3,10,nll,macro,-0.113743482557984,-0.12738018886203076,-0.09859470731884934
trained_average,checkpoint_1,3,1,r2,cellular_clearance,0.0014159069766731195,-0.004708599172340841,0.01387159227281431
trained_average,checkpoint_1,3,1,r2,efflux,-0.0003853010767533395,-0.007436813095419938,0.006470730366110325
trained_average,checkpoint_1,3,1,r2,in_vivo_clearance,-0.0007056929289074861,-0.01936918324988998,0.01816920252249732
trained_average,checkpoint_1,3,1,r2,microsomal_clearance,0.012419746165293413,0.008459162318136685,0.016371075879137612
trained_average,checkpoint_1,3,1,r2,permeability,-0.006006610587222689,-0.013626790637266363,0.0005615607058504217
trained_average,checkpoint_1,3,1,r2,protein_binding,-0.0011040228436025403,-0.007447628403684597,0.008060741781269797
trained_average,checkpoint_1,3,1,r2,macro,0.0009390042842467462,-0.003732016880541288,0.006710476365916957
trained_average,checkpoint_1,3,1,rho,cellular_clearance,-0.0005260632508218541,-0.00926988623002839,0.009629363555147317
trained_average,checkpoint_1,3,1,rho,efflux,0.003463337014176926,-0.005780353113719156,0.012045722211273369
trained_average,checkpoint_1,3,1,rho,in_vivo_clearance,-0.017438711239000593,-0.035680790231349714,0.0036013755720675396
trained_average,checkpoint_1,3,1,rho,microsomal_clearance,-0.0015095349299433498,-0.007206654407123555,0.004211006585612823
trained_average,checkpoint_1,3,1,rho,permeability,-0.003634190314148663,-0.011866897447724132,0.004179514547652352
trained_average,checkpoint_1,3,1,rho,protein_binding,-0.0005622953952224725,-0.00765206534905801,0.01179445721358298
trained_average,checkpoint_1,3,1,rho,macro,-0.003367909685826668,-0.0073587117825769524,0.0017484637114551652
trained_average,checkpoint_1,3,1,nll,cellular_clearance,0.003596270367508556,-0.0017162512925734995,0.012164462472617144
trained_average,checkpoint_1,3,1,nll,efflux,0.005051410532992869,4.890711089108738e-05,0.010640138853650307
trained_average,checkpoint_1,3,1,nll,in_vivo_clearance,-0.0007888457641345216,-0.00964163476609546,0.009389943931897331
trained_average,checkpoint_1,3,1,nll,microsomal_clearance,0.011468168546193433,0.008237276912379934,0.014697898801689936
trained_average,checkpoint_1,3,1,nll,permeability,-0.003233438567110414,-0.00710941682582909,0.00040475695240587605
trained_average,checkpoint_1,3,1,nll,protein_binding,0.005430031340669401,-0.0034247912218643723,0.010435593528259216
trained_average,checkpoint_1,3,1,nll,macro,0.0035872660760198874,0.0012775549678646332,0.006382306721536045
trained_average,checkpoint_1,3,2,r2,cellular_clearance,0.011579594946668964,-0.0234353294874736,0.044144660842855496
trained_average,checkpoint_1,3,2,r2,efflux,-0.028431388796309586,-0.04577637097509232,-0.010562980476901532
trained_average,checkpoint_1,3,2,r2,in_vivo_clearance,-0.06834475535129869,-0.17221973456811118,-0.004715143922031429
trained_average,checkpoint_1,3,2,r2,microsomal_clearance,-0.009198392665314852,-0.015747772449788502,-0.0026660956355850267
trained_average,checkpoint_1,3,2,r2,permeability,-0.028362655336577586,-0.03825971507161942,-0.01866146441408178
trained_average,checkpoint_1,3,2,r2,protein_binding,-0.02949221302431637,-0.05345691899574887,-0.01467222943368381
trained_average,checkpoint_1,3,2,r2,macro,-0.025374968371191353,-0.04397022554882134,-0.01215009029461818
trained_average,checkpoint_1,3,2,rho,cellular_clearance,-0.0021596159553217108,-0.019796751316742925,0.021848852654972214
trained_average,checkpoint_1,3,2,rho,efflux,0.0021363374938712736,-0.016271440190428213,0.019473626937568857
trained_average,checkpoint_1,3,2,rho,in_vivo_clearance,-0.01422252353933296,-0.03496712138744136,0.009484249444094423
trained_average,checkpoint_1,3,2,rho,microsomal_clearance,-0.0011562970117623857,-0.008631681063626804,0.006210494635577606
trained_average,checkpoint_1,3,2,rho,permeability,-0.002746782391401833,-0.01745487095659053,0.012049097247934681
trained_average,checkpoint_1,3,2,rho,protein_binding,0.010310187156695272,0.002093469794861593,0.024347934388406704
trained_average,checkpoint_1,3,2,rho,macro,-0.0013064490412087236,-0.007762214661444702,0.006733285236601185
trained_average,checkpoint_1,3,2,nll,cellular_clearance,-0.014343762334661675,-0.025213670127622427,0.003218655228021985
trained_average,checkpoint_1,3,2,nll,efflux,-0.01668006942104272,-0.029704912536653742,-0.0019440674238109191
trained_average,checkpoint_1,3,2,nll,in_vivo_clearance,-0.011012288909479537,-0.02637018359128166,0.005175581909129983
trained_average,checkpoint_1,3,2,nll,microsomal_clearance,-0.01550821042574022,-0.022289490756960097,-0.009577109328183023
trained_average,checkpoint_1,3,2,nll,permeability,-0.02918047036379082,-0.03914870372281002,-0.019963865831541975
trained_average,checkpoint_1,3,2,nll,protein_binding,-0.034265507461677155,-0.05804682348961936,-0.019976891351692536
trained_average,checkpoint_1,3,2,nll,macro,-0.020165051486065354,-0.025668925968813185,-0.01565864877337953
trained_average,checkpoint_1,3,3,r2,cellular_clearance,-0.04630909889832924,-0.06509453778262868,-0.026398310711139225
trained_average,checkpoint_1,3,3,r2,efflux,-0.05841642852264511,-0.07898239242047124,-0.03924441687195195
trained_average,checkpoint_1,3,3,r2,in_vivo_clearance,-0.04110168633120588,-0.08173601780022599,-0.010100317295785442
trained_average,checkpoint_1,3,3,r2,microsomal_clearance,-0.030585782669879293,-0.03984724819815247,-0.02223104064489951
trained_average,checkpoint_1,3,3,r2,permeability,-0.04360642843659912,-0.06051927870274942,-0.028165603679146417
trained_average,checkpoint_1,3,3,r2,protein_binding,-0.035533875357280864,-0.07269374966069087,-0.011923428565201179
trained_average,checkpoint_1,3,3,r2,macro,-0.04259221670265658,-0.05358545644698141,-0.03392316489799128
trained_average,checkpoint_1,3,3,rho,cellular_clearance,-0.004937196893318358,-0.02697185995211695,0.020438287899792924
trained_average,checkpoint_1,3,3,rho,efflux,0.0028615049988055226,-0.02177296392716949,0.026567611407075767
trained_average,checkpoint_1,3,3,rho,in_vivo_clearance,-0.013215088427421588,-0.04616957552356087,0.021513362282390387
trained_average,checkpoint_1,3,3,rho,microsomal_clearance,-0.004921222981805095,-0.015199981271556608,0.00523227583890274
trained_average,checkpoint_1,3,3,rho,permeability,-0.0027257379910184286,-0.02244133221117887,0.01626080104832585
trained_average,checkpoint_1,3,3,rho,protein_binding,0.018607386829083132,0.002391815371169386,0.031288678806357405
trained_average,checkpoint_1,3,3,rho,macro,-0.000721725744279136,-0.009497938397608418,0.00800664555849303
trained_average,checkpoint_1,3,3,nll,cellular_clearance,-0.04472773519587861,-0.06407814455260949,-0.028850226445904712
trained_average,checkpoint_1,3,3,nll,efflux,-0.05501259324165059,-0.07753165944260515,-0.035425459611983186
trained_average,checkpoint_1,3,3,nll,in_vivo_clearance,-0.03450904996628695,-0.0563266260801966,-0.012457864745744765
trained_average,checkpoint_1,3,3,nll,microsomal_clearance,-0.026929663572865102,-0.03551545847580386,-0.019025636638943973
trained_average,checkpoint_1,3,3,nll,permeability,-0.05553232589123649,-0.0704650940826367,-0.04209821634553884
trained_average,checkpoint_1,3,3,nll,protein_binding,-0.060455173749894696,-0.08503344582783366,-0.04448138358917544
trained_average,checkpoint_1,3,3,nll,macro,-0.04619442360296874,-0.05500075080851829,-0.0391850381904844
trained_average,checkpoint_1,3,5,r2,cellular_clearance,-0.06651545343791337,-0.09588875621992587,-0.04042255030632964
trained_average,checkpoint_1,3,5,r2,efflux,-0.07007715762749978,-0.09288148060786705,-0.048718293502898045
trained_average,checkpoint_1,3,5,r2,in_vivo_clearance,-0.06405177348489492,-0.10823550391916702,-0.026736011565026866
trained_average,checkpoint_1,3,5,r2,microsomal_clearance,-0.05024236584536914,-0.06018357873156263,-0.04068653291314279
trained_average,checkpoint_1,3,5,r2,permeability,-0.07237126958486916,-0.08963672928319445,-0.05545874469420181
trained_average,checkpoint_1,3,5,r2,protein_binding,-0.03982039281858183,-0.06928463695468648,-0.020852418763922194
trained_average,checkpoint_1,3,5,r2,macro,-0.060513068799854706,-0.07219978042950473,-0.05098856742626065
trained_average,checkpoint_1,3,5,rho,cellular_clearance,-0.023375548877904162,-0.05027217556456105,0.0048789943234258575
trained_average,checkpoint_1,3,5,rho,efflux,-0.008102674043173786,-0.034832709311491274,0.017700967525429896
trained_average,checkpoint_1,3,5,rho,in_vivo_clearance,-0.027391835577076383,-0.06215494895616571,0.010709572665876263
trained_average,checkpoint_1,3,5,rho,microsomal_clearance,-0.018297076687867033,-0.030049230189951023,-0.006364480392595227
trained_average,checkpoint_1,3,5,rho,permeability,-0.020413799916704493,-0.0434255594775876,0.0009344620405937887
trained_average,checkpoint_1,3,5,rho,protein_binding,0.0018370702040910686,-0.01606457753256022,0.021113785358183406
trained_average,checkpoint_1,3,5,rho,macro,-0.01595731081643913,-0.025740270748230838,-0.005128958140240015
trained_average,checkpoint_1,3,5,nll,cellular_clearance,-0.07959131208785662,-0.11455607941065353,-0.0530946346573867
trained_average,checkpoint_1,3,5,nll,efflux,-0.08368015891589105,-0.11452821898344245,-0.05638783931816905
trained_average,checkpoint_1,3,5,nll,in_vivo_clearance,-0.0549936951522035,-0.08161315837485436,-0.028671484191917482
trained_average,checkpoint_1,3,5,nll,microsomal_clearance,-0.051123580168522635,-0.06100509892814499,-0.04203380139419059
trained_average,checkpoint_1,3,5,nll,permeability,-0.09425778452745812,-0.11576510028795269,-0.07441538099678185
trained_average,checkpoint_1,3,5,nll,protein_binding,-0.08503075230373233,-0.1102674525940616,-0.06711316230125595
trained_average,checkpoint_1,3,5,nll,macro,-0.0747795471926107,-0.08669213232999141,-0.06490053397422772
trained_average,checkpoint_1,3,10,r2,cellular_clearance,-0.0869807292263605,-0.11593340932538336,-0.059843712174894245
trained_average,checkpoint_1,3,10,r2,efflux,-0.09412260509575764,-0.11986806190981296,-0.07075083161880592
trained_average,checkpoint_1,3,10,r2,in_vivo_clearance,-0.11794061200234589,-0.19175478780027674,-0.057391305253605994
trained_average,checkpoint_1,3,10,r2,microsomal_clearance,-0.06103445713887038,-0.0707978086272425,-0.05130937993017412
trained_average,checkpoint_1,3,10,r2,permeability,-0.08312157861056525,-0.11931142684055865,-0.049897419202963374
trained_average,checkpoint_1,3,10,r2,protein_binding,-0.04092006847577521,-0.08055298991947839,-0.020544280106522116
trained_average,checkpoint_1,3,10,r2,macro,-0.08068667509161248,-0.09651780844641024,-0.06889456668573293
trained_average,checkpoint_1,3,10,rho,cellular_clearance,-0.06781999186049605,-0.12576383637931507,-0.021781743495841298
trained_average,checkpoint_1,3,10,rho,efflux,-0.03898618378572994,-0.07504834577372844,-0.00437357327382528
trained_average,checkpoint_1,3,10,rho,in_vivo_clearance,-0.00999029934406279,-0.08177010093984956,0.03998793906229853
trained_average,checkpoint_1,3,10,rho,microsomal_clearance,-0.0417390024514322,-0.058444521703193406,-0.025819381111104624
trained_average,checkpoint_1,3,10,rho,permeability,-0.039465756124506396,-0.07270600216374251,-0.010363674274374986
trained_average,checkpoint_1,3,10,rho,protein_binding,0.011283986467980971,-0.007784520287773731,0.03611663868866895
trained_average,checkpoint_1,3,10,rho,macro,-0.031119541183041066,-0.048532258561059825,-0.015479577898899819
trained_average,checkpoint_1,3,10,nll,cellular_clearance,-0.11858623529767981,-0.14569328298317658,-0.08963092128858881
trained_average,checkpoint_1,3,10,nll,efflux,-0.14291971383945318,-0.1838478290457954,-0.10256774504684318
trained_average,checkpoint_1,3,10,nll,in_vivo_clearance,-0.11150347070791852,-0.16142852825437198,-0.0550718684880625
trained_average,checkpoint_1,3,10,nll,microsomal_clearance,-0.07142687549542205,-0.08371590029009082,-0.05952991399992548
trained_average,checkpoint_1,3,10,nll,permeability,-0.1220836749987253,-0.15779392986374696,-0.08787157662781274
trained_average,checkpoint_1,3,10,nll,protein_binding,-0.11368662596215308,-0.14622383308360054,-0.08580923131949825
trained_average,checkpoint_1,3,10,nll,macro,-0.11336776605022532,-0.12751348649336489,-0.0979474654847195
frozen_average,checkpoint_1,15,1,r2,cellular_clearance,0.0,0.0,0.0
frozen_average,checkpoint_1,15,1,r2,efflux,0.0,0.0,0.0
frozen_average,checkpoint_1,15,1,r2,in_vivo_clearance,0.0,0.0,0.0
frozen_average,checkpoint_1,15,1,r2,microsomal_clearance,0.0,0.0,0.0
frozen_average,checkpoint_1,15,1,r2,permeability,0.0,0.0,0.0
frozen_average,checkpoint_1,15,1,r2,protein_binding,0.0,0.0,0.0
frozen_average,checkpoint_1,15,1,r2,macro,0.0,0.0,0.0
frozen_average,checkpoint_1,15,1,rho,cellular_clearance,0.0,0.0,0.0
frozen_average,checkpoint_1,15,1,rho,efflux,0.0,0.0,0.0
frozen_average,checkpoint_1,15,1,rho,in_vivo_clearance,0.0,0.0,0.0
frozen_average,checkpoint_1,15,1,rho,microsomal_clearance,0.0,0.0,0.0
frozen_average,checkpoint_1,15,1,rho,permeability,0.0,0.0,0.0
frozen_average,checkpoint_1,15,1,rho,protein_binding,0.0,0.0,0.0
frozen_average,checkpoint_1,15,1,rho,macro,0.0,0.0,0.0
frozen_average,checkpoint_1,15,1,nll,cellular_clearance,-0.0023835721239055586,-0.014750317266868481,0.008415714289114482
frozen_average,checkpoint_1,15,1,nll,efflux,6.444677074544884e-05,-0.014546649265780802,0.014691999456500904
frozen_average,checkpoint_1,15,1,nll,in_vivo_clearance,0.02997007700245196,-0.007590831555919261,0.08346252726896794
frozen_average,checkpoint_1,15,1,nll,microsomal_clearance,-0.00657468941608296,-0.02632199317593422,0.015830145549146527
frozen_average,checkpoint_1,15,1,nll,permeability,-0.006292516228745349,-0.018449182546150595,0.006050458228458034
frozen_average,checkpoint_1,15,1,nll,protein_binding,0.008069304869092705,-0.010083704708683331,0.02178676362475426
frozen_average,checkpoint_1,15,1,nll,macro,0.0038088418122593742,-0.004868066872307947,0.013876326512827749
frozen_average,checkpoint_1,15,2,r2,cellular_clearance,-0.24387922521077607,-0.3333609428967481,-0.1686511613144366
frozen_average,checkpoint_1,15,2,r2,efflux,-0.2036458313477788,-0.2689765251601324,-0.14503480175728248
frozen_average,checkpoint_1,15,2,r2,in_vivo_clearance,-0.20499251628190968,-0.31005581968706386,-0.10932958595654906
frozen_average,checkpoint_1,15,2,r2,microsomal_clearance,-0.24439945861134418,-0.2848638529775859,-0.20731449263980953
frozen_average,checkpoint_1,15,2,r2,permeability,-0.20684993543464786,-0.2607423541134895,-0.15867699078716382
frozen_average,checkpoint_1,15,2,r2,protein_binding,-0.1496544847566155,-0.2857635874760499,-0.08280637276144305
frozen_average,checkpoint_1,15,2,r2,macro,-0.20890357527384537,-0.2425986184820874,-0.18727607232843413
frozen_average,checkpoint_1,15,2,rho,cellular_clearance,0.0011570801982019444,-0.0032555210890717447,0.0061762408985216065
frozen_average,checkpoint_1,15,2,rho,efflux,0.0024927833152038063,-0.006402178287685465,0.010961544994779214
frozen_average,checkpoint_1,15,2,rho,in_vivo_clearance,0.0035000001266598697,-0.00894868422637841,0.01687500141910279
frozen_average,checkpoint_1,15,2,rho,microsomal_clearance,-0.002074176544758114,-0.005418926870629075,0.0017892889392446926
frozen_average,checkpoint_1,15,2,rho,permeability,-0.0004698741353220446,-0.0073243724615187356,0.006428704983419801
frozen_average,checkpoint_1,15,2,rho,protein_binding,0.0008972823789173943,-0.006439890880270725,0.0067501663694060285
frozen_average,checkpoint_1,15,2,rho,macro,0.0009171825564838093,-0.0022304068043900393,0.0040921035565263395
frozen_average,checkpoint_1,15,2,nll,cellular_clearance,-0.15070963766323245,-0.1866117882728575,-0.11439583352854736
frozen_average,checkpoint_1,15,2,nll,efflux,-0.13299554723976179,-0.17383160117894222,-0.09332976807124065
frozen_average,checkpoint_1,15,2,nll,in_vivo_clearance,-0.12196643978303567,-0.19386910350841402,-0.04658420672209014
frozen_average,checkpoint_1,15,2,nll,microsomal_clearance,-0.13031618899957806,-0.14594862059442631,-0.1133279504197621
frozen_average,checkpoint_1,15,2,nll,permeability,-0.1523403222020222,-0.18852920639740836,-0.11552852289428919
frozen_average,checkpoint_1,15,2,nll,protein_binding,-0.1918203917838419,-0.2679171496191633,-0.13853891353105327
frozen_average,checkpoint_1,15,2,nll,macro,-0.14669142127857868,-0.16652518738799837,-0.12864635671300853
frozen_average,checkpoint_1,15,3,r2,cellular_clearance,-0.28826192574339987,-0.3540285637769456,-0.22238495710656536
frozen_average,checkpoint_1,15,3,r2,efflux,-0.2516853043796696,-0.3214710596117545,-0.19680876157770064
frozen_average,checkpoint_1,15,3,r2,in_vivo_clearance,-0.3085067811269375,-0.4175655104114348,-0.217824169236386
frozen_average,checkpoint_1,15,3,r2,microsomal_clearance,-0.28829883293496483,-0.3288339435362134,-0.2474156027730878
frozen_average,checkpoint_1,15,3,r2,permeability,-0.27003349665330845,-0.3362886692250642,-0.2159025033008322
frozen_average,checkpoint_1,15,3,r2,protein_binding,-0.20890427510577164,-0.3674010751458192,-0.13551273096897914
frozen_average,checkpoint_1,15,3,r2,macro,-0.26928176932400866,-0.3068792280301623,-0.24644842406512996
frozen_average,checkpoint_1,15,3,rho,cellular_clearance,0.0035532507809657035,-0.0036283361625103726,0.010331124857779301
frozen_average,checkpoint_1,15,3,rho,efflux,0.0052536703784156775,-0.003407415153179303,0.013250587103297472
frozen_average,checkpoint_1,15,3,rho,in_vivo_clearance,0.0059999999776482685,-0.0007692305528773606,0.012500000001552212
frozen_average,checkpoint_1,15,3,rho,microsomal_clearance,-0.0010972885886774814,-0.005358968641359911,0.002827593811719754
frozen_average,checkpoint_1,15,3,rho,permeability,0.0035154151730239416,-0.005685647006457043,0.01227696861945317
frozen_average,checkpoint_1,15,3,rho,protein_binding,0.0008795704184608136,-0.004790311778950335,0.00698014636380592
frozen_average,checkpoint_1,15,3,rho,macro,0.0030174363566394875,-4.3023372008760525e-05,0.005649000104109693
frozen_average,checkpoint_1,15,3,nll,cellular_clearance,-0.21692865583589702,-0.2541413041394617,-0.17341219160067595
frozen_average,checkpoint_1,15,3,nll,efflux,-0.20586490960241616,-0.2595939968123476,-0.15828999214111514
frozen_average,checkpoint_1,15,3,nll,in_vivo_clearance,-0.20067463417221862,-0.25690746779483187,-0.15204985727674747
frozen_average,checkpoint_1,15,3,nll,microsomal_clearance,-0.18573734855935306,-0.2037493377717284,-0.1667791148193378
frozen_average,checkpoint_1,15,3,nll,permeability,-0.2231169298284713,-0.27280961066573095,-0.18122357641527345
frozen_average,checkpoint_1,15,3,nll,protein_binding,-0.2577370029199738,-0.34088213525727834,-0.19599054757256582
frozen_average,checkpoint_1,15,3,nll,macro,-0.21500991348638832,-0.23575566252099475,-0.1970339923271136
frozen_average,checkpoint_1,15,5,r2,cellular_clearance,-0.3687629793223664,-0.43991990564631817,-0.3063050399560983
frozen_average,checkpoint_1,15,5,r2,efflux,-0.30846968829835786,-0.3836464672548433,-0.2493291484886607
frozen_average,checkpoint_1,15,5,r2,in_vivo_clearance,-0.3909067217548483,-0.5585830217570976,-0.2587633151484612
frozen_average,checkpoint_1,15,5,r2,microsomal_clearance,-0.346826213415676,-0.38478875413280555,-0.3085056248221824
frozen_average,checkpoint_1,15,5,r2,permeability,-0.36907304464217094,-0.4249362335475344,-0.3169875602972071
frozen_average,checkpoint_1,15,5,r2,protein_binding,-0.237766848715337,-0.3849451105226292,-0.16845024539639886
frozen_average,checkpoint_1,15,5,r2,macro,-0.3369675826914594,-0.37993840246041494,-0.3105916751927525
frozen_average,checkpoint_1,15,5,rho,cellular_clearance,-0.0031739367620099907,-0.011326627925207654,0.003824841020178745
frozen_average,checkpoint_1,15,5,rho,efflux,0.004946745559573179,-0.0015701594592992271,0.012113562575581544
frozen_average,checkpoint_1,15,5,rho,in_vivo_clearance,-0.0005000000074505767,-0.011001316499553234,0.008421053230566432
frozen_average,checkpoint_1,15,5,rho,microsomal_clearance,-0.00041067240880369955,-0.003753911925274399,0.002998065083214898
frozen_average,checkpoint_1,15,5,rho,permeability,0.007378627991096844,0.0002017012296730811,0.01507227766500609
frozen_average,checkpoint_1,15,5,rho,protein_binding,-0.000983664461157543,-0.009312042521707939,0.005202708336433484
frozen_average,checkpoint_1,15,5,rho,macro,0.0012095166518747023,-0.0012950109113720164,0.0036843798505218866
frozen_average,checkpoint_1,15,5,nll,cellular_clearance,-0.307641631594394,-0.3540762046070595,-0.25841021845948275
frozen_average,checkpoint_1,15,5,nll,efflux,-0.3117296350072532,-0.3802914869385876,-0.24970504251023454
frozen_average,checkpoint_1,15,5,nll,in_vivo_clearance,-0.27507795559303727,-0.38417752728103427,-0.19003704336402893
frozen_average,checkpoint_1,15,5,nll,microsomal_clearance,-0.2554529942205031,-0.2761786894612587,-0.23451787791000978
frozen_average,checkpoint_1,15,5,nll,permeability,-0.32912283629934336,-0.3704093362106481,-0.2870742131481797
frozen_average,checkpoint_1,15,5,nll,protein_binding,-0.3419020641753608,-0.4441579129945668,-0.2673726872435214
frozen_average,checkpoint_1,15,5,nll,macro,-0.303487852814982,-0.33075534712367677,-0.28116308074793683
frozen_average,checkpoint_1,15,10,r2,cellular_clearance,-0.43972660534290553,-0.49846259918328695,-0.379205257122432
frozen_average,checkpoint_1,15,10,r2,efflux,-0.37806901586292446,-0.44987440575848847,-0.31817282314285356
frozen_average,checkpoint_1,15,10,r2,in_vivo_clearance,-0.5186100240159887,-0.7042418944379294,-0.37886695644827934
frozen_average,checkpoint_1,15,10,r2,microsomal_clearance,-0.3928268217531254,-0.43182064629089045,-0.3518000621620477
frozen_average,checkpoint_1,15,10,r2,permeability,-0.41928267275468656,-0.49089575461504253,-0.3570518579648771
frozen_average,checkpoint_1,15,10,r2,protein_binding,-0.2530253662783397,-0.3822612101161781,-0.19311209712392094
frozen_average,checkpoint_1,15,10,r2,macro,-0.4002567510013284,-0.43858552021341124,-0.37243161365672234
frozen_average,checkpoint_1,15,10,rho,cellular_clearance,-0.0029895874801315805,-0.01126282742477928,0.0038370012782831487
frozen_average,checkpoint_1,15,10,rho,efflux,-0.0003629571999664565,-0.007950795721033743,0.007524110415503137
frozen_average,checkpoint_1,15,10,rho,in_vivo_clearance,0.003730515763163565,-0.0036671054349525925,0.013565660118935749
frozen_average,checkpoint_1,15,10,rho,microsomal_clearance,0.0009150057050182218,-0.00271506357943748,0.0050836181819057915
frozen_average,checkpoint_1,15,10,rho,permeability,-0.0018916554645531712,-0.0069777578968288605,0.003020056962100852
frozen_average,checkpoint_1,15,10,rho,protein_binding,0.005468266779048875,-3.946465991285414e-05,0.011603198383905665
frozen_average,checkpoint_1,15,10,rho,macro,0.0008115980170965756,-0.0014700624718336102,0.003239135498564193
frozen_average,checkpoint_1,15,10,nll,cellular_clearance,-0.39775606710985106,-0.45931150071989313,-0.3304232447835833
frozen_average,checkpoint_1,15,10,nll,efflux,-0.4161530883607596,-0.48962854037999043,-0.3460037291987814
frozen_average,checkpoint_1,15,10,nll,in_vivo_clearance,-0.4071506547842888,-0.5842558986152668,-0.28665166479716675
frozen_average,checkpoint_1,15,10,nll,microsomal_clearance,-0.3399736042576728,-0.3653703827213974,-0.31590215782162656
frozen_average,checkpoint_1,15,10,nll,permeability,-0.4101055080951139,-0.45999845413249774,-0.35934671025091863
frozen_average,checkpoint_1,15,10,nll,protein_binding,-0.40128373158237685,-0.5079864401199821,-0.31745345488743604
frozen_average,checkpoint_1,15,10,nll,macro,-0.3954037756983439,-0.43060242607304594,-0.3664878728115223
trained_average,continued_reference,15,1,r2,cellular_clearance,0.008129847462402005,-0.006449209313857346,0.022731907654155965
trained_average,continued_reference,15,1,r2,efflux,-0.0008765285399387993,-0.010805023914214588,0.008781509848026621
trained_average,continued_reference,15,1,r2,in_vivo_clearance,-0.012448197204206521,-0.04420815637568653,0.013091312323918695
trained_average,continued_reference,15,1,r2,microsomal_clearance,0.0020423239022666676,-0.0031293936828261796,0.007129532534427902
trained_average,continued_reference,15,1,r2,permeability,0.00076708636820918,-0.008264382787116468,0.009557375257158182
trained_average,continued_reference,15,1,r2,protein_binding,-0.0021682152255873594,-0.012330689574526923,0.01205021222961191
trained_average,continued_reference,15,1,r2,macro,-0.0007589472061424711,-0.007545456665449,0.005886375795331052
trained_average,continued_reference,15,1,rho,cellular_clearance,-0.0017689565128145483,-0.014320229968522707,0.009312022795753307
trained_average,continued_reference,15,1,rho,efflux,0.0008892935735208068,-0.011162645474140287,0.01329273791978885
trained_average,continued_reference,15,1,rho,in_vivo_clearance,-0.015512988902628418,-0.06948702984489502,0.026046049854318996
trained_average,continued_reference,15,1,rho,microsomal_clearance,-0.00037163666679596334,-0.006563189164135156,0.005242283301197304
trained_average,continued_reference,15,1,rho,permeability,-0.006147192087438372,-0.01430194290367106,0.0016161960941770662
trained_average,continued_reference,15,1,rho,protein_binding,0.0008094587278636929,-0.007893130954259763,0.009852615018642766
trained_average,continued_reference,15,1,rho,macro,-0.0036836703113821336,-0.013541082859841163,0.0044461273688640715
trained_average,continued_reference,15,1,nll,cellular_clearance,0.0010429526448586857,-0.0070589130691856,0.01027122927536357
trained_average,continued_reference,15,1,nll,efflux,0.0017549288466311745,-0.0060897452643976675,0.009766013422441601
trained_average,continued_reference,15,1,nll,in_vivo_clearance,-0.013630408257060602,-0.03689434910494865,0.004831027412645657
trained_average,continued_reference,15,1,nll,microsomal_clearance,0.006825331499276296,0.003188558321980999,0.010937135645243387
trained_average,continued_reference,15,1,nll,permeability,0.0050556882082378254,-0.004473150844720429,0.0140603508419787
trained_average,continued_reference,15,1,nll,protein_binding,0.0005226296473312913,-0.019421757409167743,0.014092901500879414
trained_average,continued_reference,15,1,nll,macro,0.00026185376487911197,-0.0052625084938408865,0.00486410603336831
trained_average,continued_reference,15,2,r2,cellular_clearance,-0.03731421435118401,-0.06822543245792266,-0.010571908726331227
trained_average,continued_reference,15,2,r2,efflux,-0.048515443174181445,-0.0768711167717913,-0.02141610566255622
trained_average,continued_reference,15,2,r2,in_vivo_clearance,-0.044536757905982174,-0.10616686360786949,0.0029414028826674787
trained_average,continued_reference,15,2,r2,microsomal_clearance,-0.009736369499598704,-0.01870466240914604,-0.0016737359915452107
trained_average,continued_reference,15,2,r2,permeability,-0.011350572900453996,-0.034977407332642985,0.014622132791298577
trained_average,continued_reference,15,2,r2,protein_binding,-0.00816640677192206,-0.053892841289297264,0.015300554837817303
trained_average,continued_reference,15,2,r2,macro,-0.026603294100553735,-0.04125988660005444,-0.016868220671514743
trained_average,continued_reference,15,2,rho,cellular_clearance,-0.00985813883299961,-0.03236245150482627,0.011760924671153904
trained_average,continued_reference,15,2,rho,efflux,0.007255687067906066,-0.018168978360227562,0.031303771204200206
trained_average,continued_reference,15,2,rho,in_vivo_clearance,0.004886386133730403,-0.05150499865186533,0.0539050919494281
trained_average,continued_reference,15,2,rho,microsomal_clearance,-0.004943429468314544,-0.014955355469742013,0.004784480169868251
trained_average,continued_reference,15,2,rho,permeability,-0.010471877817892359,-0.03788275331721397,0.012512519331167978
trained_average,continued_reference,15,2,rho,protein_binding,0.013068073361434708,-0.002692570649462268,0.02745615993224279
trained_average,continued_reference,15,2,rho,macro,-1.0549926022555833e-05,-0.012160466762992561,0.011104979228793666
trained_average,continued_reference,15,2,nll,cellular_clearance,-0.029533087045133213,-0.048898521580776275,-0.009741403392597613
trained_average,continued_reference,15,2,nll,efflux,-0.04064409594022361,-0.06655745692604567,-0.016309027902300655
trained_average,continued_reference,15,2,nll,in_vivo_clearance,-0.03439192332579261,-0.06427172668335054,0.0016497136359309916
trained_average,continued_reference,15,2,nll,microsomal_clearance,-0.006876691921508025,-0.016501721561858425,0.0024789091296559796
trained_average,continued_reference,15,2,nll,permeability,-0.018993266674136935,-0.03658962617725466,0.0009741189241660138
trained_average,continued_reference,15,2,nll,protein_binding,-0.0363830242353036,-0.060481004328943835,-0.017503203016883784
trained_average,continued_reference,15,2,nll,macro,-0.027803681523683,-0.036563597330247236,-0.017928409581667172
trained_average,continued_reference,15,3,r2,cellular_clearance,-0.047647817700970645,-0.07562519941326686,-0.0230661572288216
trained_average,continued_reference,15,3,r2,efflux,-0.06537237150823398,-0.09389368829188074,-0.039656875425273075
trained_average,continued_reference,15,3,r2,in_vivo_clearance,-0.08292696862718561,-0.13821347132975323,-0.04021620627029793
trained_average,continued_reference,15,3,r2,microsomal_clearance,-0.024673416216911576,-0.03396531393553614,-0.016208450721542526
trained_average,continued_reference,15,3,r2,permeability,-0.027122961453055337,-0.053473269325242906,-0.004316774529985902
trained_average,continued_reference,15,3,r2,protein_binding,-0.011909940721881227,-0.07990051325359554,0.024808776722669488
trained_average,continued_reference,15,3,r2,macro,-0.04327557937137306,-0.05853808012373959,-0.03439542881317697
trained_average,continued_reference,15,3,rho,cellular_clearance,-0.01855363689044142,-0.05148204167987265,0.011867571782235402
trained_average,continued_reference,15,3,rho,efflux,-0.005333567755641753,-0.040842041502173534,0.027066547462251046
trained_average,continued_reference,15,3,rho,in_vivo_clearance,-0.013512990064918984,-0.07981372865330841,0.03807802905266484
trained_average,continued_reference,15,3,rho,microsomal_clearance,-0.004569053309068606,-0.016864895094190924,0.007385604961733345
trained_average,continued_reference,15,3,rho,permeability,-0.0018709927176435823,-0.028112901663761288,0.021754861114397367
trained_average,continued_reference,15,3,rho,protein_binding,0.008999757807363172,-0.005955656181034416,0.024152506922105597
trained_average,continued_reference,15,3,rho,macro,-0.0058067471550585295,-0.02085158404928732,0.007597396767852133
trained_average,continued_reference,15,3,nll,cellular_clearance,-0.05165483115764118,-0.07110558971621138,-0.03222952327615928
trained_average,continued_reference,15,3,nll,efflux,-0.06916611200928838,-0.10090326736375155,-0.03895850450020215
trained_average,continued_reference,15,3,nll,in_vivo_clearance,-0.0686406127896912,-0.10348301051362693,-0.02929455138226222
trained_average,continued_reference,15,3,nll,microsomal_clearance,-0.020413029568893803,-0.03161056246880913,-0.009645338411662025
trained_average,continued_reference,15,3,nll,permeability,-0.042923406286507496,-0.06125903596100265,-0.024992896649926027
trained_average,continued_reference,15,3,nll,protein_binding,-0.0588605748550695,-0.08103189814601061,-0.039274052418844574
trained_average,continued_reference,15,3,nll,macro,-0.05194309444451526,-0.06117235023084815,-0.04250903014121232
trained_average,continued_reference,15,5,r2,cellular_clearance,-0.05862245313902355,-0.08923041272500606,-0.03390664744318047
trained_average,continued_reference,15,5,r2,efflux,-0.07923687226866216,-0.11142546940841577,-0.05358751238502583
trained_average,continued_reference,15,5,r2,in_vivo_clearance,-0.07522101019069849,-0.15200371663261641,-0.021367929270978785
trained_average,continued_reference,15,5,r2,microsomal_clearance,-0.0403182174859303,-0.05021660620937889,-0.030880830718700996
trained_average,continued_reference,15,5,r2,permeability,-0.059465825079888214,-0.0929583367398528,-0.024170393677006706
trained_average,continued_reference,15,5,r2,protein_binding,-0.026666203014044886,-0.0807526999701394,0.002083852981048323
trained_average,continued_reference,15,5,r2,macro,-0.0565884301963746,-0.07350574396836074,-0.046292656974438434
trained_average,continued_reference,15,5,rho,cellular_clearance,-0.03818464320941169,-0.08118788672204152,-0.003913659915815864
trained_average,continued_reference,15,5,rho,efflux,-0.0030074820336368235,-0.04261466376332001,0.03343262415203723
trained_average,continued_reference,15,5,rho,in_vivo_clearance,-0.00584741882979867,-0.06162601533368452,0.04649368371572591
trained_average,continued_reference,15,5,rho,microsomal_clearance,-0.012457146273105194,-0.027705904752922363,0.0005212760349325047
trained_average,continued_reference,15,5,rho,permeability,-0.007307274194641242,-0.03680493619000409,0.02332287734661244
trained_average,continued_reference,15,5,rho,protein_binding,0.012137396345761692,-0.002970887987674885,0.031365170453500464
trained_average,continued_reference,15,5,rho,macro,-0.009111094699138652,-0.023672334618515742,0.005406783154183266
trained_average,continued_reference,15,5,nll,cellular_clearance,-0.07661789953538246,-0.10072987920797535,-0.05426106545535246
trained_average,continued_reference,15,5,nll,efflux,-0.10393426402760927,-0.1400941772946308,-0.0723963729982817
trained_average,continued_reference,15,5,nll,in_vivo_clearance,-0.06839782089482631,-0.11108116260507406,-0.021694806528709042
trained_average,continued_reference,15,5,nll,microsomal_clearance,-0.0393594082377545,-0.05179011023180327,-0.02798013265983814
trained_average,continued_reference,15,5,nll,permeability,-0.08041246584957155,-0.10804334904490102,-0.051953944440932535
trained_average,continued_reference,15,5,nll,protein_binding,-0.08382912914696262,-0.11600486249743194,-0.05927610682644561
trained_average,continued_reference,15,5,nll,macro,-0.07542516461535113,-0.0867496571988313,-0.06415626640911666
trained_average,continued_reference,15,10,r2,cellular_clearance,-0.08770759861435376,-0.115490709428287,-0.06322179434663369
trained_average,continued_reference,15,10,r2,efflux,-0.09426227541928409,-0.11944495635613771,-0.07198718172612409
trained_average,continued_reference,15,10,r2,in_vivo_clearance,-0.11943152152705548,-0.1939485785442708,-0.05630582653890122
trained_average,continued_reference,15,10,r2,microsomal_clearance,-0.06059910026151074,-0.07048481613673155,-0.05112546535444479
trained_average,continued_reference,15,10,r2,permeability,-0.08359625299281669,-0.11884517920013768,-0.0505418417866731
trained_average,continued_reference,15,10,r2,protein_binding,-0.03683719799869067,-0.08209000155791832,-0.012738725742116258
trained_average,continued_reference,15,10,r2,macro,-0.08040565780228524,-0.09596262114519051,-0.06941462375760989
trained_average,continued_reference,15,10,rho,cellular_clearance,-0.06753612260832133,-0.12524764358228552,-0.02390089011701883
trained_average,continued_reference,15,10,rho,efflux,-0.038340441027173294,-0.0742893578460558,-0.003144718234986085
trained_average,continued_reference,15,10,rho,in_vivo_clearance,-0.019490299336612206,-0.09007732612825929,0.029286472859038497
trained_average,continued_reference,15,10,rho,microsomal_clearance,-0.0409244568954123,-0.05782773366981356,-0.025196789941707782
trained_average,continued_reference,15,10,rho,permeability,-0.041264095540261926,-0.07551121357529024,-0.011752346705925086
trained_average,continued_reference,15,10,rho,protein_binding,0.010326976171045594,-0.00802602323192724,0.033405706214668665
trained_average,continued_reference,15,10,rho,macro,-0.03287140653945591,-0.05014603146510986,-0.01770963512952533
trained_average,continued_reference,15,10,nll,cellular_clearance,-0.11845987521675329,-0.14507970437545714,-0.08989492251076214
trained_average,continued_reference,15,10,nll,efflux,-0.14062705968614445,-0.1835856147271899,-0.10113653680554677
trained_average,continued_reference,15,10,nll,in_vivo_clearance,-0.11427148266287517,-0.16323134851558307,-0.05933591467344047
trained_average,continued_reference,15,10,nll,microsomal_clearance,-0.07200875484113238,-0.0840097248563768,-0.060484826581823165
trained_average,continued_reference,15,10,nll,permeability,-0.12359874634046089,-0.1578678255452694,-0.09019697860964182
trained_average,continued_reference,15,10,nll,protein_binding,-0.11349497660053776,-0.14622208734433315,-0.08667317470467327
trained_average,continued_reference,15,10,nll,macro,-0.113743482557984,-0.12800278739524723,-0.09857577423239648
trained_average,checkpoint_1,15,1,r2,cellular_clearance,0.010403341612904559,-0.003775538792713193,0.025123341066679687
trained_average,checkpoint_1,15,1,r2,efflux,-0.001451788810581643,-0.012175028263402707,0.008671869513834564
trained_average,checkpoint_1,15,1,r2,in_vivo_clearance,-0.00695112429377924,-0.04297687212359644,0.022172477546562656
trained_average,checkpoint_1,15,1,r2,microsomal_clearance,0.003454396621232892,-0.0017709913457020325,0.008797754920984405
trained_average,checkpoint_1,15,1,r2,permeability,-0.0011198778152014042,-0.010210780521172327,0.007325843919219979
trained_average,checkpoint_1,15,1,r2,protein_binding,-0.004247729500037568,-0.013747916443713658,0.01671429514249842
trained_average,checkpoint_1,15,1,r2,macro,1.4536302422932506e-05,-0.007403071874959619,0.007733436138612357
trained_average,checkpoint_1,15,1,rho,cellular_clearance,-0.0043395156726789,-0.016904843669583225,0.006279624115714776
trained_average,checkpoint_1,15,1,rho,efflux,-0.0028849346770180575,-0.015448174429509565,0.009748298195892523
trained_average,checkpoint_1,15,1,rho,in_vivo_clearance,-0.01601298920810221,-0.06807116090328919,0.02786890821045166
trained_average,checkpoint_1,15,1,rho,microsomal_clearance,-0.0008711649547108783,-0.007002889389879844,0.004725786147989972
trained_average,checkpoint_1,15,1,rho,permeability,-0.0027209618749717873,-0.0123780782643895,0.006492687940995574
trained_average,checkpoint_1,15,1,rho,protein_binding,0.001165128177539859,-0.007264357099379268,0.00986345694943641
trained_average,checkpoint_1,15,1,rho,macro,-0.004277406368323662,-0.013672654113382922,0.0040980035216383395
trained_average,checkpoint_1,15,1,nll,cellular_clearance,0.0048627004456301545,-0.0034852335179695305,0.014119956387793923
trained_average,checkpoint_1,15,1,nll,efflux,0.00032581958628264676,-0.007542820649474582,0.00829865512461796
trained_average,checkpoint_1,15,1,nll,in_vivo_clearance,-0.010538870162334249,-0.03635762533946357,0.009758415315817845
trained_average,checkpoint_1,15,1,nll,microsomal_clearance,0.00827474149159466,0.004145875578054951,0.012930550850578985
trained_average,checkpoint_1,15,1,nll,permeability,0.0023205037370829093,-0.006264604209910457,0.010411087251951053
trained_average,checkpoint_1,15,1,nll,protein_binding,0.006183415056796909,-0.014110675227190289,0.02003413513896708
trained_average,checkpoint_1,15,1,nll,macro,0.001904718359175505,-0.004042624405918544,0.006870223456329631
trained_average,checkpoint_1,15,2,r2,cellular_clearance,-0.037337014531355295,-0.06846744561386416,-0.01045662529177883
trained_average,checkpoint_1,15,2,r2,efflux,-0.04944792817668232,-0.07805919480440024,-0.021761695010267472
trained_average,checkpoint_1,15,2,r2,in_vivo_clearance,-0.04073038257367259,-0.10670612320479589,0.008569128151131844
trained_average,checkpoint_1,15,2,r2,microsomal_clearance,-0.00966725667130591,-0.01857702105030369,-0.001671194462837481
trained_average,checkpoint_1,15,2,r2,permeability,-0.009694673064662375,-0.0340511489521212,0.01726103338834748
trained_average,checkpoint_1,15,2,r2,protein_binding,-0.009192949034830963,-0.05126648975916406,0.011926167528670992
trained_average,checkpoint_1,15,2,r2,macro,-0.026011700675418237,-0.041126249559184674,-0.015669653780597943
trained_average,checkpoint_1,15,2,rho,cellular_clearance,-0.005964066792838612,-0.030171701136976474,0.015575045316519445
trained_average,checkpoint_1,15,2,rho,efflux,0.0057097093236667135,-0.019490740946449283,0.028813907638528907
trained_average,checkpoint_1,15,2,rho,in_vivo_clearance,-0.0008051633462309804,-0.05193679794100009,0.04773294712450089
trained_average,checkpoint_1,15,2,rho,microsomal_clearance,-0.0035367923929662936,-0.01399042350118564,0.006222605036467377
trained_average,checkpoint_1,15,2,rho,permeability,-0.008421331664754278,-0.03545844142458268,0.014798101933503107
trained_average,checkpoint_1,15,2,rho,protein_binding,0.010643332874910389,-0.0037502351012080916,0.02678596978614987
trained_average,checkpoint_1,15,2,rho,macro,-0.00039571866636884355,-0.012135955678634373,0.010967585871618502
trained_average,checkpoint_1,15,2,nll,cellular_clearance,-0.03010458715179818,-0.04952537232189423,-0.010435030426226378
trained_average,checkpoint_1,15,2,nll,efflux,-0.04314597050823527,-0.0697188649778621,-0.01813013739262693
trained_average,checkpoint_1,15,2,nll,in_vivo_clearance,-0.03441682478554254,-0.06821062037425113,0.0055260990999594795
trained_average,checkpoint_1,15,2,nll,microsomal_clearance,-0.0055657518375952795,-0.016324580456505557,0.005031612563999967
trained_average,checkpoint_1,15,2,nll,permeability,-0.018071040280409345,-0.03526924299074759,0.001353620089423357
trained_average,checkpoint_1,15,2,nll,protein_binding,-0.03503311316162006,-0.05905168920345584,-0.016896601745154765
trained_average,checkpoint_1,15,2,nll,macro,-0.027722881287533446,-0.03688147294252799,-0.01755635910530018
trained_average,checkpoint_1,15,3,r2,cellular_clearance,-0.04697919607366376,-0.07506576124946775,-0.022448835231175836
trained_average,checkpoint_1,15,3,r2,efflux,-0.0656256096790876,-0.09473849353100894,-0.03950516918026837
trained_average,checkpoint_1,15,3,r2,in_vivo_clearance,-0.0802295828627025,-0.13847768317011713,-0.03510140877260238
trained_average,checkpoint_1,15,3,r2,microsomal_clearance,-0.02485681438058543,-0.033973288382642186,-0.016426042786691162
trained_average,checkpoint_1,15,3,r2,permeability,-0.025586075753042753,-0.052128763421764805,-0.002508041001644917
trained_average,checkpoint_1,15,3,r2,protein_binding,-0.015850955479174696,-0.07767978556227942,0.016426437773778793
trained_average,checkpoint_1,15,3,r2,macro,-0.043188039038042796,-0.058001890686618277,-0.034165535605756664
trained_average,checkpoint_1,15,3,rho,cellular_clearance,-0.023081693560280243,-0.056011480403371436,0.006367324368218313
trained_average,checkpoint_1,15,3,rho,efflux,-0.004558535196163024,-0.038723745820322814,0.027897569828074044
trained_average,checkpoint_1,15,3,rho,in_vivo_clearance,-0.017512989677488787,-0.08378862161189315,0.03932909448569022
trained_average,checkpoint_1,15,3,rho,microsomal_clearance,-0.00335895257605982,-0.01609248993571771,0.008402478078256342
trained_average,checkpoint_1,15,3,rho,permeability,0.0010877432405120846,-0.02534759574623272,0.02452190300616531
trained_average,checkpoint_1,15,3,rho,protein_binding,0.008622480725700208,-0.006712759182076993,0.024838679454724698
trained_average,checkpoint_1,15,3,rho,macro,-0.006466991173963263,-0.021355391974609537,0.007535290149024431
trained_average,checkpoint_1,15,3,nll,cellular_clearance,-0.051482308402981417,-0.07076985497521426,-0.03247750300679732
trained_average,checkpoint_1,15,3,nll,efflux,-0.07070745739567907,-0.10277554908321815,-0.040098192347873735
trained_average,checkpoint_1,15,3,nll,in_vivo_clearance,-0.06816648070045676,-0.10585063903620101,-0.025708132400781625
trained_average,checkpoint_1,15,3,nll,microsomal_clearance,-0.019616873255692842,-0.031453776208482366,-0.008401411794206604
trained_average,checkpoint_1,15,3,nll,permeability,-0.04101307477891483,-0.05963278947522514,-0.022852827391220215
trained_average,checkpoint_1,15,3,nll,protein_binding,-0.05786212311443368,-0.07997374342010069,-0.038831003543963315
trained_average,checkpoint_1,15,3,nll,macro,-0.05147471960802644,-0.06096876489940925,-0.04160692980399516
trained_average,checkpoint_1,15,5,r2,cellular_clearance,-0.05754667445343587,-0.08845039059917088,-0.03278865904009203
trained_average,checkpoint_1,15,5,r2,efflux,-0.07931961119655857,-0.11173917901504155,-0.053162399188962164
trained_average,checkpoint_1,15,5,r2,in_vivo_clearance,-0.07235343532241806,-0.1510834692033811,-0.016805923065468235
trained_average,checkpoint_1,15,5,r2,microsomal_clearance,-0.040646122173308354,-0.05048462016301701,-0.031094299790531556
trained_average,checkpoint_1,15,5,r2,permeability,-0.058571547806549586,-0.0926690968395279,-0.022852355833633604
trained_average,checkpoint_1,15,5,r2,protein_binding,-0.03030297267744963,-0.07876581094242673,-0.005584205606486492
trained_average,checkpoint_1,15,5,r2,macro,-0.056456727271620016,-0.07283822003883274,-0.045941718413174126
trained_average,checkpoint_1,15,5,rho,cellular_clearance,-0.037786380336308344,-0.08079622790772246,-0.003991899278202166
trained_average,checkpoint_1,15,5,rho,efflux,-0.005073802738829887,-0.04685635209340588,0.031514500470860206
trained_average,checkpoint_1,15,5,rho,in_vivo_clearance,-0.01656494598835704,-0.07663651004433632,0.04196395522804762
trained_average,checkpoint_1,15,5,rho,microsomal_clearance,-0.013055303876239707,-0.028483615937701493,5.878113914036126e-05
trained_average,checkpoint_1,15,5,rho,permeability,-0.004080356698897148,-0.03377832301772459,0.026471935886469074
trained_average,checkpoint_1,15,5,rho,protein_binding,0.01282511881806634,-0.0015872640508626263,0.030540184886243445
trained_average,checkpoint_1,15,5,rho,macro,-0.010622611803427629,-0.025649893661286276,0.004483899674666491
trained_average,checkpoint_1,15,5,nll,cellular_clearance,-0.07630865118078989,-0.10013078372825619,-0.05421979179922249
trained_average,checkpoint_1,15,5,nll,efflux,-0.10603006633869189,-0.1420218504747949,-0.07392009366629648
trained_average,checkpoint_1,15,5,nll,in_vivo_clearance,-0.06586078622266085,-0.1113866569383014,-0.016253108577429152
trained_average,checkpoint_1,15,5,nll,microsomal_clearance,-0.03868558565411559,-0.05136770664757716,-0.02689256986175784
trained_average,checkpoint_1,15,5,nll,permeability,-0.07888650441580022,-0.10767017657095702,-0.05016988414090326
trained_average,checkpoint_1,15,5,nll,protein_binding,-0.08251842032283391,-0.11418280409049622,-0.059030990668781966
trained_average,checkpoint_1,15,5,nll,macro,-0.0747150023558154,-0.08624210522690912,-0.06313683020577303
trained_average,checkpoint_1,15,10,r2,cellular_clearance,-0.0869807292263605,-0.11508818573379205,-0.06206659023025847
trained_average,checkpoint_1,15,10,r2,efflux,-0.09412260509575764,-0.11961593339906862,-0.07142643169059351
trained_average,checkpoint_1,15,10,r2,in_vivo_clearance,-0.11794061200234589,-0.19409326980492908,-0.05309437135991108
trained_average,checkpoint_1,15,10,r2,microsomal_clearance,-0.06103445713887038,-0.07084036497194293,-0.05148572689543894
trained_average,checkpoint_1,15,10,r2,permeability,-0.08312157861056525,-0.11887228983577518,-0.04957365324363048
trained_average,checkpoint_1,15,10,r2,protein_binding,-0.04092006847577521,-0.08055340729675464,-0.020652584953297276
trained_average,checkpoint_1,15,10,r2,macro,-0.08068667509161248,-0.09594321069602081,-0.06925568680282544
trained_average,checkpoint_1,15,10,rho,cellular_clearance,-0.06781999186049605,-0.12707319129100342,-0.02321529091722865
trained_average,checkpoint_1,15,10,rho,efflux,-0.03898618378572994,-0.07560861474730332,-0.0044594289620096495
trained_average,checkpoint_1,15,10,rho,in_vivo_clearance,-0.00999029934406279,-0.08045962383937941,0.04000000084657223
trained_average,checkpoint_1,15,10,rho,microsomal_clearance,-0.0417390024514322,-0.05877194776037681,-0.025629013185772615
trained_average,checkpoint_1,15,10,rho,permeability,-0.039465756124506396,-0.07378042167710433,-0.009761456952795969
trained_average,checkpoint_1,15,10,rho,protein_binding,0.011283986467980971,-0.007898647940624018,0.03528331513647249
trained_average,checkpoint_1,15,10,rho,macro,-0.031119541183041066,-0.048720961033151086,-0.015625263409306915
trained_average,checkpoint_1,15,10,nll,cellular_clearance,-0.11858623529767981,-0.1453914711448446,-0.08998860871014959
trained_average,checkpoint_1,15,10,nll,efflux,-0.14291971383945318,-0.18532253429629292,-0.10395816186028915
trained_average,checkpoint_1,15,10,nll,in_vivo_clearance,-0.11150347070791852,-0.16156656376882286,-0.054808973659704836
trained_average,checkpoint_1,15,10,nll,microsomal_clearance,-0.07142687549542205,-0.083561378359912,-0.05997327951973574
trained_average,checkpoint_1,15,10,nll,permeability,-0.1220836749987253,-0.1573224057949153,-0.08762004511744226
trained_average,checkpoint_1,15,10,nll,protein_binding,-0.11368662596215308,-0.1461483292085966,-0.0873462698009774
trained_average,checkpoint_1,15,10,nll,macro,-0.11336776605022532,-0.12763078085008847,-0.09803231169052061
