minimum_pool_size,method,comparator,metric,method_purchases,comparator_purchases,difference,bootstrap_low,bootstrap_high,pools,groups
3,Q statistics,Cross-fitted single-task NAP,top1_purchases,2.6081919357781422,2.5980660463419083,0.010125889436234263,-0.05806553647857872,0.07721051127809259,1827,897
3,Q statistics,Cross-fitted single-task NAP,top2_purchases,1.8557288815909505,1.8462415617588033,0.009487319832147421,-0.04225781190364792,0.055990635396751656,1827,897
3,Q statistics,Cross-fitted single-task NAP,top3_purchases,1.1870552818828681,1.171820835613939,0.015234446268929029,-0.02300074635395039,0.05231692115947767,1827,897
3,Q statistics,Cross-fitted single-task NAP,top4_purchases,0.8707808794015691,0.8739281153074255,-0.0031472359058565976,-0.0350866810444615,0.024270040804713688,1827,897
3,Q statistics,Q selected,top1_purchases,2.6081919357781422,2.660873928115307,-0.05268199233716475,-0.09868222245337806,-0.008182421140197722,1827,897
3,Q statistics,Q selected,top2_purchases,1.8557288815909505,1.8961412151067323,-0.04041233351578179,-0.07289433711121283,-0.010533688318917885,1827,897
3,Q statistics,Q selected,top3_purchases,1.1870552818828681,1.2059843094325853,-0.018929027549717207,-0.04731377132963081,0.010222686501218277,1827,897
3,Q statistics,Q selected,top4_purchases,0.8707808794015691,0.8866538952745848,-0.015873015873015876,-0.04085711947013519,0.005599027556264408,1827,897
3,Q deep_sets,Cross-fitted single-task NAP,top1_purchases,2.9146597336252507,2.5980660463419083,0.3165936872833424,0.19493197319211272,0.45954769895692493,1827,897
3,Q deep_sets,Cross-fitted single-task NAP,top2_purchases,2.064313081554461,1.8462415617588033,0.21807151979565773,0.13722949837098908,0.3067871262384787,1827,897
3,Q deep_sets,Cross-fitted single-task NAP,top3_purchases,1.3336070060207992,1.171820835613939,0.16178617040686008,0.09639838900552918,0.23732591888466398,1827,897
3,Q deep_sets,Cross-fitted single-task NAP,top4_purchases,1.0037401933953658,0.8739281153074255,0.12981207808794012,0.0767771218802446,0.19043256338371523,1827,897
3,Q deep_sets,Q statistics,top1_purchases,2.9146597336252507,2.6081919357781422,0.30646779784710815,0.19410364820248935,0.4278586299679022,1827,897
3,Q deep_sets,Q statistics,top2_purchases,2.064313081554461,1.8557288815909505,0.20858419996351027,0.12705251574322926,0.29159721334753286,1827,897
3,Q deep_sets,Q statistics,top3_purchases,1.3336070060207992,1.1870552818828681,0.14655172413793102,0.0801757780570236,0.21904228746061358,1827,897
3,Q deep_sets,Q statistics,top4_purchases,1.0037401933953658,0.8707808794015691,0.13295931399379676,0.08190332166767307,0.1889802929431517,1827,897
3,Q deep_sets,Q selected,top1_purchases,2.9146597336252507,2.660873928115307,0.2537858055099434,0.14154710059784611,0.3862684952382749,1827,897
3,Q deep_sets,Q selected,top2_purchases,2.064313081554461,1.8961412151067323,0.16817186644772852,0.09441553545871428,0.254827865580922,1827,897
3,Q deep_sets,Q selected,top3_purchases,1.3336070060207992,1.2059843094325853,0.12762269658821385,0.06971615359775661,0.19635141172696868,1827,897
3,Q deep_sets,Q selected,top4_purchases,1.0037401933953658,0.8866538952745848,0.11708629812078089,0.07381745684068056,0.1682179700803328,1827,897
3,Q attention,Cross-fitted single-task NAP,top1_purchases,2.79948914431673,2.5980660463419083,0.2014230979748221,0.10728174093090755,0.3022578739532194,1827,897
3,Q attention,Cross-fitted single-task NAP,top2_purchases,1.9396551724137931,1.8462415617588033,0.09341361065498996,0.024996977306547628,0.16048109404884794,1827,897
3,Q attention,Cross-fitted single-task NAP,top3_purchases,1.2441160372194855,1.171820835613939,0.07229520160554642,0.020290490903591005,0.1273966794261986,1827,897
3,Q attention,Cross-fitted single-task NAP,top4_purchases,0.9277504105090312,0.8739281153074255,0.05382229520160554,0.009818827042245092,0.10044072043297979,1827,897
3,Q attention,Q statistics,top1_purchases,2.79948914431673,2.6081919357781422,0.19129720853858784,0.09974129763361289,0.28727243764620786,1827,897
3,Q attention,Q statistics,top2_purchases,1.9396551724137931,1.8557288815909505,0.08392629082284253,0.02577680217619443,0.14316193499146673,1827,897
3,Q attention,Q statistics,top3_purchases,1.2441160372194855,1.1870552818828681,0.0570607553366174,0.009720306191117108,0.10775277401398911,1827,897
3,Q attention,Q statistics,top4_purchases,0.9277504105090312,0.8707808794015691,0.05696953110746215,0.01430316154218399,0.10415663896830256,1827,897
3,Q attention,Q selected,top1_purchases,2.79948914431673,2.660873928115307,0.13861521620142309,0.04519367174551992,0.2466753545177466,1827,897
3,Q attention,Q selected,top2_purchases,1.9396551724137931,1.8961412151067323,0.04351395730706075,-0.01764202304132538,0.10558198814343812,1827,897
3,Q attention,Q selected,top3_purchases,1.2441160372194855,1.2059843094325853,0.038131727786900195,-0.012402352711080806,0.09129204359293745,1827,897
3,Q attention,Q selected,top4_purchases,0.9277504105090312,0.8866538952745848,0.041096515234446275,-0.002252466193569992,0.08746524563123698,1827,897
3,Q selected,Cross-fitted single-task NAP,top1_purchases,2.660873928115307,2.5980660463419083,0.06280788177339904,-0.024952636459989394,0.14597585501018684,1827,897
3,Q selected,Cross-fitted single-task NAP,top2_purchases,1.8961412151067323,1.8462415617588033,0.04989965334792922,-0.011964870864310622,0.10789386226013052,1827,897
3,Q selected,Cross-fitted single-task NAP,top3_purchases,1.2059843094325853,1.171820835613939,0.03416347381864623,-0.014597173905651177,0.08033708300625786,1827,897
3,Q selected,Cross-fitted single-task NAP,top4_purchases,0.8866538952745848,0.8739281153074255,0.01272577996715928,-0.02490664845173042,0.04797104596551991,1827,897
3,Q selected,Q statistics,top1_purchases,2.660873928115307,2.6081919357781422,0.05268199233716475,0.007502205643590866,0.09982065512439217,1827,897
3,Q selected,Q statistics,top2_purchases,1.8961412151067323,1.8557288815909505,0.04041233351578179,0.011837556592027725,0.07428890906656879,1827,897
3,Q selected,Q statistics,top3_purchases,1.2059843094325853,1.1870552818828681,0.018929027549717207,-0.00977156697576264,0.04802093869085935,1827,897
3,Q selected,Q statistics,top4_purchases,0.8866538952745848,0.8707808794015691,0.015873015873015876,-0.00456952318838867,0.040214420784095484,1827,897
3,Value lookahead,Cross-fitted single-task NAP,top1_purchases,2.6706805327494987,2.5980660463419083,0.07261448640758988,-0.004869696306980116,0.15149612378450725,1827,897
3,Value lookahead,Cross-fitted single-task NAP,top2_purchases,1.9080915891260717,1.8462415617588033,0.061850027367268745,0.008775734559412619,0.11677130396856253,1827,897
3,Value lookahead,Cross-fitted single-task NAP,top3_purchases,1.220899470899471,1.171820835613939,0.04907863528553185,0.007960437059754376,0.09333303098881846,1827,897
3,Value lookahead,Cross-fitted single-task NAP,top4_purchases,0.8986954935230796,0.8739281153074255,0.024767378215654078,-0.005397249844704084,0.05510905683976681,1827,897
3,Value lookahead,Q statistics,top1_purchases,2.6706805327494987,2.6081919357781422,0.062488596971355594,0.010012382444742542,0.1168761773212047,1827,897
3,Value lookahead,Q statistics,top2_purchases,1.9080915891260717,1.8557288815909505,0.052362707535121324,0.013353008335779367,0.09623735840758434,1827,897
3,Value lookahead,Q statistics,top3_purchases,1.220899470899471,1.1870552818828681,0.03384418901660281,0.0025295788260103905,0.06716048346483128,1827,897
3,Value lookahead,Q statistics,top4_purchases,0.8986954935230796,0.8707808794015691,0.027914614121510674,0.0009257917044826493,0.060285267204222365,1827,897
3,Value lookahead,Q selected,top1_purchases,2.6706805327494987,2.660873928115307,0.009806604634190847,-0.027039003416069327,0.05043922762617738,1827,897
3,Value lookahead,Q selected,top2_purchases,1.9080915891260717,1.8961412151067323,0.011950374019339533,-0.016105468220378647,0.04244284170501031,1827,897
3,Value lookahead,Q selected,top3_purchases,1.220899470899471,1.2059843094325853,0.014915161466885605,-0.006881128629109791,0.03825765739521076,1827,897
3,Value lookahead,Q selected,top4_purchases,0.8986954935230796,0.8866538952745848,0.012041598248494802,-0.006979725754872761,0.0331624456964131,1827,897
3,Value MCTS,Cross-fitted single-task NAP,top1_purchases,2.6423097974822114,2.5980660463419083,0.04424375114030287,-0.02551944813155582,0.11761015117879661,1827,897
3,Value MCTS,Cross-fitted single-task NAP,top2_purchases,1.8843732895457033,1.8462415617588033,0.038131727786900195,-0.013557354838275054,0.08850685669290494,1827,897
3,Value MCTS,Cross-fitted single-task NAP,top3_purchases,1.200191570881226,1.171820835613939,0.02837073526728699,-0.009185078884023557,0.06860681127638432,1827,897
3,Value MCTS,Cross-fitted single-task NAP,top4_purchases,0.8827768655354863,0.8739281153074255,0.008848750228060568,-0.021185322951739128,0.039418034512883164,1827,897
3,Value MCTS,Q statistics,top1_purchases,2.6423097974822114,2.6081919357781422,0.0341178617040686,-0.017221408627598463,0.08767302693575786,1827,897
3,Value MCTS,Q statistics,top2_purchases,1.8843732895457033,1.8557288815909505,0.028644407954752774,-0.011599720484300783,0.07089821942320262,1827,897
3,Value MCTS,Q statistics,top3_purchases,1.200191570881226,1.1870552818828681,0.01313628899835796,-0.018731367378109327,0.04589322382409112,1827,897
3,Value MCTS,Q statistics,top4_purchases,0.8827768655354863,0.8707808794015691,0.011995986133917167,-0.017086303184226354,0.04521493790501055,1827,897
3,Value MCTS,Q selected,top1_purchases,2.6423097974822114,2.660873928115307,-0.01856413063309615,-0.06644845067107295,0.031762615850996274,1827,897
3,Value MCTS,Q selected,top2_purchases,1.8843732895457033,1.8961412151067323,-0.011767925561029012,-0.04876064193144719,0.02584010257327695,1827,897
3,Value MCTS,Q selected,top3_purchases,1.200191570881226,1.2059843094325853,-0.005792738551359246,-0.03582128191435835,0.02660652705353076,1827,897
3,Value MCTS,Q selected,top4_purchases,0.8827768655354863,0.8866538952745848,-0.00387702973909871,-0.03345891792972454,0.026840663746762635,1827,897
15,Q statistics,Cross-fitted single-task NAP,top1_purchases,5.347534833869239,5.39951768488746,-0.05198285101822076,-0.39874497460854846,0.2736945651091583,311,183
15,Q statistics,Cross-fitted single-task NAP,top2_purchases,3.587352625937835,3.6095927116827444,-0.022240085744908888,-0.28181373996947773,0.2287679652495948,311,183
15,Q statistics,Cross-fitted single-task NAP,top3_purchases,2.9239013933547695,2.8807609860664525,0.04314040728831726,-0.15810700867592012,0.24598483506534416,311,183
15,Q statistics,Cross-fitted single-task NAP,top4_purchases,2.4737406216505895,2.5058949624866025,-0.032154340836012874,-0.2059070582139317,0.1175259643916914,311,183
15,Q statistics,Q selected,top1_purchases,5.347534833869239,5.668810289389068,-0.32127545551982856,-0.5624503558672768,-0.1145466110350131,311,183
15,Q statistics,Q selected,top2_purchases,3.587352625937835,3.8925509110396574,-0.3051982851018221,-0.4956592231828733,-0.12587669942237245,311,183
15,Q statistics,Q selected,top3_purchases,2.9239013933547695,3.076366559485531,-0.152465166130761,-0.3084355658709108,0.005418672282390726,311,183
15,Q statistics,Q selected,top4_purchases,2.4737406216505895,2.6117363344051445,-0.1379957127545552,-0.27244714352455845,-0.019110055506811913,311,183
15,Q deep_sets,Cross-fitted single-task NAP,top1_purchases,6.622454448017148,5.39951768488746,1.2229367631296892,0.5940171262192109,1.8396210404062523,311,183
15,Q deep_sets,Cross-fitted single-task NAP,top2_purchases,4.584673097534834,3.6095927116827444,0.97508038585209,0.5443085538532964,1.397686790301563,311,183
15,Q deep_sets,Cross-fitted single-task NAP,top3_purchases,3.6010182207931405,2.8807609860664525,0.7202572347266881,0.3684861185567849,1.05825866659033,311,183
15,Q deep_sets,Cross-fitted single-task NAP,top4_purchases,3.065648445873526,2.5058949624866025,0.5597534833869239,0.25888573335364473,0.8537703062151287,311,183
15,Q deep_sets,Q statistics,top1_purchases,6.622454448017148,5.347534833869239,1.27491961414791,0.7191788622802775,1.854976485208831,311,183
15,Q deep_sets,Q statistics,top2_purchases,4.584673097534834,3.587352625937835,0.9973204715969988,0.6047726336998738,1.3941947770034613,311,183
15,Q deep_sets,Q statistics,top3_purchases,3.6010182207931405,2.9239013933547695,0.6771168274383708,0.36069251170772954,0.9910908613714353,311,183
15,Q deep_sets,Q statistics,top4_purchases,3.065648445873526,2.4737406216505895,0.5919078242229368,0.3560264194289465,0.8421539690855627,311,183
15,Q deep_sets,Q selected,top1_purchases,6.622454448017148,5.668810289389068,0.9536441586280816,0.41324519672733956,1.5244167862484346,311,183
15,Q deep_sets,Q selected,top2_purchases,4.584673097534834,3.8925509110396574,0.6921221864951768,0.31300212810322825,1.0851087385418563,311,183
15,Q deep_sets,Q selected,top3_purchases,3.6010182207931405,3.076366559485531,0.5246516613076099,0.25021594291125543,0.8205335731414868,311,183
15,Q deep_sets,Q selected,top4_purchases,3.065648445873526,2.6117363344051445,0.4539121114683816,0.25422226597873815,0.6599243076579934,311,183
15,Q attention,Cross-fitted single-task NAP,top1_purchases,6.158628081457664,5.39951768488746,0.7591103965702036,0.30707315218981196,1.2454971028234312,311,183
15,Q attention,Cross-fitted single-task NAP,top2_purchases,4.072347266881029,3.6095927116827444,0.46275455519828507,0.1318650793650794,0.7608176828563985,311,183
15,Q attention,Cross-fitted single-task NAP,top3_purchases,3.2363344051446945,2.8807609860664525,0.35557341907824225,0.08715252275411153,0.612119697304463,311,183
15,Q attention,Cross-fitted single-task NAP,top4_purchases,2.7532154340836015,2.5058949624866025,0.24732047159699894,0.01222168048106615,0.4801654230307924,311,183
15,Q attention,Q statistics,top1_purchases,6.158628081457664,5.347534833869239,0.8110932475884244,0.3622929656531893,1.2832786849410893,311,183
15,Q attention,Q statistics,top2_purchases,4.072347266881029,3.587352625937835,0.48499464094319394,0.19688291000451114,0.7546813440823487,311,183
15,Q attention,Q statistics,top3_purchases,3.2363344051446945,2.9239013933547695,0.31243301178992494,0.08210352513488613,0.5437773921328435,311,183
15,Q attention,Q statistics,top4_purchases,2.7532154340836015,2.4737406216505895,0.27947481243301187,0.0759448819253254,0.4918250237858858,311,183
15,Q attention,Q selected,top1_purchases,6.158628081457664,5.668810289389068,0.4898177920685959,0.02180303300094971,1.027203929978854,311,183
15,Q attention,Q selected,top2_purchases,4.072347266881029,3.8925509110396574,0.1797963558413719,-0.14459832533759767,0.5076504705067625,311,183
15,Q attention,Q selected,top3_purchases,3.2363344051446945,3.076366559485531,0.159967845659164,-0.07293217438951267,0.4247832258396516,311,183
15,Q attention,Q selected,top4_purchases,2.7532154340836015,2.6117363344051445,0.14147909967845665,-0.05336910839521455,0.3678224424032314,311,183
15,Q selected,Cross-fitted single-task NAP,top1_purchases,5.668810289389068,5.39951768488746,0.2692926045016077,-0.18253091069193364,0.6999115680097272,311,183
15,Q selected,Cross-fitted single-task NAP,top2_purchases,3.8925509110396574,3.6095927116827444,0.2829581993569132,-0.0525273516096579,0.5973313215506987,311,183
15,Q selected,Cross-fitted single-task NAP,top3_purchases,3.076366559485531,2.8807609860664525,0.19560557341907822,-0.0667635583481613,0.44569647715185745,311,183
15,Q selected,Cross-fitted single-task NAP,top4_purchases,2.6117363344051445,2.5058949624866025,0.1058413719185423,-0.11477403065210105,0.30271461595040444,311,183
15,Q selected,Q statistics,top1_purchases,5.668810289389068,5.347534833869239,0.32127545551982856,0.1019147945101302,0.5456443141134355,311,183
15,Q selected,Q statistics,top2_purchases,3.8925509110396574,3.587352625937835,0.3051982851018221,0.1278143768768769,0.4952644891615008,311,183
15,Q selected,Q statistics,top3_purchases,3.076366559485531,2.9239013933547695,0.152465166130761,-0.010457595077470523,0.31565111493502146,311,183
15,Q selected,Q statistics,top4_purchases,2.6117363344051445,2.4737406216505895,0.1379957127545552,0.014111388290986222,0.2786894570954326,311,183
15,Value lookahead,Cross-fitted single-task NAP,top1_purchases,5.695069667738477,5.39951768488746,0.2955519828510182,-0.10218916797052713,0.7295468207320331,311,183
15,Value lookahead,Cross-fitted single-task NAP,top2_purchases,3.922293676312968,3.6095927116827444,0.31270096463022506,0.0016942128129572858,0.6180254701440494,311,183
15,Value lookahead,Cross-fitted single-task NAP,top3_purchases,3.080385852090032,2.8807609860664525,0.19962486602357984,-0.04068300080136803,0.4472223746187438,311,183
15,Value lookahead,Cross-fitted single-task NAP,top4_purchases,2.6216505894962485,2.5058949624866025,0.11575562700964628,-0.07143982163312063,0.27869594266277964,311,183
15,Value lookahead,Q statistics,top1_purchases,5.695069667738477,5.347534833869239,0.34753483386923906,0.10057897182897185,0.6171679231878527,311,183
15,Value lookahead,Q statistics,top2_purchases,3.922293676312968,3.587352625937835,0.33494105037513394,0.1298364162125991,0.5409207757998282,311,183
15,Value lookahead,Q statistics,top3_purchases,3.080385852090032,2.9239013933547695,0.15648445873526257,-0.015442918567918563,0.33011888024791436,311,183
15,Value lookahead,Q statistics,top4_purchases,2.6216505894962485,2.4737406216505895,0.14790996784565916,0.01753110173231822,0.299882679873938,311,183
15,Value lookahead,Q selected,top1_purchases,5.695069667738477,5.668810289389068,0.026259378349410497,-0.12027864583333335,0.18026088362549622,311,183
15,Value lookahead,Q selected,top2_purchases,3.922293676312968,3.8925509110396574,0.02974276527331185,-0.09101304397357037,0.1580133360333256,311,183
15,Value lookahead,Q selected,top3_purchases,3.080385852090032,3.076366559485531,0.004019292604501585,-0.08935157773753141,0.09802872445983438,311,183
15,Value lookahead,Q selected,top4_purchases,2.6216505894962485,2.6117363344051445,0.009914255091103961,-0.0733137726592424,0.09861420517051707,311,183
15,Value MCTS,Cross-fitted single-task NAP,top1_purchases,5.652733118971061,5.39951768488746,0.2532154340836013,-0.11867522869326728,0.6446163172715895,311,183
15,Value MCTS,Cross-fitted single-task NAP,top2_purchases,3.8183279742765275,3.6095927116827444,0.2087352625937835,-0.07613969614938615,0.49593131956867464,311,183
15,Value MCTS,Cross-fitted single-task NAP,top3_purchases,2.985530546623794,2.8807609860664525,0.10476956055734189,-0.12874205001751696,0.3221709586645798,311,183
15,Value MCTS,Cross-fitted single-task NAP,top4_purchases,2.542604501607717,2.5058949624866025,0.03670953912111467,-0.14352623456790126,0.19694413861801408,311,183
15,Value MCTS,Q statistics,top1_purchases,5.652733118971061,5.347534833869239,0.3051982851018221,0.06395541103079753,0.5701815911764142,311,183
15,Value MCTS,Q statistics,top2_purchases,3.8183279742765275,3.587352625937835,0.23097534833869243,0.023808525087887524,0.42831446150664393,311,183
15,Value MCTS,Q statistics,top3_purchases,2.985530546623794,2.9239013933547695,0.0616291532690246,-0.11977291479147904,0.22698478428351318,311,183
15,Value MCTS,Q statistics,top4_purchases,2.542604501607717,2.4737406216505895,0.06886387995712753,-0.08217952623505852,0.22467674680296143,311,183
15,Value MCTS,Q selected,top1_purchases,5.652733118971061,5.668810289389068,-0.01607717041800643,-0.21344988174858737,0.19477665191950919,311,183
15,Value MCTS,Q selected,top2_purchases,3.8183279742765275,3.8925509110396574,-0.0742229367631297,-0.244373918685121,0.09919827757865388,311,183
15,Value MCTS,Q selected,top3_purchases,2.985530546623794,3.076366559485531,-0.09083601286173634,-0.24047771672771664,0.05619351567988756,311,183
15,Value MCTS,Q selected,top4_purchases,2.542604501607717,2.6117363344051445,-0.06913183279742767,-0.22150698713744132,0.08939402487337654,311,183
