endpoint,method,cutoff,pools,top1,top2,top3,top4
cellular_clearance,alpaca,3,524,2.681297709923664,1.775763358778626,1.2399809160305344,0.9532442748091603
cellular_clearance,alpaca_no_offset,3,524,2.624522900763359,1.7266221374045803,1.2018129770992367,0.898854961832061
efflux,alpaca,3,341,2.9318181818181817,2.0021994134897363,1.3856304985337244,0.9824046920821115
efflux,alpaca_no_offset,3,341,2.9244868035190614,2.063049853372434,1.3995601173020529,0.9794721407624634
in_vivo_clearance,alpaca,3,537,2.452048417132216,1.6671322160148976,0.9003724394785847,0.537243947858473
in_vivo_clearance,alpaca_no_offset,3,537,2.3808193668528865,1.632216014897579,0.8836126629422719,0.5162942271880819
microsomal_clearance,alpaca,3,1827,2.4447181171319103,1.7000547345374932,1.073344280240832,0.8136288998357963
microsomal_clearance,alpaca_no_offset,3,1827,2.4302134646962235,1.7127805145046524,1.0841543513957308,0.8155446086480569
permeability,alpaca,3,516,3.044089147286822,2.012112403100775,1.315406976744186,0.9563953488372093
permeability,alpaca_no_offset,3,516,3.136627906976744,2.0261627906976742,1.3347868217054264,0.9442829457364341
protein_binding,alpaca,3,880,2.036363636363636,1.3985795454545455,0.7670454545454546,0.4784090909090909
protein_binding,alpaca_no_offset,3,880,2.020738636363636,1.384659090909091,0.7625,0.48352272727272727
cellular_clearance,alpaca,15,79,5.9715189873417724,3.6645569620253164,3.4588607594936707,3.0822784810126582
cellular_clearance,alpaca_no_offset,15,79,5.920886075949367,3.5822784810126582,3.2911392405063293,2.8607594936708862
efflux,alpaca,15,54,5.162037037037037,3.861111111111111,2.9953703703703702,2.2731481481481484
efflux,alpaca_no_offset,15,54,5.097222222222222,4.101851851851852,3.2083333333333335,2.375
in_vivo_clearance,alpaca,15,20,7.7625,4.5125,3.7125,3.0125
in_vivo_clearance,alpaca_no_offset,15,20,7.1375,4.575,3.7875,2.5125
microsomal_clearance,alpaca,15,311,4.886655948553055,3.169614147909968,2.4662379421221865,2.159967845659164
microsomal_clearance,alpaca_no_offset,15,311,4.921221864951768,3.262057877813505,2.5209003215434085,2.1768488745980705
permeability,alpaca,15,72,6.902777777777778,4.586805555555555,3.2916666666666665,2.642361111111111
permeability,alpaca_no_offset,15,72,7.545138888888889,4.798611111111111,3.4479166666666665,2.736111111111111
protein_binding,alpaca,15,44,4.528409090909091,2.5568181818181817,2.346590909090909,1.8693181818181819
protein_binding,alpaca_no_offset,15,44,4.232954545454546,2.6420454545454546,2.2954545454545454,1.8181818181818181
cellular_clearance,alpaca,20,50,6.69,4.07,3.825,3.455
cellular_clearance,alpaca_no_offset,20,50,6.55,3.9,3.505,3.095
efflux,alpaca,20,26,6.0673076923076925,4.596153846153846,3.4903846153846154,2.519230769230769
efflux,alpaca_no_offset,20,26,6.221153846153846,4.701923076923077,3.6153846153846154,2.5384615384615383
in_vivo_clearance,alpaca,20,9,10.666666666666666,6.138888888888889,4.916666666666667,4.305555555555555
in_vivo_clearance,alpaca_no_offset,20,9,9.666666666666666,5.972222222222222,4.444444444444445,3.4444444444444446
microsomal_clearance,alpaca,20,178,5.490168539325842,3.4297752808988764,2.639044943820225,2.365168539325843
microsomal_clearance,alpaca_no_offset,20,178,5.644662921348314,3.6235955056179776,2.74438202247191,2.438202247191011
permeability,alpaca,20,40,8.325,5.26875,4.03125,3.39375
permeability,alpaca_no_offset,20,40,8.53125,4.975,4.04375,3.2125
protein_binding,alpaca,20,26,4.528846153846154,2.9134615384615383,2.6153846153846154,1.9903846153846154
protein_binding,alpaca_no_offset,20,26,4.240384615384615,3.0096153846153846,2.5576923076923075,1.8846153846153846
cellular_clearance,alpaca,25,31,7.564516129032258,5.387096774193548,5.024193548387097,4.451612903225806
cellular_clearance,alpaca_no_offset,25,31,7.241935483870968,5.112903225806452,4.548387096774194,3.8870967741935485
efflux,alpaca,25,18,6.083333333333333,4.277777777777778,3.0972222222222223,2.3194444444444446
efflux,alpaca_no_offset,25,18,6.319444444444445,4.458333333333333,3.138888888888889,2.263888888888889
in_vivo_clearance,alpaca,25,5,12.2,8.7,6.5,5.4
in_vivo_clearance,alpaca_no_offset,25,5,13.0,8.1,5.55,3.75
microsomal_clearance,alpaca,25,112,5.46875,3.4107142857142856,2.6026785714285716,2.3504464285714284
microsomal_clearance,alpaca_no_offset,25,112,5.535714285714286,3.7611607142857144,2.783482142857143,2.4464285714285716
permeability,alpaca,25,24,9.625,5.5625,4.041666666666667,3.5104166666666665
permeability,alpaca_no_offset,25,24,9.479166666666666,4.791666666666667,4.1875,3.1979166666666665
protein_binding,alpaca,25,15,4.716666666666667,2.7,2.5,2.1666666666666665
protein_binding,alpaca_no_offset,25,15,4.566666666666666,2.7666666666666666,2.35,2.0833333333333335
cellular_clearance,alpaca,30,20,8.675,6.35,6.3,5.6125
cellular_clearance,alpaca_no_offset,30,20,8.05,6.0375,5.9625,5.075
efflux,alpaca,30,5,4.45,2.25,2.05,1.95
efflux,alpaca_no_offset,30,5,4.2,2.2,2.0,1.7
in_vivo_clearance,alpaca,30,2,18.25,10.125,10.125,9.125
in_vivo_clearance,alpaca_no_offset,30,2,18.625,8.75,8.75,6.0
microsomal_clearance,alpaca,30,71,5.433098591549296,3.362676056338028,2.4295774647887325,2.2640845070422535
microsomal_clearance,alpaca_no_offset,30,71,5.454225352112676,3.757042253521127,2.5528169014084505,2.362676056338028
permeability,alpaca,30,13,8.98076923076923,4.865384615384615,4.365384615384615,4.096153846153846
permeability,alpaca_no_offset,30,13,9.615384615384615,5.019230769230769,4.865384615384615,4.019230769230769
protein_binding,alpaca,30,9,4.666666666666667,2.9166666666666665,2.5833333333333335,2.361111111111111
protein_binding,alpaca_no_offset,30,9,4.333333333333333,3.2222222222222223,2.5277777777777777,2.3055555555555554
