method,fold,endpoint,seed,observation_variance,best_step,validation_nll
alpaca,0,microsomal_clearance,11,0.1284498405919489,2200,1.0078470218661268
alpaca_no_offset,0,microsomal_clearance,11,0.13069448757814853,1400,0.9913858990964723
alpaca,0,microsomal_clearance,29,0.1270500384836322,1400,0.9965279464124183
alpaca_no_offset,0,microsomal_clearance,29,0.1271946843281924,1600,0.9769141074287011
alpaca,0,microsomal_clearance,47,0.13012584199681942,2000,1.0154373788198612
alpaca_no_offset,0,microsomal_clearance,47,0.1284253171367807,2800,0.974374527835494
alpaca,0,in_vivo_clearance,11,0.107943977369803,200,1.9728754757373637
alpaca_no_offset,0,in_vivo_clearance,11,0.09786261727926804,1000,2.142701548888303
alpaca,0,in_vivo_clearance,29,0.1108549389953287,400,1.95802882077584
alpaca_no_offset,0,in_vivo_clearance,29,0.11053779174030018,400,1.961475499612616
alpaca,0,in_vivo_clearance,47,0.10589207450602257,400,2.011971673509928
alpaca_no_offset,0,in_vivo_clearance,47,0.10718127042679292,400,1.9048495918114625
alpaca,0,protein_binding,11,0.10239872749101185,600,0.7631720654548301
alpaca_no_offset,0,protein_binding,11,0.10282496920028919,600,0.8018599727734127
alpaca,0,protein_binding,29,0.09582791089923136,1000,0.7243899859509022
alpaca_no_offset,0,protein_binding,29,0.08537518232170101,1400,0.7236079171331886
alpaca,0,protein_binding,47,0.0939638754225154,1000,0.7584087165636348
alpaca_no_offset,0,protein_binding,47,0.10035465035732133,800,0.7532675325565664
alpaca,0,cellular_clearance,11,0.11139891692133827,400,1.0061737943258238
alpaca_no_offset,0,cellular_clearance,11,0.11521417885757251,600,0.9933217866153645
alpaca,0,cellular_clearance,29,0.11146058382289346,400,0.9967983983447114
alpaca_no_offset,0,cellular_clearance,29,0.11161480436487312,600,0.9708609189116679
alpaca,0,cellular_clearance,47,0.10959483424059342,400,1.001910981378612
alpaca_no_offset,0,cellular_clearance,47,0.11118370037056675,600,1.002545184157917
alpaca,0,permeability,11,0.11353172202338127,400,1.252375423653691
alpaca_no_offset,0,permeability,11,0.11163646771003224,1200,1.2527420405099479
alpaca,0,permeability,29,0.11209022130154071,400,1.2855732183472486
alpaca_no_offset,0,permeability,29,0.1104021345861528,1200,1.226847343701897
alpaca,0,permeability,47,0.10932690475651095,1200,1.2732278409143654
alpaca_no_offset,0,permeability,47,0.11733492406604148,800,1.1950662961501053
alpaca,0,efflux,11,0.10700394470902021,400,1.5682786100861184
alpaca_no_offset,0,efflux,11,0.10832758767873422,400,1.6331577572183886
alpaca,0,efflux,29,0.10862435672784147,600,1.616530548284001
alpaca_no_offset,0,efflux,29,0.10975817335942965,600,1.6912658743450322
alpaca,0,efflux,47,0.11121428537420745,400,1.5953388217479094
alpaca_no_offset,0,efflux,47,0.11192347293977571,400,1.660161049104413
alpaca,1,microsomal_clearance,11,0.1276800435205641,1000,1.0448164635832369
alpaca_no_offset,1,microsomal_clearance,11,0.13019171507657207,2200,0.9994670402532103
alpaca,1,microsomal_clearance,29,0.13093137992408835,1000,0.9935724499595513
alpaca_no_offset,1,microsomal_clearance,29,0.13296704604173992,2800,0.9749658468505876
alpaca,1,microsomal_clearance,47,0.13075100841683376,2000,1.024765432301546
alpaca_no_offset,1,microsomal_clearance,47,0.12777407159509424,3000,1.0050405631745554
alpaca,1,in_vivo_clearance,11,0.11155672798949208,400,1.7816523977719052
alpaca_no_offset,1,in_vivo_clearance,11,0.10935137988531046,200,1.8470114650776153
alpaca,1,in_vivo_clearance,29,0.10685496957878786,200,1.9104060442641764
alpaca_no_offset,1,in_vivo_clearance,29,0.10810188460419376,200,1.912637583091224
alpaca,1,in_vivo_clearance,47,0.1136246932312018,600,1.6908466847465853
alpaca_no_offset,1,in_vivo_clearance,47,0.11408785554257618,600,1.569415253520812
alpaca,1,protein_binding,11,0.10009387846926035,800,0.6179565705321142
alpaca_no_offset,1,protein_binding,11,0.10096488732361743,800,0.6231673804161313
alpaca,1,protein_binding,29,0.10027991910959258,800,0.6045346194897568
alpaca_no_offset,1,protein_binding,29,0.09702480586663983,1000,0.602404999359273
alpaca,1,protein_binding,47,0.10123249596640845,800,0.60683676978629
alpaca_no_offset,1,protein_binding,47,0.0983089116604983,1000,0.6567263170263673
alpaca,1,cellular_clearance,11,0.10864414581083581,200,1.0266550385377426
alpaca_no_offset,1,cellular_clearance,11,0.1124421308811041,400,1.0385668943706996
alpaca,1,cellular_clearance,29,0.10900177038218807,200,1.055826007990254
alpaca_no_offset,1,cellular_clearance,29,0.10957589478989692,200,1.0421945008304778
alpaca,1,cellular_clearance,47,0.1087454742846022,200,1.061410941852317
alpaca_no_offset,1,cellular_clearance,47,0.1090687767343302,200,1.0858324790403762
alpaca,1,permeability,11,0.10884247027802132,1200,1.2143759468446715
alpaca_no_offset,1,permeability,11,0.11086058828613057,1200,1.1411313667788048
alpaca,1,permeability,29,0.11234961911401954,1000,1.2724438508719111
alpaca_no_offset,1,permeability,29,0.1128217685501945,400,1.2386875711068914
alpaca,1,permeability,47,0.11530014915949391,1000,1.1867962492237967
alpaca_no_offset,1,permeability,47,0.11675689720227557,1000,1.2129631280706556
alpaca,1,efflux,11,0.10801746457779342,200,1.424031212615152
alpaca_no_offset,1,efflux,11,0.10645720436207023,800,1.423153154121039
alpaca,1,efflux,29,0.10754858652840578,200,1.4674734940144925
alpaca_no_offset,1,efflux,29,0.10998700225299146,400,1.5700410250977608
alpaca,1,efflux,47,0.1095184525523384,600,1.4390739963463612
alpaca_no_offset,1,efflux,47,0.11149214565081055,400,1.4534616987621798
alpaca,2,microsomal_clearance,11,0.13660517577825018,1400,0.9843941496950985
alpaca_no_offset,2,microsomal_clearance,11,0.137719457683705,2200,0.9621875573901144
alpaca,2,microsomal_clearance,29,0.13173039795420283,1600,1.0037313353335853
alpaca_no_offset,2,microsomal_clearance,29,0.13144495599429243,1400,0.9606681839232031
alpaca,2,microsomal_clearance,47,0.12801749176341568,1000,0.9905374314656816
alpaca_no_offset,2,microsomal_clearance,47,0.13328993067908193,1400,0.9801412737159785
alpaca,2,in_vivo_clearance,11,0.1165914355714496,600,1.0245150724041483
alpaca_no_offset,2,in_vivo_clearance,11,0.11918501467098634,800,1.0014374205682899
alpaca,2,in_vivo_clearance,29,0.11592431555797962,400,1.0144876917031302
alpaca_no_offset,2,in_vivo_clearance,29,0.11714014088792415,400,0.9904049042609833
alpaca,2,in_vivo_clearance,47,0.11475940398454683,800,0.9993412718214101
alpaca_no_offset,2,in_vivo_clearance,47,0.11758164055102521,600,1.042736827213159
alpaca,2,protein_binding,11,0.10399380457471993,400,0.8026877473446121
alpaca_no_offset,2,protein_binding,11,0.10328937988682628,600,0.8029514451752513
alpaca,2,protein_binding,29,0.09106204804493948,1200,0.9735772790662427
alpaca_no_offset,2,protein_binding,29,0.09405647492250828,1200,0.839467605264095
alpaca,2,protein_binding,47,0.10764969993334203,400,0.8247305028032612
alpaca_no_offset,2,protein_binding,47,0.1086035414166363,400,0.7555681095336019
alpaca,2,cellular_clearance,11,0.11749044767888077,400,1.1344887522894083
alpaca_no_offset,2,cellular_clearance,11,0.12317151920797267,600,1.1495428704352872
alpaca,2,cellular_clearance,29,0.12479388784045473,800,1.1834910451526934
alpaca_no_offset,2,cellular_clearance,29,0.12986995926813802,1200,1.1451509142809706
alpaca,2,cellular_clearance,47,0.12117730879730586,600,1.1793460183127262
alpaca_no_offset,2,cellular_clearance,47,0.12853720158725718,1400,1.142905936814228
alpaca,2,permeability,11,0.11277384433307025,400,1.191269894097649
alpaca_no_offset,2,permeability,11,0.10076366371283392,1600,1.174610559269178
alpaca,2,permeability,29,0.11196701789644603,400,1.2023813973993256
alpaca_no_offset,2,permeability,29,0.11593685848492809,800,1.1557207106903138
alpaca,2,permeability,47,0.1134188210825616,400,1.1965040297090952
alpaca_no_offset,2,permeability,47,0.11636722133123262,800,1.185443963143205
alpaca,2,efflux,11,0.10670942183212377,200,1.6869515813923828
alpaca_no_offset,2,efflux,11,0.10843407055746877,400,1.6886191737236982
alpaca,2,efflux,29,0.10829733938258955,400,1.6099902708764686
alpaca_no_offset,2,efflux,29,0.10839787189425817,400,1.6800804797224167
alpaca,2,efflux,47,0.11050930187005154,400,1.759039127274728
alpaca_no_offset,2,efflux,47,0.11152474663606796,400,1.8197931592894259
alpaca,3,microsomal_clearance,11,0.13191723127161797,1800,1.1086612829795652
alpaca_no_offset,3,microsomal_clearance,11,0.13357363911093484,1800,1.0742711480548164
alpaca,3,microsomal_clearance,29,0.13119439159811402,1000,1.1059543453783347
alpaca_no_offset,3,microsomal_clearance,29,0.13585209873895474,1600,1.0450181935964051
alpaca,3,microsomal_clearance,47,0.12288883486024187,800,1.0706886103431432
alpaca_no_offset,3,microsomal_clearance,47,0.13338011869982191,2000,1.0793743805407552
alpaca,3,in_vivo_clearance,11,0.11619506803619767,600,1.4486022191331251
alpaca_no_offset,3,in_vivo_clearance,11,0.11865193179590157,600,1.4230079653969838
alpaca,3,in_vivo_clearance,29,0.10375376431775138,1200,1.5397357603749013
alpaca_no_offset,3,in_vivo_clearance,29,0.11688481128581901,600,1.4974060168570684
alpaca,3,in_vivo_clearance,47,0.11661403673610435,800,1.451084918570221
alpaca_no_offset,3,in_vivo_clearance,47,0.11111691736906223,1400,1.580336369363783
alpaca,3,protein_binding,11,0.1001585568899276,1000,0.8036658704120793
alpaca_no_offset,3,protein_binding,11,0.10141145253464076,1000,0.7771096340534278
alpaca,3,protein_binding,29,0.10322656476252558,800,0.8047158848847749
alpaca_no_offset,3,protein_binding,29,0.10873361938319291,600,0.82527177235849
alpaca,3,protein_binding,47,0.10273869774783372,800,0.796395078784178
alpaca_no_offset,3,protein_binding,47,0.08910630178963981,1400,0.8250468828331751
alpaca,3,cellular_clearance,11,0.1051977756360108,1000,1.044075174417208
alpaca_no_offset,3,cellular_clearance,11,0.1072652645859093,1000,0.9752183437612164
alpaca,3,cellular_clearance,29,0.10739969290184573,200,1.0407914556829736
alpaca_no_offset,3,cellular_clearance,29,0.1085779013657472,800,1.0440590087366024
alpaca,3,cellular_clearance,47,0.10811272222061086,600,1.037197891035575
alpaca_no_offset,3,cellular_clearance,47,0.10816973429414925,800,0.9994895745947795
alpaca,3,permeability,11,0.11447060409319182,600,1.2237573980896022
alpaca_no_offset,3,permeability,11,0.11448931203760195,1200,1.1746477896575818
alpaca,3,permeability,29,0.11223178555318777,400,1.2530721765346695
alpaca_no_offset,3,permeability,29,0.11491788414831626,400,1.2572165087121348
alpaca,3,permeability,47,0.11588168961434318,600,1.1580626769991356
alpaca_no_offset,3,permeability,47,0.11764534606072698,600,1.1330618908929388
alpaca,3,efflux,11,0.10975824764562278,400,1.5641152724386964
alpaca_no_offset,3,efflux,11,0.10651141475786405,800,1.4590876409732128
alpaca,3,efflux,29,0.10822264548781262,200,1.6032771207269403
alpaca_no_offset,3,efflux,29,0.10875480198292717,200,1.5815009342507267
alpaca,3,efflux,47,0.11054806275957817,400,1.472519322083751
alpaca_no_offset,3,efflux,47,0.11149174353613792,400,1.4697046102083908
alpaca,4,microsomal_clearance,11,0.12001336055761322,600,1.0066283129158282
alpaca_no_offset,4,microsomal_clearance,11,0.13035035435106132,2400,0.9984648808988044
alpaca,4,microsomal_clearance,29,0.11837798900193083,600,1.0177179228140323
alpaca_no_offset,4,microsomal_clearance,29,0.13111330191943094,1400,1.0015885229094992
alpaca,4,microsomal_clearance,47,0.1317667476826212,1800,1.00916238259965
alpaca_no_offset,4,microsomal_clearance,47,0.13252151528103054,1800,0.9953580552965664
alpaca,4,in_vivo_clearance,11,0.11053183396595938,200,1.580992897492841
alpaca_no_offset,4,in_vivo_clearance,11,0.11533232254489528,1200,1.572234142404723
alpaca,4,in_vivo_clearance,29,0.11596119176522764,800,1.5873042056568405
alpaca_no_offset,4,in_vivo_clearance,29,0.11838009008941429,600,1.5232562263709595
alpaca,4,in_vivo_clearance,47,0.11762940341339488,800,1.5811224166988804
alpaca_no_offset,4,in_vivo_clearance,47,0.11722269736812166,1000,1.611342382204723
alpaca,4,protein_binding,11,0.08706606360907783,1400,0.6397703194728075
alpaca_no_offset,4,protein_binding,11,0.09029830705529926,1400,0.5715994840350281
alpaca,4,protein_binding,29,0.08748973233043804,1200,0.6494181819629187
alpaca_no_offset,4,protein_binding,29,0.084943860310206,1400,0.5966016551196136
alpaca,4,protein_binding,47,0.09925934700082391,800,0.6305771121667316
alpaca_no_offset,4,protein_binding,47,0.09584271214743441,1200,0.5530037412836304
alpaca,4,cellular_clearance,11,0.1210237070343058,600,0.9019797788530859
alpaca_no_offset,4,cellular_clearance,11,0.12199288247436724,600,0.8632843987263206
alpaca,4,cellular_clearance,29,0.12043894423074307,600,0.9145577432064597
alpaca_no_offset,4,cellular_clearance,29,0.12451049305687358,1200,0.9019988304479771
alpaca,4,cellular_clearance,47,0.1232297866716897,1200,0.9188097973263019
alpaca_no_offset,4,cellular_clearance,47,0.12701340385300974,1200,0.9038214235307089
alpaca,4,permeability,11,0.11131346559597982,800,1.3931610815617375
alpaca_no_offset,4,permeability,11,0.10676814421547315,1200,1.4211582761616992
alpaca,4,permeability,29,0.11255271771507773,800,1.5365865257524414
alpaca_no_offset,4,permeability,29,0.11308691878459547,800,1.4520093577116415
alpaca,4,permeability,47,0.11140730473653504,600,1.5264366652231733
alpaca_no_offset,4,permeability,47,0.11177323226512513,600,1.513607898556736
alpaca,4,efflux,11,0.1082509676914837,200,1.6310849522063868
alpaca_no_offset,4,efflux,11,0.11068251686794164,400,1.6355280798388296
alpaca,4,efflux,29,0.10947363579003903,400,1.7411061905700087
alpaca_no_offset,4,efflux,29,0.11132460790249216,400,1.674515806169362
alpaca,4,efflux,47,0.10718265044935453,600,1.6582966218442787
alpaca_no_offset,4,efflux,47,0.10443868209296192,800,1.663846523411459
