endpoint,metric,cutoff,context_size,difference,lower,upper,valid_replicates,linked_groups,interpretation
microsomal_clearance,spearman,3,5.0,0.0020128003955267593,-0.016592448955980735,0.019138623563250915,4000,1724,without offset minus with offset
microsomal_clearance,nll,3,5.0,-0.004176681392285775,-0.015021881977130275,0.006769179375809843,4000,1724,without offset minus with offset
microsomal_clearance,coverage90,3,5.0,-0.0012199142762939763,-0.006570204145239189,0.0037968297746717758,4000,1724,without offset minus with offset
microsomal_clearance,width90,3,5.0,-0.01913718578255752,-0.025946680769206337,-0.011548432616350683,4000,1724,without offset minus with offset
microsomal_clearance,r2,3,5.0,0.006216345431103165,-0.005503067522241273,0.017333948595398278,4000,1724,without offset minus with offset
microsomal_clearance,top1,3,,-0.014504652435686882,-0.058596627220537253,0.028679938893651963,4000,1724,without offset minus with offset
microsomal_clearance,top2,3,,0.012725779967159179,-0.025852343750000003,0.046904718484897745,4000,1724,without offset minus with offset
microsomal_clearance,top3,3,,0.010810071154898848,-0.01969100756161037,0.03752273681332238,4000,1724,without offset minus with offset
microsomal_clearance,top4,3,,0.0019157088122605526,-0.0241744268748553,0.024457066962104767,4000,1724,without offset minus with offset
in_vivo_clearance,spearman,3,5.0,0.017844159199324028,-0.04353766796853758,0.09922684530816582,4000,1724,without offset minus with offset
in_vivo_clearance,nll,3,5.0,-0.017848697413149983,-0.07023404380942151,0.052174328496909735,4000,1724,without offset minus with offset
in_vivo_clearance,coverage90,3,5.0,0.012962962962962732,-0.000967281510759643,0.031429181929181975,4000,1724,without offset minus with offset
in_vivo_clearance,width90,3,5.0,-0.004590078142882925,-0.043198537917389965,0.025382428257407292,4000,1724,without offset minus with offset
in_vivo_clearance,r2,3,5.0,0.036517471453682115,-0.00946347792160283,0.09117626714391885,4000,1724,without offset minus with offset
in_vivo_clearance,top1,3,,-0.07122905027932935,-0.1569494047619049,-0.005786869781631497,4000,1724,without offset minus with offset
in_vivo_clearance,top2,3,,-0.034916201117318524,-0.0775591974938958,0.020025489866061907,4000,1724,without offset minus with offset
in_vivo_clearance,top3,3,,-0.016759776536312776,-0.05395990607893202,0.026019305826596062,4000,1724,without offset minus with offset
in_vivo_clearance,top4,3,,-0.020949720670391025,-0.05147205491239053,0.020070135936451062,4000,1724,without offset minus with offset
protein_binding,spearman,3,5.0,0.009134947811733296,-0.020593027259316467,0.062388609906560775,4000,1724,without offset minus with offset
protein_binding,nll,3,5.0,0.01578229325378544,-0.014465802615384696,0.07912266812133278,4000,1724,without offset minus with offset
protein_binding,coverage90,3,5.0,-0.00012554927809160787,-0.011112550374208474,0.00722896878519379,4000,1724,without offset minus with offset
protein_binding,width90,3,5.0,-0.0006379981072426322,-0.014046964538064505,0.0174972287219616,4000,1724,without offset minus with offset
protein_binding,r2,3,5.0,-0.014751505327359138,-0.06656982949348535,0.057746322708383015,4000,1724,without offset minus with offset
protein_binding,top1,3,,-0.015625,-0.05198681318681288,0.042273438701738164,4000,1724,without offset minus with offset
protein_binding,top2,3,,-0.013920454545454541,-0.035502990638002795,0.01862124892387179,4000,1724,without offset minus with offset
protein_binding,top3,3,,-0.00454545454545463,-0.021739130434782594,0.015523510959211785,4000,1724,without offset minus with offset
protein_binding,top4,3,,0.005113636363636376,-0.0071669549177261855,0.027625624219725343,4000,1724,without offset minus with offset
cellular_clearance,spearman,3,5.0,0.020198134536830115,-0.016436843270201923,0.0596970639229222,4000,1724,without offset minus with offset
cellular_clearance,nll,3,5.0,-0.024664807722501236,-0.06679965926553008,0.005121050290210747,4000,1724,without offset minus with offset
cellular_clearance,coverage90,3,5.0,0.008602150537634357,-0.0014819819819819194,0.020012364545102284,4000,1724,without offset minus with offset
cellular_clearance,width90,3,5.0,0.018976566766250702,0.0010752204151720569,0.032538052210963155,4000,1724,without offset minus with offset
cellular_clearance,r2,3,5.0,0.02311215322368354,-0.005080976570555765,0.05392837129947719,4000,1724,without offset minus with offset
cellular_clearance,top1,3,,-0.056774809160305306,-0.16280190709631118,0.017832242011524512,4000,1724,without offset minus with offset
cellular_clearance,top2,3,,-0.04914122137404564,-0.13342337820426686,0.004360814749830087,4000,1724,without offset minus with offset
cellular_clearance,top3,3,,-0.03816793893129766,-0.11838825958311254,0.009981107244946098,4000,1724,without offset minus with offset
cellular_clearance,top4,3,,-0.05438931297709926,-0.13235294117647056,-0.009387155718677459,4000,1724,without offset minus with offset
permeability,spearman,3,5.0,-0.015714828234915046,-0.04417488833239532,0.011205052392136317,4000,1724,without offset minus with offset
permeability,nll,3,5.0,0.012517618261119745,-0.013891343572133646,0.03998507604019835,4000,1724,without offset minus with offset
permeability,coverage90,3,5.0,-0.00522222222222235,-0.016666666666666392,0.005443608419798817,4000,1724,without offset minus with offset
permeability,width90,3,5.0,-0.0034228175555233165,-0.0190876426657072,0.011805050433068473,4000,1724,without offset minus with offset
permeability,r2,3,5.0,-0.004016392787483114,-0.023442579443331692,0.013313331011202715,4000,1724,without offset minus with offset
permeability,top1,3,,0.09253875968992231,-0.02761612127791577,0.2026107324352669,4000,1724,without offset minus with offset
permeability,top2,3,,0.014050387596899139,-0.0877428209459459,0.10056460244648338,4000,1724,without offset minus with offset
permeability,top3,3,,0.019379844961240345,-0.049735948395687554,0.0801146203627745,4000,1724,without offset minus with offset
permeability,top4,3,,-0.012112403100775215,-0.06750129907621248,0.03642444295526885,4000,1724,without offset minus with offset
efflux,spearman,3,5.0,-0.006317109634004114,-0.04127250317734343,0.02657181110350057,4000,1724,without offset minus with offset
efflux,nll,3,5.0,-0.009433754030559127,-0.03837933846207312,0.022812178015298338,4000,1724,without offset minus with offset
efflux,coverage90,3,5.0,-0.008792965627498206,-0.021467482993197333,0.003805587063374373,4000,1724,without offset minus with offset
efflux,width90,3,5.0,-0.0025693491461276086,-0.02042853475246359,0.015333313118841752,4000,1724,without offset minus with offset
efflux,r2,3,5.0,0.009475415938180909,-0.02473738315688418,0.05701259555675866,4000,1724,without offset minus with offset
efflux,top1,3,,-0.007331378299120228,-0.09971386781470773,0.08209088486140738,4000,1724,without offset minus with offset
efflux,top2,3,,0.06085043988269767,-0.007951210405667984,0.1427277028964725,4000,1724,without offset minus with offset
efflux,top3,3,,0.013929618768328433,-0.04884190634520248,0.0962789467719391,4000,1724,without offset minus with offset
efflux,top4,3,,-0.0029325513196480912,-0.041669776119403056,0.04021930560214696,4000,1724,without offset minus with offset
macro,spearman,3,5.0,0.0045263506790825065,-0.011119818467126624,0.0255326679946821,4000,1724,without offset minus with offset
macro,nll,3,5.0,-0.0046373381739318225,-0.019055761429439672,0.01530409873471212,4000,1724,without offset minus with offset
macro,coverage90,3,5.0,0.0010340770160818247,-0.003414284790609661,0.005461448420609774,4000,1724,without offset minus with offset
macro,width90,3,5.0,-0.0018968103280138833,-0.010611654182632489,0.005422946323666755,4000,1724,without offset minus with offset
macro,r2,3,5.0,0.009425581321967913,-0.005991933907315313,0.028762004707316803,4000,1724,without offset minus with offset
macro,top1,3,,-0.012154355080753243,-0.047521657002345515,0.01557695900449313,4000,1724,without offset minus with offset
macro,top2,3,,-0.0017252115983437861,-0.02919405414095746,0.02256921202541937,4000,1724,without offset minus with offset
macro,top3,3,,-0.0025589391880995738,-0.024878734886635886,0.01637132999700867,4000,1724,without offset minus with offset
macro,top4,3,,-0.013892440482002777,-0.030848784432433256,0.0004938997103961815,4000,1724,without offset minus with offset
microsomal_clearance,spearman,15,5.0,-0.0120804849860347,-0.03292399218741125,0.011210059596688457,4000,283,without offset minus with offset
microsomal_clearance,nll,15,5.0,-0.0018422137795832683,-0.013882988226780163,0.009478472553433698,4000,283,without offset minus with offset
microsomal_clearance,coverage90,15,5.0,-0.0030010718113612223,-0.00934966660817681,0.0031534203695221456,4000,283,without offset minus with offset
microsomal_clearance,width90,15,5.0,-0.01969627720808287,-0.028755501983284793,-0.010113329692138778,4000,283,without offset minus with offset
microsomal_clearance,r2,15,5.0,-0.0018871941052800434,-0.014889777046260502,0.013661244330145216,4000,283,without offset minus with offset
microsomal_clearance,top1,15,,0.03456591639871309,-0.17469983741193099,0.2159947482864826,4000,283,without offset minus with offset
microsomal_clearance,top2,15,,0.092443729903537,-0.0979148856763723,0.2530047872340427,4000,283,without offset minus with offset
microsomal_clearance,top3,15,,0.054662379421221985,-0.10300597165991879,0.18611133017875897,4000,283,without offset minus with offset
microsomal_clearance,top4,15,,0.016881028938906528,-0.12179545454545455,0.1280516748996603,4000,283,without offset minus with offset
in_vivo_clearance,spearman,15,5.0,-0.11508659450695048,-0.18831309030058513,0.0027958183000591904,4000,283,without offset minus with offset
in_vivo_clearance,nll,15,5.0,0.011237421281948379,-0.05227732547004602,0.07790788537246728,4000,283,without offset minus with offset
in_vivo_clearance,coverage90,15,5.0,0.01000000000000012,-0.01904761904761898,0.056678571428571335,4000,283,without offset minus with offset
in_vivo_clearance,width90,15,5.0,-0.0463285480281066,-0.09627976815739872,-0.01000462159157592,4000,283,without offset minus with offset
in_vivo_clearance,r2,15,5.0,-0.02389297932310208,-0.08384327529599657,0.024363393068464134,4000,283,without offset minus with offset
in_vivo_clearance,top1,15,,-0.625,-2.2765507518796992,0.375,4000,283,without offset minus with offset
in_vivo_clearance,top2,15,,0.0625,-0.40629111842105264,0.7666666666666666,4000,283,without offset minus with offset
in_vivo_clearance,top3,15,,0.07500000000000018,-0.45372474747474745,1.0,4000,283,without offset minus with offset
in_vivo_clearance,top4,15,,-0.5,-0.9539768893387315,0.1071428571428572,4000,283,without offset minus with offset
protein_binding,spearman,15,5.0,-0.00033157332704814024,-0.027028394771162163,0.03527703190053229,4000,283,without offset minus with offset
protein_binding,nll,15,5.0,-0.04315220751703319,-0.10954511666241279,0.0290560312165588,4000,283,without offset minus with offset
protein_binding,coverage90,15,5.0,0.00454545454545463,-0.009723069105691234,0.018666666666666616,4000,283,without offset minus with offset
protein_binding,width90,15,5.0,0.011940258210681787,-0.007137029986371107,0.0255899049607784,4000,283,without offset minus with offset
protein_binding,r2,15,5.0,-0.05405953371566796,-0.09778603328553989,0.0304718650953579,4000,283,without offset minus with offset
protein_binding,top1,15,,-0.29545454545454497,-0.6583333333333332,-0.03571428571428559,4000,283,without offset minus with offset
protein_binding,top2,15,,0.08522727272727293,-0.14025342987804867,0.2760485197368424,4000,283,without offset minus with offset
protein_binding,top3,15,,-0.05113636363636376,-0.17647058823529393,0.0625,4000,283,without offset minus with offset
protein_binding,top4,15,,-0.05113636363636376,-0.14516597899474878,0.0875302419354839,4000,283,without offset minus with offset
cellular_clearance,spearman,15,5.0,0.021417679627532327,-0.02903459049499824,0.0677086146477473,4000,283,without offset minus with offset
cellular_clearance,nll,15,5.0,5.12541227015717e-06,-0.026410424754749067,0.023686730130633226,4000,283,without offset minus with offset
cellular_clearance,coverage90,15,5.0,-0.0008438818565400519,-0.013930348258706426,0.013027946810908252,4000,283,without offset minus with offset
cellular_clearance,width90,15,5.0,0.010534804559019673,-0.010290638625097513,0.026741118471373646,4000,283,without offset minus with offset
cellular_clearance,r2,15,5.0,0.012800809496363419,-0.01538495156376196,0.04972880087240404,4000,283,without offset minus with offset
cellular_clearance,top1,15,,-0.05063291139240533,-0.4931529988893004,0.30647162029056907,4000,283,without offset minus with offset
cellular_clearance,top2,15,,-0.08227848101265822,-0.4076973684210521,0.19059337684679228,4000,283,without offset minus with offset
cellular_clearance,top3,15,,-0.16772151898734133,-0.5065880847953214,0.10578304597701117,4000,283,without offset minus with offset
cellular_clearance,top4,15,,-0.221518987341772,-0.5595708020050127,0.03127320544554465,4000,283,without offset minus with offset
permeability,spearman,15,5.0,0.0026439956437546708,-0.03391491122827906,0.04288629578246579,4000,283,without offset minus with offset
permeability,nll,15,5.0,0.0011070238749804062,-0.05700549655252167,0.048693401314654855,4000,283,without offset minus with offset
permeability,coverage90,15,5.0,-0.008333333333333304,-0.025317347120699118,0.007650273224043769,4000,283,without offset minus with offset
permeability,width90,15,5.0,-0.0074750512109147405,-0.033571448036988,0.017530825335327113,4000,283,without offset minus with offset
permeability,r2,15,5.0,-0.001048248195948176,-0.03194736636172381,0.03418029791436276,4000,283,without offset minus with offset
permeability,top1,15,,0.6423611111111116,-0.1866145235361651,1.3623442028985515,4000,283,without offset minus with offset
permeability,top2,15,,0.21180555555555536,-0.4594594594594592,0.8208371913580242,4000,283,without offset minus with offset
permeability,top3,15,,0.15625,-0.2640845070422535,0.5538513513513512,4000,283,without offset minus with offset
permeability,top4,15,,0.09375,-0.228270811240721,0.3984375,4000,283,without offset minus with offset
efflux,spearman,15,5.0,0.013362983878376256,-0.033123070268225384,0.055772145095352714,4000,283,without offset minus with offset
efflux,nll,15,5.0,-0.030929093932697604,-0.06195424889373734,0.0042034269073133335,4000,283,without offset minus with offset
efflux,coverage90,15,5.0,0.006172839506172756,-0.015151515151515142,0.02608695652173898,4000,283,without offset minus with offset
efflux,width90,15,5.0,-0.0034270013493682416,-0.03523952735986773,0.02495847269984171,4000,283,without offset minus with offset
efflux,r2,15,5.0,0.050483289528806985,-0.006923430739990984,0.12777704572994958,4000,283,without offset minus with offset
efflux,top1,15,,-0.06481481481481488,-0.4569148158971361,0.3641417572463766,4000,283,without offset minus with offset
efflux,top2,15,,0.24074074074074092,-0.11276737967914441,0.6644811602870812,4000,283,without offset minus with offset
efflux,top3,15,,0.21296296296296324,-0.14288740920096846,0.6273200757575761,4000,283,without offset minus with offset
efflux,top4,15,,0.10185185185185164,-0.09003174603174588,0.2991294642857143,4000,283,without offset minus with offset
macro,spearman,15,5.0,-0.01501233227839501,-0.033485841279912436,0.011192101965488725,4000,283,without offset minus with offset
macro,nll,15,5.0,-0.010595657443352521,-0.02706914472862585,0.01113116783806681,4000,283,without offset minus with offset
macro,coverage90,15,5.0,0.0014233345083988214,-0.004729113618849618,0.010196410610782233,4000,283,without offset minus with offset
macro,width90,15,5.0,-0.009075302504461832,-0.02161918462491875,0.000528643931146535,4000,283,without offset minus with offset
macro,r2,15,5.0,-0.00293397605247131,-0.021322918482805358,0.024948081349836962,4000,283,without offset minus with offset
macro,top1,15,,-0.059829207358656745,-0.4233305098432792,0.20063323383900156,4000,283,without offset minus with offset
macro,top2,15,,0.10173980298574133,-0.056442662360688144,0.2613824641541227,4000,283,without offset minus with offset
macro,top3,15,,0.04666957662674672,-0.08550640865665284,0.22389254251420418,4000,283,without offset minus with offset
macro,top4,15,,-0.09336207836456294,-0.17882325410276168,0.022049238093054997,4000,283,without offset minus with offset
