comparison,metric,difference,lower,upper,pools,endpoints,bootstrap_repeats
"gp_linear minus previous_gp, k=0",rho,0.09467605538123573,0.044719227646256604,0.14321026109739726,580,6,2000
"gp_linear minus previous_delta, k=0",rho,0.01166668917891109,-0.02267753286412055,0.04390109357205935,580,6,2000
"gp_linear minus fnn, k=0",rho,0.012598444401786047,-0.013774572232001235,0.036396018247139096,580,6,2000
"gp_linear minus previous_gp, k=9",rho,0.13311838243409782,0.09934770054846315,0.16502511393795366,580,6,2000
"gp_linear minus previous_delta, k=9",rho,0.18256471887170775,0.14163662308359015,0.22077064971160226,580,6,2000
"gp_linear minus fnn, k=9",rho,0.18349647409458272,0.14707604561730958,0.2159201985562763,580,6,2000
gp_linear: k=9 minus k=0,rho,0.17089802969279666,0.13801006692520443,0.20353393923795407,580,6,2000
"gp_neural_mean minus previous_gp, k=0",rho,0.10319914063779113,0.05527656400707143,0.15170584004104884,580,6,2000
"gp_neural_mean minus previous_delta, k=0",rho,0.020189774435466486,-0.013621490130314913,0.05337162814753187,580,6,2000
"gp_neural_mean minus fnn, k=0",rho,0.021121529658341454,0.0020723622629119027,0.03837485987439869,580,6,2000
"gp_neural_mean minus gp_linear, k=0",rho,0.008523085256555407,-0.02052684853109395,0.03738655936690701,580,6,2000
"gp_neural_mean minus previous_gp, k=9",rho,0.13479521567458,0.09717930366107731,0.17089156713091824,580,6,2000
"gp_neural_mean minus previous_delta, k=9",rho,0.18424155211218995,0.1392023009956884,0.22560413880764604,580,6,2000
"gp_neural_mean minus fnn, k=9",rho,0.18517330733506496,0.1469004396642198,0.21963103481693474,580,6,2000
"gp_neural_mean minus gp_linear, k=9",rho,0.0016768332404822096,-0.015123857730406176,0.01819230349280575,580,6,2000
gp_neural_mean: k=9 minus k=0,rho,0.16405177767672344,0.13072090417231041,0.19517574132089263,580,6,2000
"gp_deep_kernel minus previous_gp, k=0",rho,0.11205409888290208,0.056859972342738825,0.15997038730713747,580,6,2000
"gp_deep_kernel minus previous_delta, k=0",rho,0.029044732680577418,-0.00788336744833236,0.06046865583631939,580,6,2000
"gp_deep_kernel minus fnn, k=0",rho,0.02997648790345238,0.0006710226495217517,0.054439132925055346,580,6,2000
"gp_deep_kernel minus gp_linear, k=0",rho,0.017378043501666333,-0.004601271810030727,0.038704949070879575,580,6,2000
"gp_deep_kernel minus previous_gp, k=9",rho,0.11792122084512653,0.07903504336593282,0.15225427398113098,580,6,2000
"gp_deep_kernel minus previous_delta, k=9",rho,0.16736755728273653,0.12201802719799984,0.20878817051086718,580,6,2000
"gp_deep_kernel minus fnn, k=9",rho,0.16829931250561145,0.1272733175087629,0.20548650036282287,580,6,2000
"gp_deep_kernel minus gp_linear, k=9",rho,-0.01519716158897126,-0.03306936907142699,0.0016427323719026335,580,6,2000
gp_deep_kernel: k=9 minus k=0,rho,0.13832282460215906,0.10662506925590551,0.16941859446558247,580,6,2000
"gp_both minus previous_gp, k=0",rho,0.1261285761875071,0.07665312120848766,0.17408214118199705,580,6,2000
"gp_both minus previous_delta, k=0",rho,0.04311920998518245,0.007918525786252692,0.07840204503032061,580,6,2000
"gp_both minus fnn, k=0",rho,0.04405096520805742,0.017633876568766974,0.06764261157262386,580,6,2000
"gp_both minus gp_linear, k=0",rho,0.03145252080627137,-0.00030783259365658354,0.06457202222102376,580,6,2000
"gp_both minus previous_gp, k=9",rho,0.1062346168523612,0.06919799459249884,0.14126503883819683,580,6,2000
"gp_both minus previous_delta, k=9",rho,0.15568095328997114,0.1118173299998317,0.19711095558626623,580,6,2000
"gp_both minus fnn, k=9",rho,0.15661270851284612,0.11456871600018692,0.19312220687519185,580,6,2000
"gp_both minus gp_linear, k=9",rho,-0.026883765581736593,-0.04542088569632031,-0.009579944561354107,580,6,2000
gp_both: k=9 minus k=0,rho,0.1125617433047887,0.07934667520126219,0.1438519344548341,580,6,2000
"gp_both minus gp_neural_mean, k=9",rho,-0.028560598822218803,-0.047998336590861265,-0.00919025771675319,580,6,2000
"gp_both minus gp_deep_kernel, k=9",rho,-0.011686603992765332,-0.028551708196519275,0.0035628899944328525,580,6,2000
"gp_both minus fnn_ridge, k=9",rho,0.15448740302784544,0.11275345507080403,0.19071904048344018,580,6,2000
"gp_both minus memory, k=9",rho,0.13651459709760452,0.106760070190303,0.16587370878366237,580,6,2000
"gp_both minus residual_memory, k=9",rho,0.14006978601370254,0.09898214304323605,0.17492941537172188,580,6,2000
"gp_both minus previous_delta_anchor, k=9",rho,0.1515502597542395,0.10680893220360625,0.19194887439769742,580,6,2000
"gp_linear minus previous_gp, k=0",r2,1.5000226416816245,1.206133508496561,1.9290433957996262,580,6,2000
"gp_linear minus previous_delta, k=0",r2,0.1144029726302766,0.06745836977935779,0.15782194724199258,580,6,2000
"gp_linear minus fnn, k=0",r2,0.0441747605543957,0.008205428182101744,0.07554717389473321,580,6,2000
"gp_linear minus previous_gp, k=9",r2,0.4946023610666231,0.4166948698114433,0.6114590961040196,580,6,2000
"gp_linear minus previous_delta, k=9",r2,0.6120482781497985,0.5557809707957677,0.6806401776921074,580,6,2000
"gp_linear minus fnn, k=9",r2,0.541820066073406,0.5067602657882387,0.58399925861526,580,6,2000
gp_linear: k=9 minus k=0,r2,0.49764530551952185,0.4577820365130033,0.5484488396520141,580,6,2000
"gp_neural_mean minus previous_gp, k=0",r2,1.4460994486341239,1.1571707927326498,1.8761461148451521,580,6,2000
"gp_neural_mean minus previous_delta, k=0",r2,0.060479779582775894,0.01329058697566611,0.10360247778763505,580,6,2000
"gp_neural_mean minus fnn, k=0",r2,-0.009748432493104987,-0.03869184532515511,0.013917611477504418,580,6,2000
"gp_neural_mean minus gp_linear, k=0",r2,-0.053923193047500685,-0.08243322948211437,-0.026386734137231756,580,6,2000
"gp_neural_mean minus previous_gp, k=9",r2,0.48729408308206074,0.4071619295253661,0.6048038639329884,580,6,2000
"gp_neural_mean minus previous_delta, k=9",r2,0.6047400001652363,0.5472213607870356,0.6726272697902526,580,6,2000
"gp_neural_mean minus fnn, k=9",r2,0.5345117880888438,0.5004640218085644,0.5762093980086936,580,6,2000
"gp_neural_mean minus gp_linear, k=9",r2,-0.007308277984562239,-0.015826766811381315,0.0009625918056143282,580,6,2000
gp_neural_mean: k=9 minus k=0,r2,0.5442602205824604,0.5112945132625675,0.5911634885374148,580,6,2000
"gp_deep_kernel minus previous_gp, k=0",r2,1.5257939274192802,1.2279248841551242,1.9754934365169035,580,6,2000
"gp_deep_kernel minus previous_delta, k=0",r2,0.14017425836793254,0.09711783494815328,0.19028690782942828,580,6,2000
"gp_deep_kernel minus fnn, k=0",r2,0.06994604629205166,0.04220027244801094,0.10295610417242276,580,6,2000
"gp_deep_kernel minus gp_linear, k=0",r2,0.025771285737655955,0.002146638866155034,0.05723334798801075,580,6,2000
"gp_deep_kernel minus previous_gp, k=9",r2,0.46502818507306615,0.3848288624035702,0.583861114636168,580,6,2000
"gp_deep_kernel minus previous_delta, k=9",r2,0.5824741021562415,0.5238953020062336,0.6539319773635442,580,6,2000
"gp_deep_kernel minus fnn, k=9",r2,0.5122458900798491,0.4755184642622728,0.5602575728626954,580,6,2000
"gp_deep_kernel minus gp_linear, k=9",r2,-0.029574175993556943,-0.039831355748284204,-0.016548913326584563,580,6,2000
gp_deep_kernel: k=9 minus k=0,r2,0.442299843788309,0.41066537757762556,0.4834585172481256,580,6,2000
"gp_both minus previous_gp, k=0",r2,1.505861119097596,1.2086468050322048,1.9463483706268836,580,6,2000
"gp_both minus previous_delta, k=0",r2,0.12024145004624794,0.06935996604781731,0.17156443357160528,580,6,2000
"gp_both minus fnn, k=0",r2,0.050013237970367046,0.016731139802160837,0.08134455312560385,580,6,2000
"gp_both minus gp_linear, k=0",r2,0.005838477415971347,-0.024878393970259503,0.03844661437235585,580,6,2000
"gp_both minus previous_gp, k=9",r2,0.4647345794302358,0.3826566387829648,0.5801827011470881,580,6,2000
"gp_both minus previous_delta, k=9",r2,0.5821804965134111,0.5240268305818593,0.648942057248501,580,6,2000
"gp_both minus fnn, k=9",r2,0.5119522844370188,0.47386769076522095,0.5528361269236234,580,6,2000
"gp_both minus gp_linear, k=9",r2,-0.029867781636387272,-0.043501439649891685,-0.01986765030861848,580,6,2000
gp_both: k=9 minus k=0,r2,0.4619390464671633,0.4317688069854598,0.5009995687151881,580,6,2000
"gp_both minus gp_neural_mean, k=9",r2,-0.02255950365182503,-0.03484468945905988,-0.01262331963724512,580,6,2000
"gp_both minus gp_deep_kernel, k=9",r2,-0.00029360564283032153,-0.018409507048484666,0.011834807413250215,580,6,2000
"gp_both minus fnn_ridge, k=9",r2,0.08113410932560355,0.05489839138141454,0.10442729989762477,580,6,2000
"gp_both minus memory, k=9",r2,0.11656767972215408,0.09080035766644044,0.13951452642852794,580,6,2000
"gp_both minus residual_memory, k=9",r2,0.08149166814910068,0.05545536131818013,0.10460900944107476,580,6,2000
"gp_both minus previous_delta_anchor, k=9",r2,0.13287755209117386,0.10436003027291632,0.1633485537672049,580,6,2000
