study,status,conclusion,reproduction,evidence_files,historical_source_files
acquisition_experiment,archived_results,,Saved evidence/index regeneration; original source locations and hashes retained,4,8
acquisition_fivefold,source_or_design_record,,Saved evidence/index regeneration; original source locations and hashes retained,5,39
alpaca_offset_ablation,archived_results,,scripts/run_benchmark.py; alpaca_no_offset condition,5,5
assay_overlap,archived_results,,Saved evidence/index regeneration; original source locations and hashes retained,3,2
batch_subset_selection,archived_results,,scripts/run_batch_comparison.py,5,11
batch_transformer_relations,archived_results,,Saved evidence/index regeneration; original source locations and hashes retained,5,6
centered_kernel_factorial,archived_results,,Saved evidence/index regeneration; original source locations and hashes retained,5,4
delta_acquisition_experiment,archived_results,,Saved evidence/index regeneration; original source locations and hashes retained,4,18
from_scratch_mean_kernel,archived_results,,scripts/run_reference_ablations.py,5,8
gp_auxiliary_weight_search,archived_results,,Saved evidence/index regeneration; original source locations and hashes retained,5,5
joint_gp_ppo,archived_results,,Saved evidence/index regeneration; original source locations and hashes retained,6,4
kernel_variance_option2,archived_results,,Saved evidence/index regeneration; original source locations and hashes retained,6,6
kernel_weighted_mean,archived_results,,Saved evidence/index regeneration; original source locations and hashes retained,5,5
local_series_learning,archived_results,,scripts/run_local_adaptation.py; current-checkpoint fixed-query diagnostics,7,9
meta_learning_benchmark,benchmark_with_incomplete_maml_conditions,,scripts/run_benchmark.py,8,10
meta_learning_benchmark_design,source_or_design_record,,Saved evidence/index regeneration; original source locations and hashes retained,1,0
model_architecture_explanation,source_or_design_record,,Saved evidence/index regeneration; original source locations and hashes retained,1,1
multi_endpoint_acquisition,source_or_design_record,,Saved evidence/index regeneration; original source locations and hashes retained,3,11
multi_reference_mean,archived_results,,Saved evidence/index regeneration; original source locations and hashes retained,5,8
multitask_acquisition,archived_results,,Saved evidence/index regeneration; original source locations and hashes retained,4,11
multitask_mean_kernel_search,archived_results,,Saved evidence/index regeneration; original source locations and hashes retained,6,13
nap_acquisition_metrics,archived_results,,Saved evidence/index regeneration; original source locations and hashes retained,5,8
nap_distance_context,archived_results,,Saved evidence/index regeneration; original source locations and hashes retained,5,7
nap_ei_inputs_k1,archived_results,,Saved evidence/index regeneration; original source locations and hashes retained,5,4
nap_multitask_crossfit,source_or_design_record,,Saved evidence/index regeneration; original source locations and hashes retained,3,17
nap_multitask_delta_gp,focused_predictor_screen_only,,Saved evidence/index regeneration; original source locations and hashes retained,0,8
nap_multitask_expert_distribution,validation_pilot_not_promoted,,Saved evidence/index regeneration; original source locations and hashes retained,1,8
nap_multitask_mixture,source_or_design_record,,Saved evidence/index regeneration; original source locations and hashes retained,0,4
nap_multitask_ordinal,source_or_design_record,,Saved evidence/index regeneration; original source locations and hashes retained,0,4
nap_multitask_private_gate,source_or_design_record,,Saved evidence/index regeneration; original source locations and hashes retained,0,7
nap_multitask_recovery,source_or_design_record,,Saved evidence/index regeneration; original source locations and hashes retained,3,15
nap_phi_features_k1,archived_results,,Saved evidence/index regeneration; original source locations and hashes retained,5,4
nap_phi_ppo_k1,archived_results,,Saved evidence/index regeneration; original source locations and hashes retained,5,4
nap_policy_optimization,archived_results,,scripts/run_policy_comparison.py; common-protocol PPO/TRPO/DPO plus new GRPO,5,9
nap_selection_prior,source_or_design_record,,Saved evidence/index regeneration; original source locations and hashes retained,0,3
nap_set_context,archived_results,,Saved evidence/index regeneration; original source locations and hashes retained,7,10
nap_species_ei_factorial,archived_results,,Saved evidence/index regeneration; original source locations and hashes retained,5,10
nap_topk_auxiliary,archived_results,,Saved evidence/index regeneration; original source locations and hashes retained,5,10
neural_acquisition_refinement,archived_results,,Saved evidence/index regeneration; original source locations and hashes retained,5,6
neural_ei_acquisition,archived_results,,Saved evidence/index regeneration; original source locations and hashes retained,4,4
neural_latent_acquisition,archived_results,,scripts/run_acquisition_feature_comparison.py,5,7
neural_uncertainty,archived_results,,Saved evidence/index regeneration; original source locations and hashes retained,4,7
neural_uncertainty_k1,archived_results,,Saved evidence/index regeneration; original source locations and hashes retained,6,4
new_nap_greedy_diagnostics,source_or_design_record,,Saved evidence/index regeneration; original source locations and hashes retained,3,8
pair_memory_benchmark,archived_results,,Saved evidence/index regeneration; original source locations and hashes retained,7,18
project_summary,source_or_design_record,,Saved evidence/index regeneration; original source locations and hashes retained,3,2
species_multitask_nap,source_or_design_record,,Saved evidence/index regeneration; original source locations and hashes retained,5,10
species_nap_ei_inputs,archived_results,,Saved evidence/index regeneration; original source locations and hashes retained,8,9
top_removal_augmentation,archived_results,,scripts/run_augmentation_analyses.py; new current-protocol replication,5,9
value_acquisition,archived_results,,Saved evidence/index regeneration; original source locations and hashes retained,6,9
value_all_endpoints,archived_results,,Saved evidence/index regeneration; original source locations and hashes retained,5,9
value_all_methods,archived_results,,Saved evidence/index regeneration; original source locations and hashes retained,6,12
acquisition_fivefold_microsomal_stability,source_or_design_record,,Saved evidence/index regeneration; original source locations and hashes retained,4,0
acquisition_fivefold_initial_hit_sensitivity,archived_results,,scripts/run_augmentation_analyses.py; new current-protocol replication,4,0
acquisition_fivefold_lower_half_multihit_augmentation,archived_results,,scripts/run_augmentation_analyses.py; new current-protocol replication,5,0
pair_memory_benchmark_deep_gp,archived_results,,scripts/run_kernel_comparison.py; new current-protocol kernel comparison,7,0
pair_memory_benchmark_kernel_remapping,archived_results,,"scripts/run_kernel_comparison.py; selected valid kernels, not the entire historical grid",7,12
pair_memory_benchmark_morgan_metrics,archived_results,,Saved evidence/index regeneration; original source locations and hashes retained,7,11
multi_reference_mean_consistent_residuals,archived_results,,Saved evidence/index regeneration; original source locations and hashes retained,4,0
meta_learning_benchmark_recovery,source_or_design_record,,Saved evidence/index regeneration; original source locations and hashes retained,1,3
pair_memory_benchmark_morgan_metrics_direct_extension,archived_results,,Saved evidence/index regeneration; original source locations and hashes retained,7,9
checkpoint_1,source_or_design_record,,Saved evidence/index regeneration; original source locations and hashes retained,1,3
